Multiple size <= 100
OK
Multiple size <= 500
TEST 1 ARG:72 101 -153 -29 171 135 -239 186 1 201 -182 -204 76 190 -78 -47 92 57 -38 213 173 128 161 -151 -113 131 192 202 -79 43 -21 204 136 -46 -82 -246 110 -25 4 158 -160 25 40 244 -13 -101 31 125 -183 -176 198 129 -98 170 -84 -205 167 -48 115 226 183 114 99 -43 116 -229 -179 -116 -6 -56 119 -136 36 182 93 -144 -128 -146 -175 -212 -61 65 108 184 -193 90 -135 -16 -130 209 44 -74 193 176 -85 -186 34 223 -111 218 54 -248 -173 70 80 24 95 -218 112 -133 237 -209 227 98 -181 132 -112 42 -224 -23 -190 -178 -210 23 -125 127 -242 -198 -227 -157 18 220 -26 236 124 -238 120 -81 -55 46 32 -67 82 144 -149 -37 -162 -45 13 -150 -203 63 -142 -243 153 6 -96 -103 64 39 -200 234 189 243 -250 -51 -57 -140 -202 -222 -244 247 -17 106 -117 229 -219 8 -19 21 51 47 133 145 22 -18 -138 232 -180 -1 81 196 86 105 104 154 -69 62 3 -129 -166 -232 -124 -32 33 -159 162 17 206 -107 -127 48 -177 152 134 -154 -207 100 178 -122 37 84 -4 -167 -83 -197 75 74 208 123 19 20 -71 166 15 249 210 113 150 56 222 157 -121 122 -72 60 224 126 50 -225 146 -60 -131 89 -59 -44 9 -80 -216 -189 -172 217 -249 -8 12 200 240 -143 -65 -223 -104 248 -206 59 -199 79 215 230 -58 155 -147 -99 -155 239 27 -68 26 -14 -134 68 212 -15 245 -64 -106 -5 165 -169 188 -174 185 180 197 195 -63 -114 -40 -194 10 138 58 -94 -148 -145 -24 -234 -86 -105 191 -109 -137 137 -27 -11 179 -165 41 -226 -214 194 -233 118 -235 147 -187 -237 -241 -50 -88 169 -156 87 -118 -12 187 38 91 -240 -231 168 -164 71 -195 238 0 35 94 -90 -53 219 109 -91 159 231 85 -22 -39 151 -211 -230 102 -28 73 -97 199 -152 -95 141 -163 130 -9 107 -36 143 -228 -221 -201 -77 -132 174 -42 53 -35 -41 228 -70 2 -2 -49 16 175 5 -185 -188 -170 78 -75 -102 164 -7 77 -108 -92 221 83 149 66 -3 -20 -215 -139 -191 117 225 -100 235 233 -87 28 -123 -245 -196 -120 -208 142 163 -141 214 -73 246 96 55 49 -171 205 69 -31 103 241 11 203 -110 -213 88 207 -93 148 -30 242 -66 29 45 -247 -10 -161 30 -89 -54 -168 -34 -217 -62 -192 97 -158 -115 140 -119 -126 -184 61 7 216 -76 211 139 156 181 -220 172 -33 177 160 52 121 111 -52 -236 14 67 
TEST 2 ARG:-99 44 88 -53 139 -224 -120 229 -115 -114 -17 -52 202 120 -170 -103 -90 -140 -223 -233 189 -244 -123 97 -214 -102 218 -118 126 76 -124 -172 -139 -63 123 -36 -81 -45 -202 4 -185 222 237 115 146 -108 48 49 -161 128 -215 -130 175 1 -235 -1 -250 85 -177 -171 220 -212 100 -125 12 -229 -73 -46 170 11 -62 127 163 -225 -237 168 10 40 89 -234 -37 84 -4 -126 81 -245 42 -137 -180 70 -147 -132 169 31 -184 -12 129 -199 -94 -195 -220 -211 160 -173 27 -133 201 73 204 116 -128 -188 148 108 158 56 38 -65 13 198 -149 174 157 -141 -5 -210 224 -207 238 107 87 197 184 177 -194 -84 -127 235 194 200 239 32 -106 -162 125 216 -64 -187 75 72 205 -221 206 -242 -72 -119 236 209 -29 -168 243 60 -158 14 34 110 113 162 248 -8 5 -159 203 -138 53 112 -213 90 30 -151 159 15 138 41 -165 -109 99 -9 37 22 -86 150 -143 -129 179 118 74 176 -43 172 -222 152 -209 -101 -145 -27 91 -80 33 64 240 63 173 16 -32 39 130 -181 -11 188 114 119 151 -56 -230 181 26 -2 193 -50 79 52 -40 -190 -219 36 147 -54 77 190 -122 -153 241 28 211 136 -182 17 192 -179 207 -228 -197 -200 54 223 -78 -75 -35 -18 -44 133 -67 -155 145 -28 135 -97 57 -30 -186 47 2 227 143 219 -196 182 -189 82 213 234 -42 -191 -33 -134 -112 -95 0 -166 43 46 -77 -206 -23 -144 210 -6 35 178 -3 -89 -150 59 166 171 -148 109 221 -100 242 -22 215 -131 96 -48 -76 -246 95 -241 -71 -34 51 149 -117 -105 -88 -218 165 -208 195 66 247 153 -91 29 244 -25 -79 8 -174 105 -21 -68 93 187 164 141 -85 -198 -164 185 132 -58 -70 156 -167 -49 62 -203 -178 18 -47 121 61 191 55 83 -239 134 -10 -69 -236 161 140 167 69 6 -154 -217 -82 -238 -24 -163 50 233 -156 155 19 65 92 -232 -249 124 67 -216 -31 -98 -16 -248 -20 24 45 -204 -57 -55 246 -205 -152 -107 -135 -116 -176 58 214 228 -38 142 232 23 -66 20 25 -87 -51 -142 -83 -60 -192 -146 -183 131 3 71 -240 -93 196 94 208 -157 101 104 180 231 -14 103 -227 249 80 -15 -231 -243 199 -113 -110 -111 -92 -169 245 7 98 -226 230 21 217 226 102 144 86 225 -160 -175 -74 111 -201 -193 122 106 9 -26 -59 212 -104 -39 -136 -7 -247 -19 137 183 154 78 -121 117 -13 186 -96 68 -41 -61 
TEST 3 ARG:-32 36 -121 52 170 -2 -221 -220 178 -178 -155 9 -236 -61 -24 135 -46 -218 -128 117 56 4 67 10 -51 -162 212 -174 -134 -69 -225 206 -113 -148 -75 64 -179 -196 -55 245 -44 -199 2 220 60 88 163 129 35 78 -197 59 -161 -222 -101 -47 -100 -109 -194 -6 30 -243 110 -189 -88 140 -106 -248 141 236 0 219 150 75 -244 204 -94 -116 -207 -239 -103 76 234 -126 124 174 -214 101 -49 173 137 -152 104 44 -249 -150 -36 118 111 69 50 209 142 -146 208 122 112 145 -160 -107 -105 -246 -149 194 114 -76 -206 240 -74 -71 162 223 54 41 16 132 -57 -38 197 155 -238 -201 -21 -43 -137 99 48 -56 -15 63 8 37 -66 156 39 152 -63 33 26 -180 68 205 31 -187 -16 -30 -97 126 -14 -111 -227 121 -205 -39 22 -108 49 86 -45 198 58 123 100 -204 73 81 -234 -17 -31 243 233 -12 -59 105 -165 192 188 158 -86 185 -28 -193 92 -184 -159 27 125 -117 -9 -182 94 -247 -147 -223 -176 -23 1 147 -83 -52 -226 115 -81 102 15 127 149 -3 93 -158 -10 191 -89 47 51 -7 -237 -198 3 -172 23 -20 239 -156 176 -93 229 -82 151 235 19 159 87 -110 -229 -142 138 182 143 167 62 211 -210 215 -191 -127 -240 -54 -90 85 11 -35 247 246 -18 90 -96 79 171 95 55 -42 172 -98 109 231 -112 -144 -186 218 146 187 -62 244 71 232 164 196 222 -228 119 200 144 179 241 25 46 -41 169 237 96 -177 199 -167 161 -231 82 34 -60 116 213 -77 -224 130 -202 -136 103 -115 12 -102 -230 53 227 221 29 -163 -5 134 157 -192 -8 -151 -70 -67 -118 183 -25 -27 -87 128 -104 84 89 -131 -53 -200 -203 -120 228 -85 -235 -154 113 -183 -72 7 -188 43 -124 -50 -169 -132 -171 136 -129 -145 184 97 153 91 -217 168 107 189 -26 -123 -125 190 238 -11 166 -181 -22 38 202 61 98 -141 -64 226 -29 154 -99 -232 -139 -250 175 195 17 210 139 217 83 -153 -48 -216 -208 -242 -114 -34 -80 -215 57 -13 -245 201 18 24 -209 -84 -157 14 -79 6 20 -68 186 248 -211 -92 216 -135 5 108 242 40 -140 -58 -173 165 -78 -1 74 -37 70 21 80 -91 77 180 207 230 214 -65 -4 -185 66 45 -219 -138 120 106 -19 -40 -190 65 -143 32 193 -73 177 -241 -122 225 72 -119 42 133 131 203 -95 -130 -133 28 -175 181 -233 224 -168 249 148 160 -33 -212 -195 -170 -164 -213 -166 13 
TEST 4 ARG:-67 153 -32 138 151 -80 63 -77 218 -202 164 4 -212 150 243 242 -139 160 -142 -122 -93 80 107 -201 144 17 -65 -224 -153 -221 -159 176 -215 -183 -214 130 30 -75 -71 -117 60 227 55 -241 96 -50 241 135 239 2 20 230 -92 -163 -162 -227 -42 139 26 -187 -245 210 -29 78 -219 -242 0 110 204 -145 -43 -114 -9 75 -4 71 -197 -246 196 223 -222 163 -104 -18 22 72 142 -119 -136 109 45 183 -225 -182 -210 188 -198 51 189 209 -58 231 -249 39 -17 -135 37 -21 -46 134 -70 -228 40 200 172 27 64 -186 181 152 -116 -35 -52 -88 67 -28 -189 215 -152 92 70 -128 136 158 -150 5 16 -233 68 154 42 236 -36 120 61 124 -98 -133 -156 -243 171 84 216 -11 25 140 -105 53 -234 -141 -33 -84 -25 43 103 116 -193 -72 178 102 108 -101 226 -190 -217 106 248 -107 194 -5 38 185 -81 44 115 -166 162 247 -64 -244 -13 8 -48 -82 32 206 52 225 -157 173 -247 -85 -146 -240 246 -127 -140 -6 177 249 -108 62 199 238 -15 174 -12 166 -103 -40 54 -155 113 98 -89 170 224 99 77 -91 126 155 -132 -134 -8 -235 -179 -200 -118 -148 -220 28 -169 33 179 -61 -236 -106 117 -31 -237 -144 -109 -53 59 -230 24 213 -83 -180 97 -205 29 -147 21 131 -123 -216 -172 -158 -248 219 -113 192 -55 23 94 -34 -121 -39 190 149 -38 132 83 31 -86 -138 -218 13 -19 -229 229 -102 217 -27 -14 82 -74 -59 129 -151 157 -56 221 -204 156 -177 95 -110 233 -154 187 207 36 146 -95 -149 -94 10 111 195 12 -208 86 -199 169 34 -51 100 -188 237 -226 114 -78 49 -68 -10 211 -170 234 -115 -239 74 14 -111 -69 122 -129 91 -194 -47 -211 244 -49 123 168 -79 -7 6 -191 -100 125 137 128 165 15 -161 -23 214 184 41 56 -126 -112 127 -168 -22 -175 -66 69 -213 -87 -96 -130 -231 -223 66 118 203 -171 208 197 7 -76 228 222 180 119 143 191 147 -167 -184 88 89 201 -174 -62 -185 133 -207 -41 -44 90 101 -73 148 -90 -164 -238 112 182 76 48 79 -181 -45 -16 85 -196 -250 -97 202 46 -178 47 -60 -195 -173 -54 87 141 -26 -30 -3 -125 232 -209 18 193 105 -192 235 -37 -203 159 -206 175 104 81 245 -165 -137 -143 -176 50 3 57 19 186 -20 -1 35 167 9 220 -160 -99 -63 -24 -120 65 11 -131 -2 205 73 198 58 240 -232 145 121 -124 212 161 1 93 -57 
TEST 5 ARG:140 -121 5 78 212 -138 145 13 16 -163 -248 67 58 148 199 -116 24 -161 197 -23 -77 9 236 -59 -101 31 34 2 243 -234 -201 87 -198 -110 104 -114 -131 25 -170 48 125 -184 239 182 40 -166 -142 192 -230 -244 -228 -197 -118 38 -98 30 68 142 -160 -65 -84 -100 245 171 -39 -7 -89 241 12 -216 -21 223 -206 -106 151 10 -126 -182 219 -24 18 194 -69 110 162 -102 144 -57 -240 106 -15 97 -136 -111 164 190 -79 222 -30 69 56 -200 -12 -186 136 -10 -8 147 172 -162 216 240 214 -78 130 -9 -29 -237 85 17 211 -233 173 -103 107 -19 247 70 196 32 217 -194 -215 -4 175 231 137 165 227 213 141 -18 -213 99 202 61 146 -191 161 112 -28 -82 -74 105 96 -91 122 183 101 -3 143 -20 -169 15 -62 -217 -165 73 225 203 220 76 -85 198 -180 238 55 -238 157 189 86 -37 -2 -123 174 42 170 102 237 -146 64 -67 -6 -214 74 109 50 -26 19 166 -178 29 -187 -134 -243 -188 -141 -34 -159 51 -33 -153 -11 -212 126 -31 43 -227 -133 -43 129 108 210 -88 -137 88 -95 -5 -164 115 -46 33 -80 -108 -226 169 -221 91 -68 230 59 -167 -87 1 -190 -129 -175 -135 -207 -70 156 -73 -72 155 -115 -132 6 -203 -40 -122 -223 103 80 -173 71 -119 46 179 -125 -92 176 159 -179 -81 35 -224 -93 83 -229 -83 -17 -241 -231 -144 -25 -208 -172 8 -171 -199 249 -250 -109 -189 -211 -218 114 -107 135 77 -154 -176 -220 139 163 -185 184 234 207 -124 149 -196 235 -143 -104 -60 -239 201 -195 138 -86 181 -242 195 95 -61 206 204 -156 150 -97 -75 200 -99 -41 -148 -183 -63 191 -236 187 180 26 -13 -204 117 39 49 -145 123 3 205 127 -245 -177 -139 0 90 -94 -174 -22 -35 178 185 53 -42 -127 27 229 -149 89 52 93 134 28 75 -120 -32 132 119 -247 60 -36 233 -49 -113 168 246 72 209 21 232 -128 218 20 128 -53 47 242 37 100 -205 -27 98 131 14 -209 -117 23 41 177 120 -193 167 -47 153 -202 226 -54 -235 36 92 113 -158 -157 121 4 -246 65 -96 188 -105 -232 -168 62 -71 154 45 11 -147 133 224 -44 82 221 84 -130 -150 66 -56 -58 79 -50 -112 -155 124 -1 7 -222 -38 -210 248 -219 116 -225 193 -181 -52 228 160 44 -152 81 158 -192 63 -51 -76 244 -45 186 -249 -55 215 22 -48 -140 -151 94 111 57 118 54 -64 -16 208 -90 -66 152 -14 
TEST 6 ARG:-143 -182 110 -149 29 188 -98 -147 137 -50 209 -223 142 -2 191 23 33 248 -160 -239 -207 129 -56 40 -116 9 -36 -5 -217 1 -238 63 -193 115 -54 -190 -211 241 147 -9 170 -104 -10 133 150 15 -225 -82 -220 128 249 214 53 -165 -14 -93 -48 181 -192 -242 21 -152 -19 92 22 151 196 -75 59 60 -240 -119 -60 -159 213 176 11 -81 -216 -212 -183 -84 246 90 -161 -151 -229 165 -108 14 -92 -113 72 34 -181 227 46 -87 -38 238 -105 -155 -78 57 122 -8 16 -44 -121 -203 -163 -12 -173 -73 -148 26 233 149 -158 -62 -164 -222 -219 69 5 226 -204 160 166 148 212 -218 208 -129 126 -109 -138 -206 -226 61 -213 220 -180 197 -94 -236 202 -156 192 -176 52 -25 210 94 154 -205 -179 169 38 -70 24 -184 43 161 -31 136 51 229 -209 195 200 -30 12 56 -28 193 49 89 50 235 -68 -85 -35 -49 -133 -32 157 -131 100 2 79 -91 -114 -130 -20 242 167 -141 168 25 237 28 -101 8 139 -185 68 58 -197 231 64 70 83 -227 -55 124 173 42 -57 82 -230 41 -52 218 -200 204 -168 -132 217 182 20 -246 62 201 -210 -86 -126 127 104 -245 141 27 207 -201 88 216 -71 132 -18 -59 162 98 -153 -171 -65 179 -243 13 102 -139 75 97 -178 -233 -162 -198 -142 80 -21 -188 203 178 99 17 186 245 232 -175 95 -191 -170 93 -172 180 144 -145 -33 39 -146 -214 47 146 -43 -17 199 -124 -83 -76 -47 -169 -53 85 -74 205 -22 -67 84 -88 114 -27 223 48 -6 -157 198 -202 -51 -90 -97 10 103 -224 -140 -137 -72 120 7 158 -235 -41 -221 -189 -111 81 -128 -29 45 66 65 236 -40 190 106 -11 -106 131 109 30 -112 86 -195 111 -177 3 -58 -244 78 -187 -46 37 -122 4 105 221 -208 117 230 -95 243 74 -127 -37 -194 125 183 164 6 31 0 36 -45 -61 -26 35 175 -231 156 55 -107 -167 -166 -80 138 222 -154 215 -144 -120 67 234 -15 118 -237 -66 32 119 152 143 -250 -134 228 187 -199 155 172 -247 19 -248 159 107 211 54 123 -103 -136 -34 247 101 -77 108 -79 145 130 96 -228 171 -23 -4 -115 91 -232 -186 -234 244 177 -89 18 -117 116 -241 -174 -3 -69 184 225 -150 44 -102 206 -64 121 73 77 239 -118 112 219 -96 163 224 194 87 -123 76 185 -196 -42 240 153 -39 -100 134 71 -63 113 -1 -135 -215 174 -249 -110 135 -125 -99 189 -13 -7 -16 140 -24 
TEST 7 ARG:-77 151 -216 -68 -74 -209 -188 40 -234 -72 4 -44 247 -109 35 57 -145 20 164 117 160 -166 231 134 246 218 22 104 -11 -54 -129 82 194 209 -144 -203 220 -213 113 -115 66 75 -91 81 213 -241 45 49 166 -235 93 11 74 115 -67 -41 73 -14 169 7 -170 236 -116 -147 -221 -114 -181 179 -218 6 -158 -156 122 -142 32 -163 -71 -59 230 234 26 -150 -84 -92 31 16 -185 -87 162 -76 -198 -80 -83 -78 -249 125 141 80 173 -232 79 -107 159 133 -179 -70 -53 219 180 -153 -48 170 -233 -135 210 91 242 -126 -239 -75 0 -112 -180 206 106 119 -2 -36 129 -157 211 -102 29 -136 -123 -22 -208 245 -101 92 -65 -45 -190 -52 216 163 -220 154 -238 120 -224 -89 -19 199 112 8 105 212 -212 17 200 -28 190 68 -214 156 -56 2 -146 149 -3 -88 -42 150 -192 -119 -90 -225 39 -219 -131 -167 19 -39 -196 -7 235 -236 -246 -104 -130 103 30 189 155 237 171 172 -10 71 152 -182 -6 -96 136 -244 -229 -24 137 27 -97 -160 -165 -151 63 175 114 -12 -189 -37 244 12 165 -184 215 97 238 -132 -207 52 -103 -34 -82 -108 13 -242 248 -81 -117 121 -47 69 -164 1 -183 98 243 -154 176 -99 90 -162 -17 -8 67 -113 44 -226 41 -95 205 -187 99 223 -152 -222 -118 147 -247 -60 -23 -49 -168 -94 -125 5 224 85 193 50 -176 -69 -230 132 -197 60 178 144 138 43 127 -243 -175 229 -106 -73 -64 184 83 25 102 -58 -186 24 34 64 108 -205 177 123 -174 207 48 131 -206 153 -43 124 161 -30 185 241 -110 -217 96 -9 62 -149 -55 168 59 232 55 174 249 -133 -148 -111 54 78 -98 -194 -193 28 -128 -38 186 -204 -35 61 42 198 -26 -177 -100 10 -121 -161 18 227 -13 118 -105 -33 109 -46 201 197 -20 -240 56 146 196 217 -228 -124 -137 -178 116 -5 -93 -79 145 -202 -195 -86 84 72 195 -63 65 -120 -172 140 -51 70 240 76 -223 -50 135 222 -201 143 148 -31 111 36 46 -248 -191 37 -122 100 -159 -215 225 47 -85 -210 142 188 208 -227 21 23 -127 -139 187 94 110 86 192 -237 88 -140 58 15 -16 233 130 157 158 202 -18 -231 167 -32 107 139 -57 228 51 -155 -1 -29 -141 -199 221 -66 183 -61 3 -200 -21 53 -62 33 226 38 -143 -173 77 -27 191 182 -245 -15 89 -4 -138 -25 203 -134 181 95 126 9 101 -171 -40 -211 -169 14 204 239 214 -250 128 87 
TEST 8 ARG:-80 191 227 201 -245 -238 -127 177 186 213 149 -147 185 103 166 -237 9 4 155 152 198 69 112 97 -141 158 7 14 -54 -16 -66 -180 172 -192 -175 45 224 -223 49 -224 230 -27 -86 -172 144 34 43 -136 176 93 52 -129 -131 -61 234 159 -162 218 204 -128 33 -194 -132 147 -225 -47 101 75 39 24 -152 164 -199 -119 -233 55 -120 -230 -69 202 -135 -189 -29 10 249 136 73 74 77 -77 -111 89 -234 -195 61 219 205 106 197 -156 -33 -157 212 247 -17 -34 2 57 182 38 -35 -229 -159 -146 -25 -10 -58 -40 -126 -204 170 109 -39 -207 232 146 116 113 -18 -185 -205 67 -46 -216 -6 -134 115 29 -51 -19 151 -215 99 83 44 -31 -24 171 -193 168 -130 -168 -114 135 -64 175 222 53 118 -125 -226 133 11 92 190 -117 216 -171 -177 -241 120 66 -68 -122 26 -13 -228 -249 -155 42 -167 28 -63 -70 -8 -153 -183 137 100 187 -36 -248 -7 145 -97 -182 211 248 -124 19 -116 -187 -9 -154 22 -72 114 -101 88 59 -201 -26 90 62 -73 -144 150 -236 -4 -85 -133 220 18 246 21 60 -28 -110 -163 102 76 0 -140 161 64 -79 223 -202 107 -169 -14 194 32 233 165 -108 235 130 -211 5 41 209 -139 -99 -164 -2 -81 217 167 -208 128 119 -103 -78 243 1 163 104 -137 156 47 -22 -231 96 -222 -115 -5 -244 179 -100 80 -93 -60 78 189 -3 6 -74 -123 -145 196 199 123 229 225 178 12 -191 -87 -43 -84 -217 84 -42 -200 154 -104 -92 126 -227 56 71 25 31 231 125 -150 91 244 140 -98 -41 86 79 -138 -96 162 138 -57 110 -59 -188 203 139 206 240 -89 174 193 129 -243 82 -142 -48 15 -62 -20 -76 -32 -198 -173 -45 -52 -121 -206 -21 -218 30 207 37 -67 111 27 -174 -197 -246 -118 -23 -181 148 -38 -37 70 105 195 -247 63 -235 -178 -90 87 -184 72 -203 -143 183 -94 -44 -165 -105 -113 -30 -82 13 -166 40 -53 208 134 200 108 226 -232 -50 48 239 -250 -212 94 238 -75 245 51 46 35 192 -151 -160 98 85 58 -220 -112 -102 242 81 -239 153 181 173 -179 -65 131 -88 -15 121 -106 -186 142 95 -95 -71 -210 -55 188 160 -11 -209 -221 -176 65 -161 127 -1 -148 -214 54 -219 -91 -12 180 17 -107 221 157 -213 -149 237 -170 122 50 169 241 36 -242 132 141 236 3 -240 210 -49 16 117 -56 124 -158 -196 -83 143 23 184 -109 8 68 214 228 215 20 -190 
TEST 9 ARG:-194 221 -168 -84 -192 68 -4 -156 -167 -5 36 -177 163 -211 135 -185 -144 -104 -226 15 205 -80 42 -27 101 -179 154 -10 -19 -154 -234 -58 186 58 -188 198 18 103 192 174 165 53 24 -220 -214 -78 -132 -146 185 161 -17 -148 -33 -244 160 147 73 -97 -174 -101 218 92 7 34 43 -147 -161 -125 155 -93 27 -193 169 22 134 -198 35 77 -108 -128 -127 119 0 179 -52 85 -26 -209 236 54 -241 -166 204 241 -110 153 -48 -90 199 100 207 178 81 -73 123 23 183 93 64 137 243 -83 108 79 -151 -130 -103 59 -118 78 97 63 6 -235 -72 226 219 38 113 181 -121 202 -32 110 -169 -1 -31 -126 -216 -69 -13 -123 -42 -182 -210 74 46 -105 -149 247 240 120 -242 239 203 215 -109 227 -96 142 245 98 248 225 -172 -218 -65 -134 102 -129 -225 124 -16 -62 238 94 -196 -36 -9 70 -164 -195 193 -201 -79 30 -14 -28 132 -120 -2 90 122 184 -207 -212 172 220 65 96 11 -6 -159 152 45 -41 -37 -38 -116 -187 -232 144 -237 167 -183 -219 -140 89 166 25 12 -239 -213 -57 -51 177 -45 -158 173 168 20 -190 14 99 156 -22 -85 -91 -20 31 -21 246 114 -24 48 194 41 159 -76 -88 217 76 -112 187 -236 129 -106 118 1 -114 -231 69 171 75 -7 -25 -141 116 -75 228 -153 126 -71 -100 44 212 -81 128 230 26 -150 -50 130 -138 213 -137 191 -248 189 55 29 -157 244 146 -87 17 209 19 133 242 80 84 51 206 121 -224 200 -155 -247 67 33 28 -35 -191 -92 180 -74 87 -171 148 -67 162 131 107 232 105 32 211 140 -208 -12 -119 -3 -245 158 -34 115 -77 170 150 -142 182 223 -44 -86 111 106 -230 -243 -143 222 -163 -89 -217 -29 -68 13 -113 -66 -59 -30 66 195 -135 235 112 -64 -133 -176 -60 4 -82 62 149 -117 -11 -18 197 50 -233 2 249 -95 175 5 8 -61 71 16 21 39 -205 83 -203 -49 214 237 49 -55 -229 104 -152 47 -250 82 -189 -227 139 3 -178 -102 -47 -199 -170 56 -122 -175 -215 -184 -228 -70 52 -162 -56 40 -53 86 127 88 -131 72 145 -181 210 -246 -99 -40 143 -240 -180 141 -98 117 -136 196 229 -46 216 -160 -111 -145 -204 61 -63 -107 136 -222 60 -165 -115 138 190 -197 91 -39 -54 234 233 157 -23 151 9 -249 -124 -139 125 -94 95 -238 109 -43 208 -221 57 -173 231 224 -15 176 -200 -223 -206 201 -202 -186 37 164 188 10 -8 
TEST 10 ARG:-134 -110 219 16 98 92 155 44 242 33 -191 -89 -159 3 128 159 76 10 -113 119 -216 109 201 -170 151 111 -90 -50 -68 -66 -155 110 -20 -179 226 91 -52 -79 40 -220 232 156 55 -147 190 -91 -169 21 -184 203 90 -5 130 121 200 218 -111 -196 -4 56 -97 191 -148 158 -12 -115 -14 47 -9 147 131 -123 -17 -1 138 -59 9 -15 202 244 177 -58 -39 -86 60 165 -178 64 132 -132 180 80 59 118 174 199 -64 188 28 145 236 -241 -26 -3 142 -88 -182 -32 27 72 69 -72 -7 -100 -165 49 -150 -139 -85 -62 217 135 -28 133 -125 -38 183 -114 8 -238 68 11 -222 -24 -49 -101 -102 -146 192 67 -223 -247 223 249 23 248 -29 204 20 -121 207 -93 -67 189 160 -65 -106 -122 -42 -198 -151 -162 101 117 184 -22 182 216 -201 -94 -180 186 -23 15 -140 -211 31 -186 -212 -208 -44 -21 -246 13 -71 -200 -124 -41 -243 -70 215 229 2 -188 -218 -214 -51 196 74 22 -78 -192 209 193 36 -112 146 -19 61 141 53 127 -199 -119 -204 230 5 -242 -164 -77 -117 239 87 -35 -126 161 -181 84 168 106 122 211 54 210 62 -81 114 85 -153 -160 170 -107 -105 -57 -248 24 -227 -43 77 -194 -209 -229 12 51 46 100 -137 -48 -82 -225 88 103 57 -31 -219 225 178 -130 187 -6 113 29 -108 -25 63 94 157 228 125 235 38 -8 7 4 112 104 -2 -99 -233 245 6 -87 175 -69 -231 97 -74 -205 34 205 171 176 26 137 -202 -84 -128 -46 50 -158 58 224 -141 70 66 214 -183 -131 105 -171 -172 -16 -203 -156 153 240 -127 -236 234 213 19 -221 -136 1 -53 173 139 93 -30 169 221 -228 -230 195 -138 79 -193 -206 -60 140 -37 -143 -240 108 197 -234 148 -167 -213 -185 81 172 -63 -226 -80 -83 -55 -47 -142 233 102 124 -11 32 86 45 154 -237 179 134 37 -149 -245 246 115 17 -239 -163 52 43 143 181 -175 -120 -13 -144 166 222 14 82 -207 126 73 220 144 75 -75 163 0 136 99 -116 -129 48 231 -18 65 198 -249 149 -197 -61 -104 185 237 -161 -36 227 -109 -166 -187 -135 -40 -152 194 35 152 162 -54 42 -210 -118 41 -45 -215 129 25 208 -103 -157 -98 96 -76 89 123 -95 116 241 39 212 78 -96 -33 -195 -145 167 150 -176 206 -10 -190 -73 18 -217 30 83 243 247 164 -168 -27 -34 -154 120 107 -133 -173 -189 -177 -244 -250 71 238 -224 -174 -232 -56 -235 -92 95 
TEST 11 ARG:40 52 217 96 186 125 -19 47 -5 242 99 -174 -163 -85 -16 150 37 -146 111 118 190 121 213 107 -155 -45 173 57 152 202 154 -160 133 -23 -62 219 209 -110 44 -137 78 -18 -52 20 196 172 215 -71 67 224 94 -9 108 230 248 142 244 -228 -212 208 128 98 -66 155 -243 -27 -69 -59 -248 -234 -179 102 -30 65 -114 -94 -96 185 -97 -13 187 -147 -53 135 -145 63 -182 11 -159 214 -14 200 140 -206 198 29 145 -57 93 -90 -229 -165 -176 -192 149 -119 -51 -36 -187 -76 -132 205 -87 -93 144 2 -125 64 -201 -232 18 74 10 -22 106 245 -164 9 158 -68 -65 -136 -149 139 -60 -190 181 130 -55 225 203 212 100 167 -231 -148 23 -120 -58 -26 -2 62 -111 156 -133 241 236 112 95 7 -135 -115 -104 -46 -63 -177 -42 25 -168 -128 233 -98 162 -166 12 -236 -138 -186 237 119 -171 188 45 -247 77 -54 -210 148 -91 199 -99 -199 -162 75 126 -194 -37 -7 -17 -44 -233 165 0 -241 -64 26 43 -25 206 -20 243 -70 -143 229 -89 -11 -196 239 -158 104 68 235 179 -100 -101 175 -33 85 24 227 8 72 247 -178 201 15 193 116 -21 -127 -81 160 35 -118 92 -48 60 31 -156 -43 127 -188 157 22 -157 220 -83 -31 -217 -172 1 -12 81 17 177 32 21 124 123 51 -82 -49 197 -107 -92 -198 -181 207 141 -184 -6 232 -103 -221 151 -222 204 -130 -4 -34 -56 171 -1 89 218 -185 117 -78 -117 169 91 -216 4 -47 -167 183 -218 42 -239 41 -38 49 14 84 115 -134 -208 -121 -237 147 -102 -153 -223 114 -144 176 13 -195 88 -227 -189 -124 19 249 -249 -109 79 103 -73 6 -225 80 -213 -24 120 -197 59 195 -80 56 70 -88 223 -75 182 138 50 122 -79 -219 184 82 -40 -235 -215 -129 55 228 -161 -116 180 -226 -245 -207 -32 58 76 -238 83 16 222 189 -175 113 -173 110 -169 -246 -214 -204 -108 90 -8 178 -180 -105 -211 -74 -113 -126 -50 146 -191 164 54 216 -72 -244 -61 -15 161 -139 238 -220 -142 -39 -224 163 -209 211 168 69 -86 -122 -41 66 -151 -242 -77 -154 -200 153 -10 46 221 53 48 -230 -29 159 -152 109 73 71 -150 -140 105 101 -35 170 -205 38 226 240 246 -112 -203 -67 61 33 34 -131 -123 194 -202 -95 210 -193 5 -240 97 -106 131 136 -170 3 -141 -250 30 143 129 191 137 28 -84 234 27 -183 192 87 174 86 132 166 39 -28 -3 134 231 36 
TEST 12 ARG:17 -11 11 150 222 -21 2 -164 158 -158 206 213 64 -70 -77 -20 243 -45 -230 -51 -12 248 -58 138 -117 -141 -121 207 196 101 -147 -36 -142 19 -217 -151 -248 -34 212 -79 201 -212 182 109 198 -14 238 -132 -72 -5 214 88 -37 13 31 -119 -144 -27 245 -228 25 117 -239 202 246 200 161 194 -211 -74 -244 44 8 211 41 43 74 -80 -241 -220 54 -246 -22 35 -213 76 -3 114 -66 -111 -65 -185 -107 -243 -173 -39 -15 -191 79 -114 233 -234 -208 -48 -2 -159 232 38 205 193 -137 -219 -149 121 -145 -110 -154 15 152 50 -133 210 221 185 -194 -152 128 70 -78 99 176 32 -13 -131 -67 14 49 -135 216 -63 -92 21 -54 73 -18 -175 136 244 78 22 -161 -229 228 -157 -99 26 -32 -187 -112 85 -26 164 100 -43 -138 97 -148 -9 113 -178 -83 -240 -197 181 69 51 37 12 167 130 -84 -245 225 172 91 154 -71 96 -16 -104 -176 -42 -236 95 192 -153 16 -192 98 133 132 135 46 58 -225 -4 -49 179 -226 -101 -28 178 -129 -19 89 173 -76 -106 102 -30 -195 20 -87 127 -33 -100 147 -52 24 -8 94 -210 -44 151 67 -64 -188 39 -207 -23 -118 1 208 -214 -250 -53 66 -165 7 10 120 -231 -156 63 87 234 171 71 28 -31 -113 -186 149 80 -167 -140 60 125 165 209 -50 34 141 -120 -209 45 -180 -108 217 111 -183 62 -134 219 23 -88 197 6 -174 157 -41 -177 3 75 190 186 -196 33 57 236 -235 -122 -199 -115 -182 -61 -172 90 153 -89 -98 112 -200 -46 -68 -123 144 218 -184 -233 229 146 48 -163 -1 -232 -10 -24 -247 166 -146 189 116 30 187 124 -136 92 239 -125 -221 61 -189 4 224 93 -218 -105 -59 -249 249 -143 -206 231 184 29 -203 204 -150 27 -93 5 72 -81 -130 170 -102 47 -171 -90 199 18 215 169 145 -47 53 126 -40 -139 -124 -201 122 235 -62 118 175 0 -168 155 223 241 -29 -69 86 81 -7 -162 -57 82 148 36 42 -103 -91 -127 -96 -205 -190 163 191 129 162 -126 123 -95 40 -116 -75 -109 183 177 -238 84 131 110 77 -35 103 227 -17 -227 139 9 -223 -166 -94 -38 240 -155 174 203 -198 55 242 108 230 -169 107 83 -222 -55 247 52 226 56 220 104 159 -160 180 -242 188 156 -224 59 65 106 137 -193 143 -179 -216 68 168 -202 237 -181 140 115 -82 160 -237 105 -204 -56 142 -215 -60 -170 195 -86 -6 134 -97 -73 -25 119 -128 -85 
TEST 13 ARG:-150 -121 -170 112 214 82 32 -157 -58 -41 185 201 134 -197 230 -77 213 -86 -20 240 39 183 22 202 -65 237 -191 -120 203 195 65 -216 169 194 176 85 50 -14 136 -49 -109 164 179 -235 -135 2 -111 119 246 221 -148 212 127 -94 -6 63 242 -209 60 46 -142 -66 219 -7 -10 216 -78 9 222 133 100 28 75 241 -245 152 -15 -107 -74 14 228 -185 -46 -226 66 53 62 -233 68 -202 33 -133 37 -189 171 170 -125 -152 147 148 -176 76 138 130 229 189 227 -52 234 146 238 -90 -12 -194 -93 -1 55 -200 225 -130 116 -3 -222 -97 -144 190 135 98 -82 131 -116 7 83 -50 -239 -195 89 61 52 -160 -177 145 -5 166 200 -172 -88 106 11 -71 233 -246 -96 -231 -128 -181 -156 -117 191 -232 -206 -42 -234 -110 99 -126 143 211 -70 -210 -229 -244 160 172 162 193 167 -147 -21 142 5 24 -237 184 163 -236 -43 -187 215 199 -38 40 -28 81 -80 -131 -250 -175 126 117 -22 -48 -72 -192 109 -241 -69 -47 123 -166 -248 -84 -123 -55 -16 249 -158 204 -101 -228 -92 -132 243 88 -63 -54 -2 -39 205 30 -26 97 156 132 19 -114 165 -240 -249 -68 -56 27 -33 180 -169 -76 18 -31 -99 -203 87 182 -183 168 94 -129 -212 44 -151 -180 -146 -53 -138 -23 -64 -165 42 -51 113 -34 -145 -247 224 -67 196 -60 -182 -173 38 -29 -59 77 248 -238 -19 -108 174 43 111 13 49 93 -45 186 -25 -127 161 -217 -9 -219 74 -106 232 153 -199 -211 -218 -155 103 -179 20 231 -163 187 -8 -134 -75 -161 25 115 -204 84 105 -184 10 -143 -118 -79 -225 110 178 -105 101 -153 -242 -27 15 -32 217 -171 34 -124 -162 -98 69 -141 -221 -223 -61 108 102 80 -87 155 96 -83 137 239 -136 -186 6 -227 -224 -220 139 -18 -208 -36 175 4 206 36 56 1 158 17 0 -115 177 140 79 21 220 -62 192 73 226 208 31 154 45 -30 118 -164 59 91 198 -207 -154 -112 129 64 35 209 70 244 -174 218 -122 26 -213 -137 -159 3 -44 247 92 114 245 -113 141 -102 120 124 -230 -205 188 -215 -13 121 -35 -119 47 -95 -196 8 29 210 -11 -188 -17 16 -24 -81 197 -201 -104 181 48 -193 41 -139 23 -100 -167 122 -73 -214 -40 67 -198 -85 -243 -168 -149 -190 223 173 86 51 144 149 -91 78 -140 12 236 90 157 151 159 125 -57 95 104 72 58 107 235 71 -4 -37 -178 -103 -89 150 57 54 207 128 
TEST 14 ARG:-75 44 -199 9 -16 -15 -91 236 -127 -110 -186 -169 232 196 75 -4 -29 199 202 -196 94 52 -168 42 -209 245 47 -178 5 -26 89 246 -216 -215 -189 116 -139 -118 -232 225 48 -10 177 -14 -64 87 90 -239 -173 61 -68 96 103 121 201 139 -240 -67 12 -34 -5 99 101 208 -185 112 -51 53 207 -172 81 -236 176 -36 -145 -31 -63 -125 149 211 23 240 -154 -39 -119 -56 76 -201 -117 198 6 18 -156 -176 148 -142 -248 1 106 -220 153 126 165 77 -94 34 210 7 -212 -9 -88 55 14 206 169 228 -108 27 38 -233 -38 68 197 204 -53 214 92 -235 -133 -226 2 24 -82 -161 -206 170 -174 -18 -170 124 128 73 -7 -99 -230 -79 54 -87 -62 -245 -213 -225 184 161 84 86 -27 -153 -159 -195 -112 -60 222 155 -85 71 -55 -188 74 -61 30 235 159 -48 -126 -152 110 127 114 -8 -59 -192 -187 238 -177 -43 0 -35 59 -146 -25 -113 72 167 191 -229 -57 172 174 141 -66 -77 58 46 125 -202 -234 182 -70 164 -137 131 -217 -149 -122 -124 230 185 231 -120 -3 -115 -13 88 142 117 192 29 -20 -224 188 -132 -243 107 49 -121 -97 -17 -73 -164 143 -47 64 -100 173 239 -28 -219 -104 66 249 221 -116 147 180 132 -50 -141 220 -148 -134 234 -238 20 83 -46 133 -157 28 -65 190 -93 -32 -200 -74 19 21 -12 146 -58 -183 123 138 -123 41 216 3 -167 145 163 -21 162 32 16 39 224 -227 195 209 67 119 25 -128 194 186 242 35 -228 97 -24 -81 -166 -241 40 -90 -163 60 -49 -205 200 -30 -150 102 15 118 -105 226 11 -140 247 104 217 205 -19 -144 115 -11 78 13 70 -242 129 105 244 -103 -129 -222 181 111 183 -109 154 227 -218 -246 -72 -147 -80 -180 -98 22 -6 156 -135 -2 -197 120 -42 -223 166 -181 -182 178 -22 122 160 -37 -244 17 150 -111 -191 -204 -136 136 152 -101 157 -41 -95 91 -249 51 109 45 171 -160 -211 33 -89 57 4 -165 79 -92 -96 31 219 -208 -84 80 175 203 50 -250 37 108 -69 218 137 -231 -40 95 85 223 -86 -114 -143 -54 229 -107 179 -207 36 -190 -203 -184 -130 -33 -45 -158 113 213 193 -23 151 -83 -71 -76 215 243 98 -247 69 63 -102 168 -131 -155 248 -179 -162 -194 -171 -78 -198 10 140 -52 -151 187 56 -221 100 158 144 237 93 -1 43 -237 -44 -106 189 -175 241 -193 65 82 134 62 233 -138 130 26 135 8 -214 212 -210 
TEST 15 ARG:34 -196 17 70 57 217 -168 116 153 -130 12 -30 -98 -104 -143 71 -57 -8 -228 97 -243 13 148 129 -149 77 -193 32 -186 56 -172 69 -222 -64 -166 184 150 243 73 26 234 -19 -133 -72 -157 -194 -93 -13 111 -41 102 18 242 245 213 186 -112 225 -90 -190 -77 -127 20 -217 -129 -137 19 -150 147 -97 -76 -4 -218 78 -46 161 -75 33 188 -123 152 -45 -208 -26 181 49 140 175 -102 -185 -210 189 -247 74 -25 92 -91 241 -33 -12 39 -167 131 -55 -119 -179 134 -234 -189 23 8 16 -191 -105 177 -118 -250 178 -35 -156 -111 -63 100 -114 -159 -206 -209 209 130 81 -146 246 -58 -82 -212 -226 -85 -65 139 -200 185 22 -3 103 -84 222 -51 119 -68 208 198 170 35 167 216 -182 228 143 247 231 249 -161 66 -201 -89 -20 191 60 1 -59 -78 -96 126 -39 -53 -6 80 7 40 99 -235 -141 47 -230 -232 -214 -215 -219 205 55 -56 96 -170 -81 86 125 -80 135 -177 -106 106 -42 207 232 -236 155 -117 90 -22 219 54 156 -181 -5 -99 2 121 -28 220 174 76 -108 50 -147 112 -47 -74 -17 141 248 -216 142 -242 160 -192 -37 -244 197 -142 -132 4 83 115 224 -16 149 -231 133 203 230 -187 -180 -2 -165 -54 -34 15 -176 -233 -66 -240 -204 196 11 124 127 199 -246 206 171 31 65 -92 -158 172 210 -213 -23 -195 154 117 -61 -221 -107 128 42 -120 109 212 6 -122 -249 91 -245 27 -73 94 -86 137 -160 165 89 -1 -239 229 -203 -154 -237 53 0 -144 240 -173 -113 9 -71 -88 -128 -43 -62 120 -152 -15 -207 -175 75 239 195 162 -95 -138 -94 -52 -169 190 -155 -205 -9 238 -7 -140 -125 104 179 182 -31 -40 113 -211 132 215 87 168 -60 29 157 244 169 -115 -38 138 68 25 -248 -136 -67 -202 -11 226 98 -163 164 84 21 -135 166 -69 43 52 233 180 118 173 -225 237 223 -87 -27 -70 -124 -29 236 -184 202 -241 -178 -198 -227 82 -223 151 214 144 -103 -238 -101 -145 -18 -188 -197 -110 227 -32 -24 51 5 -134 63 123 -220 -21 -79 44 -121 -139 62 10 200 61 45 221 235 -116 -83 36 48 85 67 158 88 -171 -10 46 -100 105 28 -148 -183 24 211 136 59 79 -126 192 64 -224 58 14 218 187 159 163 107 30 -199 -153 194 38 193 -131 -48 -151 -164 145 -44 37 3 114 146 41 110 101 -50 176 201 -229 122 204 -109 -36 -162 183 -174 108 95 -14 -49 72 93 
TEST 16 ARG:-75 -152 174 94 -71 139 207 246 -206 -25 -248 -169 -78 -29 -192 -228 98 -143 70 -229 -249 66 -199 60 -186 -138 222 -170 -76 164 44 230 -26 227 -236 -148 -154 30 -40 16 64 -200 68 -52 187 -215 -202 -119 -142 -239 -189 -4 -82 22 -231 -214 110 177 -140 54 -250 158 193 186 20 249 63 -123 -205 129 197 105 112 -180 -163 216 -184 -42 -222 -106 -53 38 -130 58 -90 -68 -35 -197 33 231 -135 191 -136 -242 145 -240 203 11 171 -9 123 146 -60 69 226 -18 204 201 -196 168 -156 179 93 152 -121 211 -93 99 71 -34 223 -54 215 83 -207 218 196 -72 132 238 -50 57 192 111 51 34 -144 -24 117 -48 -30 -164 -217 -158 88 -218 65 -1 244 194 -69 -204 76 217 -147 107 -198 -173 85 32 -122 -182 -37 -227 -23 -183 -56 133 17 166 -51 -167 -66 134 109 -113 5 79 -145 127 -194 -151 96 -246 106 29 25 154 -211 -43 95 -15 233 225 234 -209 173 -203 -14 -16 75 -132 101 108 -176 -5 48 198 13 -21 61 219 42 153 -80 125 157 1 126 116 -172 144 73 -36 208 -57 78 214 50 -216 140 -185 212 167 -241 87 -96 -38 -117 -92 -174 -178 -175 18 181 163 -161 180 -77 131 74 248 -128 -244 161 -247 -165 -127 81 -126 84 242 159 -94 39 -201 -99 -225 -195 175 -7 72 12 237 178 14 188 8 -234 37 -103 -221 -177 -81 3 -110 121 15 160 19 -146 -2 28 -223 -159 172 -63 103 -134 41 -109 21 46 -220 91 156 -137 165 162 195 -115 -232 -101 -111 118 235 -120 62 147 100 170 -73 210 -32 -149 -213 130 31 220 199 77 169 89 80 -22 -210 -171 148 -208 247 -44 176 -88 -125 243 -230 -219 -124 7 -193 228 -47 -39 -10 224 142 200 -91 151 239 -3 143 35 -55 -89 -235 -245 -95 -104 -31 135 -166 115 240 -233 97 -49 -155 -20 -79 -160 4 232 67 -133 213 86 -100 -41 119 0 150 -87 -19 59 -8 6 -102 -58 -12 -13 56 49 -237 -70 -105 184 -157 -97 120 114 -139 209 -83 241 40 -62 138 -118 -179 -33 236 124 -191 136 206 52 -85 -243 47 55 -74 182 245 -67 43 -27 149 -84 202 -65 -188 122 -131 -141 -181 -86 -11 -45 183 27 185 104 -17 137 -59 24 90 -98 -46 92 -187 221 -224 -162 -6 -64 -114 113 82 -61 -226 36 -150 -28 -153 205 -129 229 141 -116 26 -238 2 10 190 45 189 23 9 -108 -212 -107 128 155 53 -190 -168 102 -112 
TEST 17 ARG:-157 245 83 -89 17 -201 -122 -114 -2 -146 12 -113 -209 151 156 -218 207 233 7 -17 76 238 -226 -95 122 -81 31 -73 30 -118 -151 107 -8 52 46 153 230 140 -128 94 237 106 -60 171 45 37 -153 -233 196 137 -109 -55 40 -9 163 22 -223 25 219 -11 -187 81 -126 38 181 200 120 105 -199 11 -184 -246 123 -204 -139 -166 98 -131 101 -107 -51 -72 4 -188 -158 21 -76 -213 -241 -176 246 80 48 68 100 102 -180 -136 67 -45 110 -230 -163 -82 164 26 232 236 -93 -16 29 224 -14 27 161 -222 -6 228 -143 244 43 242 -75 182 187 -57 -87 184 104 -137 109 113 -100 -169 -123 -104 149 -84 16 -98 168 141 -237 -125 -116 -206 204 91 -150 -140 -64 193 162 -164 -248 231 -231 -85 115 -99 87 9 180 72 -191 -224 138 160 -111 169 174 178 -20 84 -79 19 -47 144 145 89 -196 -29 -26 -24 -171 -175 234 -90 186 112 24 -138 50 135 194 -42 88 -244 -200 -216 -63 -30 114 -161 203 71 -186 10 -67 206 -28 157 13 -61 -105 -19 -23 191 216 -177 -243 -66 177 172 195 -54 -74 -212 6 155 -10 -135 -62 63 248 60 -91 119 -12 159 173 -159 47 131 -36 -119 152 154 33 211 -197 -238 -27 -88 -97 -152 215 190 -192 -156 -234 -39 201 -193 -239 -112 -44 -110 -31 -207 -129 49 -217 -250 -96 -242 -145 -149 247 44 -41 -46 -103 -183 225 35 86 -245 -102 205 239 -179 41 139 -247 97 -148 128 8 -80 -56 -172 -208 143 -117 -132 116 -162 79 -221 20 229 183 56 62 -198 -190 55 130 227 167 0 -220 208 39 -182 -33 -83 198 221 217 59 142 -215 108 158 249 -229 -1 -7 -189 -227 147 -202 -13 243 -144 -240 213 126 77 192 175 -173 -69 -37 -142 125 -232 -160 78 -236 54 223 -4 -53 -43 53 -219 -35 -155 64 -154 202 -205 -133 -49 -65 -78 -168 93 70 -120 129 -22 210 111 220 209 -5 -165 226 -167 66 -86 82 18 -77 61 148 -147 179 -178 -121 -174 146 103 222 218 69 5 34 51 -21 -194 -185 73 -210 -59 166 36 185 118 15 189 165 99 240 121 197 -3 -15 -228 214 3 188 -211 28 -127 14 -214 -40 -249 -203 -71 -38 -52 -18 -70 95 124 -124 117 96 241 -48 -195 -108 -58 1 -235 32 -141 85 58 -106 -130 74 -92 199 127 176 -34 133 -101 90 23 -170 235 -225 -115 -68 150 -134 42 -181 75 65 -32 -50 92 212 136 170 57 134 -25 132 -94 2 
TEST 18 ARG:174 103 93 -112 87 -183 -223 -79 101 -42 5 -140 35 136 -215 59 -77 27 112 141 189 -44 -22 26 -12 -121 20 118 -239 -69 -13 106 104 -246 -194 208 44 83 -104 203 166 151 25 -242 -61 -35 179 -217 -49 24 -165 39 -197 180 -218 -216 186 -245 -58 -124 -27 129 43 144 244 -134 76 33 85 227 149 209 183 -64 164 -195 -21 84 158 -101 196 -166 30 -176 -213 -141 -95 -225 233 213 192 206 88 7 148 71 -7 41 -231 152 133 50 82 -68 -148 230 2 102 -60 -234 185 -66 -14 178 -16 -59 -201 8 -158 -5 -133 137 72 -150 -67 -25 116 -145 181 153 -233 78 170 -126 -105 51 -78 -56 -41 -36 229 159 79 9 -48 -18 -192 -46 -108 -190 -163 -236 -106 64 231 62 -115 -1 -207 -175 -65 -157 52 219 -20 -205 147 38 -227 -92 -90 -80 241 140 113 -98 -235 -228 171 6 -240 197 -39 -40 126 -160 154 134 11 45 -244 184 105 169 55 4 -62 97 -186 17 -119 -203 239 -10 37 -187 195 -54 207 31 -11 132 -212 22 -17 234 243 77 16 74 32 155 10 -85 242 -75 -3 18 -137 73 139 -209 167 -87 0 -214 -232 182 89 -189 223 -84 -247 -28 -2 135 -110 -198 200 125 47 -117 3 175 -53 -88 53 145 162 187 -230 -31 131 172 119 -111 34 67 66 -193 115 111 1 127 -164 65 -170 90 -171 217 232 109 210 -8 -174 238 194 -221 42 60 146 -177 -155 40 54 -249 -113 -107 -118 235 80 -241 -159 -34 199 -154 249 212 -204 -161 13 -51 -116 138 205 -99 -43 -72 120 -188 -132 -57 -32 57 -147 -94 68 157 -250 -178 -55 -45 -74 -30 -100 -6 228 -143 -129 48 193 12 -4 248 -86 -135 173 -226 -211 -200 114 -172 -196 168 -15 -220 92 19 -180 15 -38 226 124 -93 245 -153 -19 36 29 130 -224 95 -29 -199 -152 -102 -71 221 -144 -169 201 -50 -83 -184 63 107 -63 100 128 -37 -167 -130 -24 -120 108 -179 -125 -97 -185 21 161 28 224 156 86 75 -123 177 165 -26 81 69 -96 -219 -127 191 117 225 -91 98 -162 -33 -103 -81 -202 150 -151 -149 56 123 222 58 -131 -156 -139 247 23 163 -173 198 176 91 188 204 220 -238 -206 215 -82 -182 -47 -109 237 -229 14 -243 -248 -52 246 160 214 -168 -146 190 -208 -237 121 -138 -70 236 94 -23 143 -114 -136 -181 -9 216 -191 -89 240 142 61 202 99 -210 70 110 211 -73 122 -76 -142 96 46 -222 -128 218 -122 49 
TEST 19 ARG:-237 -107 -31 -145 197 181 -173 28 -40 242 -213 -150 -25 -45 -1 -146 -94 77 -210 -139 -177 143 47 -102 91 151 32 72 110 105 31 -44 138 -28 -225 -79 -181 173 -159 -24 135 136 179 -96 175 -103 56 123 194 -220 21 153 -142 50 -38 -121 62 -224 106 130 76 -227 -201 24 -223 -74 -180 203 -221 83 119 233 120 13 168 -206 -83 -204 -175 19 -93 -80 227 239 206 -71 48 107 -89 -156 23 70 -21 -35 -67 -144 53 -148 -136 96 -32 217 -22 69 -70 -247 -16 -233 -105 -120 -99 -231 -246 60 234 222 -18 -183 20 132 196 -60 154 -219 204 186 -97 -182 84 -5 170 -30 36 12 225 86 -208 16 -65 -130 -229 165 -185 103 178 -239 -112 166 35 189 -138 201 -92 164 139 223 -196 -87 -6 156 -160 88 -46 -119 177 155 0 187 -198 -228 -39 -191 124 -176 211 17 -243 -197 -118 238 -149 8 -248 127 190 188 81 -11 195 45 -17 -37 161 -190 174 42 -152 -52 -68 134 99 -158 237 92 25 27 44 198 -133 228 -171 210 158 41 -42 167 213 -101 -163 -184 160 183 142 137 -34 140 184 22 172 -8 -216 -56 125 -235 -187 114 -82 -12 -215 -48 218 -172 216 145 33 38 -19 236 -53 162 -165 -49 -167 -154 -88 40 -238 -114 -236 -95 -178 -81 109 -226 68 -161 141 243 -76 229 -124 163 208 111 -3 71 117 54 -43 9 -194 232 -55 129 185 248 157 15 95 51 11 -66 55 -140 -127 -72 -205 -147 -9 98 7 171 101 -230 -218 -209 -134 65 -54 133 -241 34 115 146 -132 147 46 -4 192 -202 220 -203 230 85 152 -131 -242 116 37 205 -170 191 49 231 -62 64 108 193 212 -135 249 200 1 -123 148 -151 -108 -110 78 -179 -141 -244 224 -64 -27 -200 97 -61 -211 149 -249 -162 -168 -169 94 104 67 182 14 102 -47 3 -7 -245 89 -129 90 -106 241 -73 57 -100 -104 -207 -199 -125 -15 -2 207 2 -189 214 -122 -90 122 -117 -193 128 -78 246 159 -157 180 -75 -188 176 -20 -192 75 -41 -69 112 -14 209 -59 6 -143 -222 -77 -155 -36 118 245 -111 -214 -232 -63 29 -91 63 -240 -85 52 150 -137 202 -126 -26 80 -174 -115 -29 -128 74 144 -116 121 -113 5 -164 -50 58 -23 199 169 10 221 -57 -84 215 30 39 18 -109 244 -153 235 -33 87 226 61 247 -186 -13 -250 26 -58 131 73 126 82 -86 4 43 -195 93 -51 219 100 113 -98 -234 -166 66 240 -217 79 -10 59 -212 
TEST 20 ARG:-88 34 1 52 50 126 168 230 32 100 232 233 47 196 -130 -177 36 87 35 22 93 238 -139 -195 -26 -140 -193 -25 154 -123 -84 127 138 40 -16 213 -117 -219 -158 -112 215 12 141 -69 -118 249 -61 198 -147 -196 212 -240 -180 16 120 -75 -96 191 214 -35 -212 -131 30 -188 -132 -218 51 -127 108 -90 -50 -209 190 -128 -142 176 29 -33 244 -21 -198 228 -94 -12 226 113 -191 167 -9 -169 202 201 -100 153 -20 -148 105 -48 -189 21 -245 107 133 20 -190 -80 -76 139 -134 -4 90 192 197 -231 -203 -138 -144 131 60 205 237 -95 -204 -187 -23 -104 -39 -125 -37 135 200 -46 -246 82 -194 164 225 -22 61 111 -224 147 3 115 -241 145 -17 194 -1 122 -237 78 165 41 99 44 -213 241 37 10 -120 -11 231 73 169 18 218 -173 221 77 143 95 -45 -64 -19 -197 -136 86 -170 -36 -27 -73 -74 -55 -150 -99 -236 -122 -167 162 -157 242 5 -166 -116 88 -155 -156 -126 -97 -242 33 211 -208 144 -14 240 -113 -78 163 217 -206 -28 207 -83 -178 81 -235 56 -6 128 38 248 71 80 156 -216 158 27 -159 -184 -171 116 243 -214 206 79 -151 -40 -7 8 172 43 208 7 75 -5 -234 235 132 -163 185 72 -172 -51 -221 -77 -8 224 59 174 28 183 121 -226 46 106 -72 -222 117 -44 195 -52 -18 -207 -30 -115 -174 186 15 -42 150 -49 157 216 55 -89 -162 89 14 -183 -107 239 -106 193 -79 -192 68 -60 6 227 236 137 -168 -38 -10 136 124 -149 -98 -145 24 -70 229 -211 -119 129 159 39 -200 11 -205 219 -244 -223 -199 54 -62 -250 173 104 -161 -186 -146 -32 45 -53 -181 -67 -59 125 53 -91 98 247 -248 103 -82 110 57 -230 -111 63 97 -102 -66 155 -109 161 -93 118 -68 76 180 25 64 -24 166 58 -54 67 -217 -225 31 -41 177 -34 149 -201 114 -71 92 184 178 134 26 62 -175 203 -247 -164 -63 -57 -243 223 9 -228 -233 -152 -133 49 48 23 -47 -124 246 -182 -232 96 -31 -2 -105 119 -13 171 187 130 199 -29 -85 -110 189 -154 160 220 -229 101 74 -92 66 152 -43 -143 -249 -129 -87 2 142 210 234 181 170 19 -65 151 -185 112 -86 109 222 209 140 -153 -135 -165 -58 -56 -3 -238 175 -103 -137 69 83 204 179 94 -227 188 -220 42 -215 -108 -160 84 4 245 -179 17 -176 -101 123 -81 65 -210 146 13 -15 -141 0 102 91 -114 182 -202 -121 148 85 70 -239 
TEST 21 ARG:-18 189 -84 -16 163 -76 -195 143 248 150 145 61 -140 -65 180 119 178 -126 -68 -180 -123 -165 -2 65 -151 -212 59 -14 151 123 1 132 223 -221 -194 179 193 236 141 246 12 167 199 138 89 206 84 238 219 -19 -101 235 -207 -245 -129 -98 -235 -96 -133 -222 -163 -60 -179 202 6 -112 147 249 66 -50 14 198 102 108 153 154 13 -226 111 103 50 195 72 -12 166 241 -160 159 -190 239 100 171 118 -250 -203 -183 210 -131 -78 157 74 -237 39 -204 -105 -119 -83 -49 217 5 105 33 225 -143 0 -191 -184 -57 -3 -206 209 -166 -42 98 -81 10 204 176 155 -37 200 -43 -22 -7 28 -181 -229 -31 113 -193 87 220 78 -77 -224 112 -67 -201 -10 232 211 128 68 -136 121 -110 -152 -137 -171 -85 36 142 184 -121 63 95 -109 -161 37 71 -113 127 125 -127 208 -219 -79 158 53 -63 41 -170 196 237 42 152 207 -128 -173 140 -91 -72 -71 -74 -26 -231 -104 148 -214 194 181 -220 197 172 -145 -215 54 130 -202 173 -23 156 227 -95 -149 -100 -236 -107 -11 -48 -249 135 44 -150 110 185 187 -59 -232 27 -233 -6 43 -1 18 17 51 129 -58 242 -142 -27 -156 -70 83 -92 30 -40 -9 94 -147 -54 104 -90 -17 212 -66 -177 70 131 116 109 -73 67 -24 218 -28 117 -134 107 -120 -125 -198 230 91 -144 16 -158 -141 -188 -225 88 190 120 -239 -192 -200 243 164 40 -114 -103 -86 -4 81 137 26 57 -246 -97 -228 3 -36 162 73 92 -168 -55 122 -146 -29 -243 -182 -88 -106 -41 -218 62 -230 -56 165 -87 -187 -240 -94 214 -118 228 183 -138 136 75 -186 58 99 -122 -8 -154 -157 -115 96 146 -124 -238 231 201 -38 144 86 222 11 64 24 4 46 -247 -211 -116 247 -25 -205 168 213 32 8 -82 22 216 -176 133 -47 25 15 76 -139 -178 233 9 -93 134 -209 -244 -241 79 -33 52 45 -52 -80 -162 60 -69 77 -167 -44 226 160 31 221 -111 -15 -130 -227 192 -13 90 20 174 -20 -169 124 -53 224 -64 101 177 29 21 -153 -135 186 7 -35 23 56 188 -234 -5 82 -175 -32 -46 -99 -155 49 -45 -172 -132 -248 -223 48 -185 34 2 35 169 149 93 -197 -208 -159 -148 -199 -62 38 -164 19 -174 203 69 -210 245 -242 106 -51 -30 -196 139 -189 115 182 85 191 55 161 -217 175 -34 234 -21 -61 114 47 215 240 126 -108 97 -102 170 -117 205 -213 -89 -39 -216 229 80 244 -75 
TEST 22 ARG:-162 176 109 -164 -18 -190 18 22 -45 219 15 196 45 210 38 -57 118 98 -11 64 -68 124 -183 203 -119 235 199 -111 -39 239 -127 63 -126 -211 108 -75 167 -138 141 51 5 -50 -250 -24 159 248 -244 -161 -40 142 -117 -214 223 150 -93 182 117 25 171 72 91 -125 125 -43 143 -220 -51 131 236 168 -42 26 -5 94 30 237 179 -133 -79 -123 -168 -215 169 139 144 -132 -84 29 -48 -8 161 75 104 -227 -238 234 -248 35 52 -222 -96 165 88 -188 -59 68 -105 48 -49 47 -241 -184 74 -198 181 155 10 101 -200 195 245 192 -159 -90 -174 -34 198 41 55 -13 37 247 39 12 95 213 -112 127 44 217 -64 -239 -37 137 -44 -136 31 62 1 166 97 -226 -231 -16 120 -86 70 -135 189 -12 209 -147 -35 -233 -70 -121 190 -249 83 -99 20 -192 107 -185 57 214 -218 -88 81 -98 -191 136 -95 85 -62 -143 -181 185 164 -19 -197 122 90 -177 -36 -189 -118 -212 79 105 -142 -67 11 225 -216 -17 -63 56 -230 71 -73 -109 -102 -139 -38 175 -170 -28 218 153 146 -160 -134 200 61 174 36 170 -150 -217 -131 -153 -203 -165 113 -207 132 240 -6 54 32 -179 -175 -209 -129 215 -169 -9 243 4 8 242 -80 82 206 84 -205 66 -242 80 106 102 -55 43 111 -104 -85 -116 -151 -56 197 89 -54 -101 60 148 -91 -208 121 115 6 16 162 86 233 21 238 -20 -1 -130 201 -108 246 -201 -4 46 -53 205 76 228 224 -15 184 -176 78 -194 -47 -74 27 230 -106 -61 -228 -178 173 -221 65 126 177 13 7 -247 -78 152 -115 -92 -113 -206 -246 24 -145 -69 53 93 221 249 226 -234 -144 -2 -243 -187 -210 -22 208 160 -77 133 -193 -204 119 -195 128 -14 -173 73 77 -122 99 58 -196 59 69 -171 244 34 -157 172 -229 -65 123 -107 -120 -202 -66 186 220 229 -172 -3 114 -237 151 -225 96 -10 23 -100 -224 -158 -21 -232 -114 17 40 -60 -33 211 67 87 -146 -23 -180 92 -46 -240 -149 -52 -27 -25 -81 149 231 204 -245 -219 188 -140 49 232 -29 222 -223 -72 -128 140 -110 178 116 212 134 156 2 129 28 216 207 187 -213 110 -26 -236 -83 -156 42 -76 -82 14 33 -182 100 -30 147 -167 183 -186 -154 -166 9 -235 241 227 -163 -97 -199 -137 -148 157 -103 130 -32 191 194 -152 -31 163 19 -7 -141 158 -58 154 112 -41 135 180 0 -155 -89 145 -71 -87 202 -94 3 50 138 -124 193 103 
TEST 23 ARG:-247 25 76 210 77 -145 97 -132 92 -149 -180 -38 205 -125 -155 -224 -153 -142 218 -185 -23 157 143 -215 -25 94 150 -126 -5 50 -158 1 38 231 122 -219 -241 -96 -200 226 -122 -157 164 144 211 53 98 116 137 115 193 241 -24 -183 120 27 41 -54 -170 187 239 -106 225 -129 -240 -242 186 17 -116 -206 109 29 249 -239 208 -187 121 -245 -133 -235 -44 71 -87 -35 111 207 160 51 4 -50 184 -207 6 -6 105 -234 -196 -119 151 -179 -79 58 -218 56 -162 206 189 -182 -28 119 -41 55 130 138 -58 158 -140 -12 -72 -243 11 146 -88 185 -14 80 131 -48 128 -232 224 89 196 -101 198 -49 -249 -103 2 237 -223 -27 -159 -226 -127 13 -174 127 19 -2 70 -214 -109 93 -195 147 -53 118 221 212 -150 -167 -21 20 182 -47 -181 132 -208 -102 -81 42 -250 -22 209 101 -143 238 26 -120 245 -71 -84 -83 79 37 -202 -39 78 -1 -176 230 -69 -36 99 236 229 10 106 199 -98 -57 9 -105 148 -186 175 -19 -110 163 82 -228 -90 -37 -192 75 -165 95 -222 22 66 149 -225 88 107 -205 -75 -213 242 215 247 28 -135 103 -238 -163 169 -82 21 181 174 -15 -104 -130 61 -112 117 0 -86 -91 45 -197 -107 -111 -123 54 -66 48 223 34 -63 60 -11 -236 -26 -80 194 243 -108 -229 161 240 102 85 -194 219 15 222 -168 -244 -115 190 -33 -74 -92 -4 108 156 14 201 154 64 -146 -45 170 -70 -211 -189 -118 -237 136 39 -93 134 -46 197 183 -148 -32 46 232 -144 227 -231 47 -3 52 -151 202 -40 -55 -9 -76 74 -18 123 32 172 -68 -16 67 59 -198 -212 35 68 -217 81 -139 125 -62 -10 -248 -156 -210 65 16 145 -60 -77 -52 -221 -95 167 -166 57 173 -154 152 -136 168 -43 -17 -147 235 -8 153 -164 142 -131 -67 135 36 139 195 -169 204 18 -191 113 180 40 166 73 -137 -117 -220 -64 220 141 87 -99 -216 -199 234 -100 191 -51 -134 244 155 -161 -141 -113 -30 192 -31 43 12 114 246 -201 63 -203 -124 72 228 91 217 5 -193 -204 -246 24 -175 -233 3 -177 -13 178 -230 31 171 140 83 30 124 90 -160 -42 33 248 100 -73 -173 7 -29 213 177 -128 -188 -56 84 -178 -184 216 49 62 8 69 -94 -7 -20 -138 188 -65 -61 -59 -172 162 -34 159 -78 179 -227 200 129 86 -121 -190 203 -97 233 112 44 -89 126 104 -114 176 214 96 23 -152 -209 110 -171 -85 165 133 
TEST 24 ARG:62 -190 239 152 -67 -54 245 -245 224 -86 -69 5 -171 102 185 122 -248 196 228 159 81 144 -72 113 202 79 -49 -44 116 -20 225 -180 184 237 -160 -115 192 -121 16 180 32 -152 150 124 40 -35 -202 90 -114 7 -225 63 -178 198 -112 -220 -47 -168 193 -239 127 -51 65 -46 212 13 86 -186 -5 -110 248 -95 -198 43 -74 -129 -150 190 -38 133 104 182 -2 58 10 59 -61 49 -60 -87 60 215 39 4 53 -204 -164 64 218 134 -73 29 -153 -24 -140 31 207 -215 -42 24 -193 14 169 -45 22 34 -188 -97 -197 19 -189 236 -148 234 -57 -116 220 119 -133 137 -65 214 -126 154 -211 -154 -191 -174 112 -161 247 173 -236 -163 -224 130 -76 76 56 -221 -230 -246 6 -117 114 -122 238 -159 200 -109 197 0 -113 -218 -103 3 105 74 -101 140 -155 -15 109 -107 -216 155 -242 108 -250 -31 -56 -137 244 -184 -68 162 23 94 118 -81 -227 101 -201 231 46 55 226 -105 -119 -243 -232 -182 1 -179 -213 179 -219 243 -142 -118 -208 203 -146 121 142 175 36 219 72 -36 88 -167 67 141 166 -147 38 163 230 91 -63 -34 -37 -89 -200 -92 -18 -40 -206 -58 189 -185 145 -55 -64 149 -235 106 100 97 82 18 157 -41 70 -111 -104 148 -143 -52 -28 -25 37 -156 -209 161 -14 -39 164 -127 195 -43 -66 -130 115 241 216 147 12 -136 -199 -123 194 -141 99 227 61 131 160 54 103 211 -9 -80 -125 -229 -10 206 -12 107 -212 181 -19 92 -222 -131 -165 -8 -231 83 -173 177 66 48 125 209 -158 170 30 -99 -144 -32 232 -139 158 -223 117 183 -50 233 57 50 -210 -172 -98 143 21 52 -3 246 111 -228 -166 -30 -53 -85 26 -22 20 217 85 223 42 9 146 8 -138 -71 78 -33 139 28 110 -29 -77 -11 165 -238 136 240 -78 -151 -192 191 80 -244 235 -4 -196 151 -132 172 95 -23 -120 178 -149 -214 156 171 -6 -240 -187 205 -59 -48 210 17 186 68 98 25 -82 249 168 -70 -13 -205 -175 187 -233 84 -162 201 -207 -145 71 -241 -177 -134 77 -249 -226 15 27 11 -237 135 -157 -217 -135 229 93 -170 73 120 -108 -84 123 -183 -62 176 -7 -1 -194 -21 -100 -96 128 -203 -94 -83 167 -247 89 129 -176 199 -93 45 -106 -102 44 -124 47 204 2 -75 41 138 213 69 -88 87 -17 96 -27 -79 132 -234 51 -16 208 35 174 -195 126 222 33 -26 153 -169 75 -91 188 -90 221 -181 242 -128 
TEST 25 ARG:-45 -191 27 -218 137 -20 -245 42 -128 -47 -138 9 -208 133 -225 174 20 -161 206 185 122 -104 -210 208 -162 -188 -204 152 -241 -125 81 -46 -195 -169 144 -30 -120 181 240 -95 112 212 198 -11 113 -92 -244 -69 193 204 -35 -1 101 -121 246 166 -168 70 50 118 -238 37 -112 175 -17 -135 -228 44 91 120 173 -206 -86 220 34 -111 -156 58 -26 202 199 -82 126 158 94 -102 -247 145 -42 -64 184 -165 136 -186 -249 168 -224 -193 -76 -232 179 28 72 192 180 -213 51 182 105 -13 178 -4 82 237 111 17 176 132 62 -211 97 -10 -122 38 -190 195 95 -44 -221 200 -187 224 225 143 -209 -148 244 -157 29 85 -81 89 -160 -180 -173 -37 -75 119 110 -29 141 -39 130 -248 161 -108 -181 -230 104 -153 129 43 -7 -231 -6 -63 -183 -93 149 -62 52 186 33 190 92 142 -2 116 -54 64 189 -98 79 -32 -217 -200 -133 77 -207 8 -189 61 -33 -243 -85 156 187 -19 211 108 -192 -28 84 -106 -100 221 -123 93 233 -155 98 -23 -222 -40 205 172 -132 249 -34 -94 -72 135 162 -235 109 80 -201 217 18 -242 214 247 191 248 -158 -109 -9 -184 157 74 -154 -137 -197 160 -3 229 -58 -194 124 14 117 24 102 197 11 -70 -38 -91 -57 -203 -176 -240 -60 -71 -124 -114 30 -196 -88 78 56 177 -134 -25 -150 234 -73 164 154 -22 -80 -220 5 167 203 215 -166 87 -68 -172 21 -31 -8 -67 201 -55 -205 -36 57 23 216 213 107 -48 -143 -182 123 -233 99 83 207 148 48 100 -119 -113 169 121 -130 228 66 125 25 -90 -237 -117 170 6 245 75 139 19 -97 4 0 -141 35 194 -214 73 41 188 -79 49 222 88 -56 -115 232 -107 114 12 -131 55 210 183 134 -250 128 150 -229 -145 227 238 2 223 218 -52 131 53 230 45 196 231 140 -246 239 90 69 165 -139 -164 -140 71 -12 -149 -105 47 -61 -179 -18 -236 60 26 106 -170 -171 -116 -127 46 -199 -96 7 -163 40 226 147 1 -41 54 59 -87 32 -216 -151 -126 127 -110 159 31 16 63 -78 -24 -215 65 -83 -227 36 -239 115 -129 3 -202 151 22 -74 -53 155 -178 -146 171 15 -147 -16 -159 235 209 -144 -103 219 68 -14 163 236 -177 -21 -15 -84 -174 -185 -167 -219 -66 96 -89 -101 -142 13 -152 -99 138 67 241 103 -223 -49 -136 -59 10 -65 -234 76 -43 -27 -50 -198 -77 -175 -118 -212 146 -5 39 -51 153 -226 243 242 86 
TEST 26 ARG:-177 -110 197 -192 59 -198 110 -46 27 202 -154 243 -135 39 241 -103 120 -63 -138 83 -43 58 -74 -125 232 153 136 -88 218 -127 143 229 155 -228 109 164 -234 67 -106 150 -42 -67 119 -98 115 93 -18 -56 -22 121 209 7 -119 -117 -199 33 227 -223 -5 15 159 -29 99 -158 -75 -130 -164 -213 -189 -238 188 -51 142 -8 -175 220 -23 234 -244 -215 34 -149 -126 194 -71 -225 75 -186 18 -55 -34 -1 -129 157 -61 -137 -25 -45 219 107 -134 -232 -20 172 -3 12 -247 190 -111 171 -54 -201 225 -100 248 -163 23 56 249 92 230 -237 -82 -202 -227 -221 31 165 -204 -222 52 40 -89 130 89 -181 70 22 -169 -156 -128 37 175 -249 -15 3 -171 183 -44 50 -87 -76 -187 -41 -212 168 80 228 240 -152 132 60 138 -113 237 239 -219 63 -26 126 122 -84 -101 -203 -123 -140 -50 -240 57 -239 204 -81 -242 -27 69 72 85 -17 -11 173 245 96 -30 177 32 246 192 77 -114 154 -166 -24 193 -105 41 196 -109 66 -80 166 -49 123 25 6 -72 -78 -183 10 94 42 148 -77 158 201 -38 -39 -86 98 -211 90 113 -173 152 244 -92 -120 47 -162 186 -172 167 -180 -155 -14 211 147 161 -145 156 -194 -107 97 217 187 -95 235 -93 -131 74 -185 -208 -108 11 160 -96 169 29 -102 145 210 144 105 178 -133 45 -230 151 -118 -79 73 200 180 -217 101 14 -121 111 -73 36 -179 -195 135 65 46 51 -21 104 222 -47 30 19 -59 -168 61 247 -115 174 78 170 -146 118 -174 -176 -32 -229 -68 20 -83 -216 0 103 -170 134 206 185 -36 17 -60 -214 182 163 -193 224 86 79 199 117 181 -132 53 68 215 233 -167 -35 -210 133 -65 2 64 8 191 -57 -207 139 208 71 127 -165 -197 -31 -220 9 221 125 176 -62 1 5 -70 114 112 213 137 -52 54 189 -112 -6 -94 205 43 -190 226 -116 62 95 -209 -124 102 76 -188 84 -136 38 -16 116 91 198 223 -48 207 146 231 149 179 -248 -91 -37 -28 -191 -231 124 -235 129 -250 236 100 238 -200 140 -182 4 -184 -160 -4 -241 -66 -205 -69 -150 -2 -85 88 216 -90 -161 87 -58 -19 49 -159 -141 24 -236 -233 -246 -218 212 203 -148 35 -157 -139 131 -147 -178 48 -7 -226 -122 -206 -104 81 128 -99 -243 195 -224 44 -10 -12 -33 -9 -53 141 82 -97 -153 26 -196 -64 184 -143 -13 16 106 -142 55 162 214 108 242 -40 21 13 -245 28 -151 -144 
TEST 27 ARG:-44 -213 37 -25 172 92 -87 64 107 -21 -66 155 -191 2 -186 151 -215 120 -117 116 -227 -30 -205 -211 19 -92 -147 225 -233 79 167 241 98 -26 -236 -72 152 -80 -29 -187 -209 74 110 144 -85 -6 61 215 -99 -124 -176 31 -48 -131 -181 205 -159 44 238 148 33 -83 88 -219 -135 -24 -27 127 -67 233 123 -178 8 -175 235 -129 -55 68 -28 71 -194 -101 -137 -156 -136 246 5 -38 -122 -230 -103 38 174 207 160 0 -97 29 -188 -107 3 -84 12 -138 -46 66 78 49 139 117 -238 -250 -91 -95 -216 93 195 -113 -2 -50 -11 -102 57 13 143 -166 187 76 125 115 -73 -168 -212 26 -158 53 239 -139 147 -221 -104 -182 -90 11 59 -96 -174 189 -218 161 -76 39 -105 -132 -127 -82 162 224 -184 132 -152 -153 -75 109 -89 72 104 122 249 217 -157 -106 -7 -79 129 245 214 130 181 -59 202 -64 228 -3 113 -229 121 171 43 -118 -15 -207 219 94 -201 -185 -57 99 -116 141 40 -100 -51 -148 -58 -5 87 -169 -225 -180 156 -60 240 -150 4 -171 -78 -243 -13 -81 -198 -170 45 -18 9 158 -37 6 105 91 106 -39 118 220 -68 32 247 134 248 -130 -12 170 -239 223 17 -196 -65 244 200 65 173 242 -88 -226 -22 212 103 -160 -140 -155 -34 192 157 18 218 102 -206 -9 51 -114 63 168 -143 142 14 -242 164 -223 10 -121 243 210 191 146 -123 177 85 90 229 -144 -93 20 -202 -241 -151 -192 188 -164 -98 -49 -126 -10 -108 42 -245 169 -1 111 84 -23 237 -235 -231 28 16 -20 194 -141 52 198 126 -128 -249 101 199 95 -43 -109 -240 83 206 -210 -146 50 46 56 36 -74 -145 -173 -134 -165 15 -69 -217 -110 -70 -62 77 124 21 135 227 234 -200 22 -33 -4 73 190 -56 -115 -232 -244 -183 7 150 -237 197 165 -53 196 136 97 -195 48 41 -193 112 -177 81 211 -35 -32 -189 193 131 119 -142 -8 -54 -17 -228 179 185 178 137 100 75 232 -45 221 -14 -112 175 -167 149 -149 -77 145 -214 176 -41 -161 154 58 62 89 163 -133 -61 -47 24 27 -120 180 128 222 -220 25 -203 -36 30 70 114 209 -208 166 226 -162 -179 140 138 -197 34 60 -86 204 201 -111 231 -19 -247 -246 -154 -199 96 69 -40 -52 35 230 213 203 -204 133 208 236 -224 -222 -94 -234 1 -190 -172 -119 54 -248 -63 159 153 186 184 67 -16 108 86 82 80 -31 55 -125 23 -71 -163 -42 47 216 183 182 
TEST 28 ARG:149 -5 -153 -157 -151 -130 -224 -49 224 77 -134 -3 -106 -219 209 -56 147 46 229 236 106 -181 101 -144 -77 -85 29 84 212 -42 -86 139 141 -128 -229 -225 119 128 14 -55 56 203 -163 168 -212 -138 30 189 120 184 134 -11 -146 -32 -94 94 -31 -37 208 60 -115 -179 15 -242 34 93 -91 143 -107 136 238 -113 129 91 223 205 97 195 -193 -23 83 -43 123 96 -17 -155 53 -169 -112 41 158 -215 -111 61 -9 -152 -71 -213 249 100 -143 -90 23 -232 -176 -73 192 -16 -150 -180 167 228 -218 -250 -84 177 -44 -26 9 81 54 214 157 22 159 176 -92 -117 88 -131 113 24 170 45 246 242 -96 -59 -221 248 -188 39 72 -39 138 211 25 -82 -208 -216 -19 -222 -217 207 114 -139 -206 161 12 125 226 10 131 142 198 220 -124 239 -244 -164 146 -240 174 -245 -46 190 156 -74 92 232 65 0 57 -156 -122 204 48 112 -178 -149 -223 -121 222 -230 -177 -81 202 201 107 233 181 187 216 132 16 -15 -25 8 49 89 -114 -142 62 -116 172 90 -186 191 26 -50 169 -18 -198 -226 130 199 -95 -227 160 11 163 162 -127 -22 20 234 -187 -6 -101 -132 124 -241 -98 118 -161 -249 -228 -79 154 37 -214 230 -200 32 58 155 -158 -2 55 -64 43 -63 21 -7 80 42 -29 -24 -118 -123 -211 -246 4 151 180 218 175 64 -52 -174 -141 197 86 -119 -20 -185 -145 67 -233 -166 52 117 28 -189 76 -103 -173 -1 -243 -207 -137 -14 17 -154 -28 213 -129 -51 2 150 -203 104 -165 -172 -202 227 75 -192 13 -70 -104 140 -53 -133 5 -159 116 -160 165 -27 121 70 40 194 -125 -68 217 -87 7 1 -237 -47 -167 221 179 135 -35 -10 -57 6 231 -34 115 185 68 193 87 153 3 -204 186 -66 33 -30 -78 183 -205 -102 148 -168 -36 63 -75 66 -148 -108 -97 -135 -40 -72 133 -62 171 145 -61 105 -69 173 164 -238 241 247 47 -175 -136 -162 -220 -76 178 27 -194 73 -100 243 -65 245 18 196 109 85 137 38 -21 -45 -83 -236 -38 -234 -231 215 -33 95 35 200 -89 235 44 -195 -58 69 79 -199 -183 103 -4 -93 -197 -140 -190 19 -99 82 -109 -80 102 51 -147 -13 -209 210 -184 206 50 127 36 -12 74 -88 -201 78 126 -120 -41 225 -247 59 108 166 -235 -191 -171 31 99 98 237 -54 -126 -8 -170 240 144 -239 71 -196 219 -60 244 111 182 -48 152 -248 -182 -67 122 -110 -105 188 110 -210 
TEST 29 ARG:-16 -238 249 -62 -1 -85 220 -240 233 -122 189 103 88 -110 10 -235 131 -174 155 -208 -176 120 -168 203 185 139 -204 73 204 -98 -192 36 -185 -30 207 -46 137 25 49 -119 -243 142 -229 -144 78 -244 114 -114 -135 -181 -21 35 -82 44 66 42 213 -11 55 95 3 72 -97 186 81 240 -116 100 -103 163 -150 -125 -67 -151 208 122 -89 28 151 -79 202 -22 228 86 64 178 -7 -227 -180 238 -184 30 161 205 156 -223 87 194 182 68 7 113 -10 -40 -195 8 141 -199 -158 -156 197 175 -6 -169 62 153 -215 241 222 -172 -163 -189 117 -233 183 -177 -132 125 -4 143 -164 -245 223 111 -70 -56 53 -239 -24 -124 -8 -94 16 -34 57 158 14 -191 245 242 23 -139 106 41 51 -214 150 -182 40 61 138 -74 -205 232 191 -86 -13 145 -109 56 -222 19 -5 104 -37 -100 -63 -54 -101 43 -143 46 -14 179 244 4 17 -31 38 -57 -167 -47 59 116 168 -93 109 199 172 198 195 -198 -72 47 -221 184 190 -226 -51 200 147 -117 82 -194 -190 63 -52 -213 -210 127 -197 26 193 -225 -162 -155 187 79 -211 123 37 -78 196 29 -149 144 84 165 99 83 157 -231 121 -141 247 206 112 -53 -41 -217 -147 -128 -12 -55 -246 174 239 -234 -58 -17 217 130 -186 -154 48 -104 15 -65 218 -44 -133 -209 214 209 -224 80 164 -88 -134 -188 -247 -69 -159 96 -120 -15 13 170 216 226 -66 236 -50 6 11 -178 93 -137 231 136 97 27 215 126 65 -38 -200 33 -236 12 76 102 -92 34 0 177 -49 171 -112 132 -166 -121 246 128 -202 -75 219 176 146 -2 -113 -242 -19 248 -212 -206 -218 148 5 134 243 -80 24 71 -23 -203 -142 -59 105 -175 154 201 159 -90 152 166 -118 75 -83 -18 -130 173 -60 -148 52 -187 -107 149 -73 -81 74 -183 -77 180 -26 70 162 -140 -9 -161 -165 119 -87 -20 -171 -3 -241 77 -170 -102 -105 -220 -39 69 -68 224 -126 230 -216 -123 133 89 210 -138 -28 -45 -35 -160 -127 90 227 1 21 -250 188 -61 -179 225 229 -145 212 -173 118 -25 67 -228 2 -146 135 -232 181 169 -136 -33 235 -42 -96 -115 32 -27 -129 60 211 18 115 -43 -248 108 9 -193 -201 167 110 -249 107 -48 50 221 85 -76 -64 -152 -157 234 45 160 -84 -106 -29 94 140 -71 192 92 -237 98 -91 237 -230 -99 101 -108 31 39 54 -153 58 129 -219 124 -111 -32 22 -196 20 91 -207 -36 -131 -95 
TEST 30 ARG:-96 -211 147 199 -135 -65 123 103 -91 214 -68 99 -195 106 -222 -217 -123 132 -21 131 -141 175 -128 136 33 -140 9 225 -22 178 53 -25 179 -24 -81 -88 212 -182 -219 71 206 -233 -79 -43 234 -8 160 129 173 -80 -144 61 -55 16 -4 110 226 -184 -60 -156 -17 -82 -198 -227 81 83 248 -172 -160 144 52 -16 -7 128 -206 139 55 11 8 57 156 -129 -137 -244 207 126 41 -114 -47 -134 -110 233 -28 30 -19 -131 -78 -191 -139 142 112 60 195 -12 193 -133 -161 157 -69 56 101 47 208 -232 209 -174 -98 17 230 213 43 -51 -213 -242 2 117 34 118 -1 150 -214 37 183 -35 111 -119 -50 -226 54 -234 -6 211 -193 -138 69 161 86 -92 -67 192 -145 189 -77 -177 -132 39 104 -167 -94 82 119 -125 -188 -124 29 231 -103 -207 87 249 180 -248 -107 -230 -30 5 97 -143 141 -42 -239 78 4 -196 -85 -157 100 168 -204 -48 -152 73 -236 -32 165 -72 -116 137 84 90 12 -101 67 -154 -146 -208 27 70 -117 93 -112 -10 229 232 102 -44 -93 94 -186 68 -171 223 51 -173 98 145 76 -18 20 -201 218 216 -175 74 182 -121 241 -54 -215 202 -228 42 -149 237 222 -209 -225 -205 -29 -150 77 -162 -115 -221 205 -237 -63 -15 -170 152 -52 32 122 -71 92 219 188 191 75 -2 174 59 194 7 -64 -53 24 116 127 -181 164 48 -37 -246 72 36 239 0 -3 -102 -220 146 125 203 151 -238 -75 -33 143 -59 -56 215 -247 10 80 -49 -46 166 -66 -183 -250 138 -23 18 -194 45 184 79 159 -27 -169 35 186 244 -224 26 107 -178 -245 -62 197 -99 167 -159 23 238 64 200 135 170 -89 50 246 63 -203 -109 -73 15 3 -142 -83 89 -147 -95 -14 -197 -118 210 1 46 240 -249 228 -26 181 -84 96 -192 227 114 120 -113 236 220 -153 -38 -34 247 177 176 149 44 -168 -164 204 -136 -31 -241 -223 40 91 22 88 19 -243 153 -40 113 -126 -11 108 190 6 224 124 133 105 14 -158 -210 -87 221 154 -235 -57 -111 -120 169 201 -97 -185 25 -148 -13 -100 66 -165 -90 -163 -231 -202 -179 -76 -70 217 163 -58 187 235 -176 -9 185 21 130 38 158 196 109 -189 62 -155 65 -151 155 -212 172 95 -86 115 -122 -218 -108 242 -5 -190 198 -39 140 -127 134 -130 -240 -187 162 -166 28 -105 148 -216 -104 -74 -36 -45 -41 245 49 121 243 -106 -229 -61 -180 13 171 -20 85 31 58 -199 -200 
TEST 31 ARG:-220 -60 -175 165 -68 97 -150 170 139 -7 161 153 -185 167 -47 -74 -237 -31 137 -134 24 152 -3 136 175 68 -67 -190 -224 37 6 -178 55 10 58 30 185 134 31 223 -214 20 -201 -222 -181 -38 -75 -77 248 56 -194 211 -211 -193 -130 -179 -40 221 -195 -219 220 -93 160 -2 225 -228 159 -50 -200 -176 -122 -113 123 79 98 -239 46 168 1 -78 -72 -128 -205 -49 -14 86 -32 -166 113 14 182 103 84 192 -171 196 -191 111 181 71 -21 74 -110 244 15 229 156 -197 117 -34 -248 -17 102 122 -127 173 50 199 38 -177 233 -184 57 -187 -215 215 188 198 -111 18 -167 5 -9 -125 -12 219 131 164 2 238 48 -221 -234 217 -64 70 17 -109 49 -102 -170 -151 150 106 242 -45 -29 -226 -35 228 183 -41 218 -37 -107 88 178 207 91 -25 -207 22 246 125 -18 87 138 72 140 142 95 -115 8 -66 -73 39 -157 -91 23 -97 -244 -148 -160 190 -249 226 189 78 222 -158 -159 45 119 169 -145 -8 -199 -212 9 209 -42 -83 -84 -147 162 0 28 -80 151 145 59 36 -81 -100 115 34 21 69 208 -152 179 77 -99 -235 67 3 25 -129 52 172 -30 26 -140 -59 82 -236 -51 11 -52 -26 -188 126 -20 61 116 -70 -124 -243 -90 33 85 27 -186 -76 -126 -27 -231 -108 -173 -218 -227 -135 -149 53 245 227 89 166 35 -133 -98 -55 -132 -96 187 81 236 -95 -54 120 174 105 -189 -223 -208 148 75 -118 -1 -4 -39 44 -242 -106 141 -5 204 -123 132 214 -206 -232 80 -142 -247 60 237 -61 -154 4 19 200 -11 -48 16 109 41 54 -161 -57 108 176 -33 241 -94 -79 -16 -104 158 155 -198 195 -103 65 171 -44 -63 -137 -192 234 -209 205 193 -183 -71 213 104 163 -23 -92 129 -53 133 -245 76 121 -225 29 224 107 -144 -119 -112 -168 147 -121 -241 66 -146 -86 -174 -156 -22 13 186 -138 100 -6 135 -229 -87 101 -65 -213 -163 127 12 203 -10 -88 239 -58 93 -69 110 -136 -155 212 124 -169 -117 206 -180 -153 -165 -204 -203 194 -56 -101 130 -217 -139 230 63 62 90 96 -250 -114 -143 51 216 -164 157 118 202 -141 64 83 235 99 114 -162 143 -233 -182 -230 -24 -238 -13 -116 40 177 128 149 -19 92 180 -196 -43 232 73 184 247 -85 -36 -210 -131 -89 144 43 -15 112 7 197 94 -240 -120 -172 210 243 201 249 -246 -62 -82 146 -28 -46 231 32 240 -202 -216 42 47 191 154 -105 
TEST 32 ARG:170 -21 161 217 -231 -246 26 68 245 -38 -241 63 -146 136 32 54 134 84 -191 -163 103 -65 -44 219 -181 53 -197 -95 231 -59 79 117 171 192 -211 -43 101 -133 237 -145 76 16 -104 203 -13 114 -102 145 -128 168 -190 -130 57 207 -206 39 -244 241 130 249 17 -153 177 -70 -204 -50 35 91 -99 -187 93 -57 -121 213 -180 -30 108 218 55 -242 -137 -73 -53 176 -68 -217 205 -75 110 95 -56 -139 -184 -100 -221 167 215 77 -74 -96 -64 88 -17 50 -11 7 120 78 154 -220 -140 90 28 150 173 -51 -196 -249 121 119 -114 -164 -134 180 -218 -226 -76 -172 221 96 23 -85 148 -195 -109 -72 1 185 -118 -239 69 200 144 -108 6 125 174 36 -174 -119 239 -24 -88 -209 -193 58 247 156 59 -23 -52 75 46 226 25 149 -39 -158 195 -173 -147 29 -160 133 -175 -16 -210 152 235 -243 -194 0 -6 -228 113 14 -120 214 -94 10 -48 -97 -247 186 -7 -230 216 100 107 -26 102 201 -3 -169 -42 87 -12 -138 206 132 -123 187 141 147 -9 -198 157 38 -233 143 222 -250 60 -161 4 -55 71 106 -216 -32 43 -159 72 194 124 -14 -225 233 -31 183 158 210 -248 135 -110 -46 105 224 -28 13 181 42 21 -132 -4 -227 -200 -165 -188 -142 -131 83 31 -41 3 -79 -19 223 66 70 -5 -205 -240 -29 -179 165 51 242 -126 -182 41 34 -47 175 30 202 -213 -18 86 204 131 138 -177 -62 244 160 129 -166 -71 9 -154 81 118 -113 62 188 -144 220 92 189 -202 80 56 179 -89 -1 -122 248 190 -152 -219 240 65 -60 172 -178 196 -22 -167 238 -222 -124 182 162 -25 142 61 52 159 236 22 -170 -135 49 -223 -78 164 229 -33 -8 -183 -149 -111 -115 163 126 -90 74 -77 44 48 -34 -148 178 153 -63 111 -162 27 140 -185 -84 123 -141 15 -36 -66 232 -229 -67 211 -168 199 82 193 -91 5 -236 -117 -125 -212 139 -92 -203 -189 112 166 -156 8 151 191 122 -54 -192 -234 -37 230 137 212 -45 -245 -93 225 33 12 -199 -237 -10 -176 -136 45 98 -129 2 -27 47 -83 -107 -186 -80 -40 198 -86 -112 -58 64 169 208 89 243 127 197 -69 146 -207 228 37 -150 40 -143 246 209 -151 -105 -201 155 -2 -171 128 -35 -101 234 104 -157 19 -238 -155 20 94 184 -103 -106 73 99 -214 116 -116 -49 -232 -215 85 -82 -224 -127 67 97 -235 11 -98 -20 -15 -208 227 24 -61 -81 109 18 -87 115 
TEST 33 ARG:212 -39 7 -143 9 -240 -197 -96 96 -90 -124 155 170 -153 171 -98 -193 169 75 146 23 215 104 -213 -70 -141 -247 -84 -34 -110 -6 196 -36 189 178 -226 -237 -162 59 -92 -65 -30 201 80 229 -60 -17 207 -91 173 -63 208 -22 -23 -146 -55 88 213 24 132 -64 249 -166 -130 -200 -7 191 -10 -85 185 -57 -112 -217 -163 -113 -120 -168 154 235 -95 130 109 20 -152 -19 -77 -149 151 138 38 -219 -107 79 -122 -144 26 -11 204 -231 -245 -138 -140 -208 89 42 -181 86 43 -114 145 -203 210 -131 -248 8 135 111 128 227 152 11 44 30 33 183 -249 -74 -88 192 -100 137 -229 0 -170 -117 -106 220 148 209 -4 -79 216 -190 -211 197 68 1 -158 2 -40 237 54 222 55 217 -33 -224 -221 -186 -179 -230 34 -169 62 -38 -41 105 -132 -31 -87 134 -139 136 219 -126 -101 -189 157 85 -161 97 81 188 -209 142 -183 -116 195 181 70 159 -80 -75 27 214 -27 -50 51 203 230 -191 74 113 22 -44 -2 12 126 -3 -53 -52 -72 -150 -25 243 69 -49 -241 -246 175 180 -15 58 -236 -26 -115 -242 103 -207 77 108 -205 -51 -121 -178 110 -148 167 206 -29 4 -192 194 90 10 18 71 -43 123 -37 45 193 -127 -145 32 -154 63 -35 25 239 163 129 211 -18 13 -111 144 221 50 -184 -20 -147 -210 246 127 6 225 174 36 -156 125 -155 -225 -216 120 -12 -68 -174 29 114 39 -218 -137 -129 -151 164 19 100 232 119 -48 124 98 17 -157 179 -81 -109 -99 95 -227 99 -160 66 -66 -172 -69 184 -159 64 -214 223 -196 -93 84 -135 118 -187 -194 238 92 172 -167 -118 -24 -108 -222 -13 -5 -94 65 147 149 150 52 91 -62 37 56 16 -232 -71 93 218 -234 76 186 -83 121 -201 107 21 -180 240 140 78 -250 -61 -235 -16 228 117 83 153 166 -233 112 -46 241 -177 102 -58 -175 -59 176 -47 143 247 -32 -185 -204 -198 3 35 -28 15 -165 -173 -14 141 -78 248 14 -128 160 -103 -104 231 72 165 87 -215 198 199 200 -199 -119 94 106 -105 -86 245 -182 61 40 -134 47 131 122 161 -21 31 -97 -42 -206 -1 -243 234 -176 67 28 73 48 -171 82 49 190 53 -142 115 -220 -188 -195 116 -67 -45 139 -89 156 -238 -56 -73 41 177 182 -102 -212 -9 5 168 -239 -8 -54 -125 -202 158 205 202 57 -123 -228 -82 46 226 101 -76 233 -133 162 242 60 -244 187 244 236 -164 133 -223 -136 224 
TEST 34 ARG:231 -203 175 -145 -76 -187 116 178 -34 -152 -138 -245 36 -107 4 -51 32 22 223 115 106 73 -42 -29 -120 -109 51 -57 87 -99 242 10 -247 -171 14 221 -119 -164 -140 -221 -179 -227 206 183 -240 -13 41 137 109 -61 -180 -122 -14 37 217 173 -16 -173 -186 48 -211 16 -48 230 -9 34 39 -207 200 149 -56 169 -214 -239 219 -244 77 -7 -47 202 160 105 -114 56 147 -158 -142 24 112 93 145 -40 249 -220 -121 -102 -228 -149 59 -60 -198 -94 155 150 -195 101 189 -116 247 -155 -36 156 192 -242 21 136 50 148 -210 68 -85 -201 196 218 92 -92 -204 144 -249 -44 19 -8 28 44 -45 184 -156 -231 182 -19 -32 -111 235 -197 -185 -73 118 -37 83 -66 237 133 8 -33 -238 -89 6 -69 86 0 117 -208 129 174 244 -83 -62 226 66 38 -172 99 82 -96 209 -24 84 113 -46 -150 159 -1 154 -233 204 -154 -110 246 -230 75 -27 -146 248 208 -225 201 45 70 -206 -218 132 194 176 -22 228 222 -53 -163 -133 97 134 -193 225 -50 111 -232 215 54 3 241 -166 72 187 -157 43 -71 -31 161 -219 88 -236 -215 -28 243 -136 49 -177 143 233 197 31 -128 -3 33 205 126 -178 191 -223 94 -125 -55 212 210 69 -199 -82 -93 -52 30 131 -95 -59 -98 67 -209 -106 -139 -213 195 130 198 -170 213 -38 -241 -123 42 -97 -78 -84 -23 -143 71 -49 -175 138 211 -135 123 -39 120 140 -188 60 46 172 119 232 -234 224 -124 -91 180 -41 -88 7 40 -20 61 -167 91 -200 98 47 240 -21 107 17 141 -212 -87 55 170 2 -11 -2 171 -101 -196 -67 -235 207 9 89 29 203 -131 -43 12 -222 121 -81 -113 179 64 -75 11 27 164 -159 139 -117 -108 216 -153 185 -64 57 -243 -17 -237 23 -68 190 125 -105 -192 -118 -4 -174 76 102 -161 96 -160 -216 -189 58 -205 151 153 227 -147 114 1 168 -74 -134 -35 -25 -6 186 -127 -250 104 146 80 100 -181 181 157 110 -202 85 -169 -12 -115 -184 -226 -162 -54 15 158 35 163 26 -183 52 167 124 18 239 79 -90 -18 -100 -80 65 135 238 -144 -129 -217 53 -104 -141 -77 74 95 -26 -176 -190 -70 -229 -151 -148 236 122 -137 -130 62 127 13 -112 -5 220 234 -86 103 90 -224 -58 166 193 -15 63 229 -10 152 -248 -165 108 78 188 -72 -126 -246 165 5 -79 81 20 -182 -65 -103 -30 142 214 128 -194 -132 162 -63 -168 -191 245 177 25 199 
TEST 35 ARG:-158 -92 177 193 -58 223 -125 199 198 115 -230 -117 112 225 233 174 86 -107 -3 -229 -51 -39 -139 -133 125 -113 240 -37 -36 -160 204 230 146 -1 178 34 -165 -30 46 186 6 7 27 23 -80 50 -181 -24 -112 -114 165 227 203 148 150 -22 -96 54 9 -166 -164 -82 -210 -233 -59 -169 -188 145 -97 67 -234 56 60 211 45 -12 188 -2 -79 77 -141 -126 140 239 81 -99 -231 -242 249 245 20 41 -66 149 -27 -137 124 22 -185 -168 117 -197 21 -77 -52 95 -109 156 17 -41 -54 -174 -94 62 172 -42 109 244 -157 -83 70 14 -198 68 15 88 -247 158 -143 -100 247 36 -90 -172 139 -183 191 234 -228 175 -195 -45 11 123 -194 222 61 190 -221 -136 -73 195 185 -246 16 -34 80 -64 248 -127 -120 -67 219 -122 63 29 118 -223 65 -14 84 -128 74 52 99 3 226 127 134 -191 -23 -148 5 200 -48 82 -4 -71 -87 212 -131 -171 28 192 138 207 30 132 102 98 130 40 -134 -135 142 -62 -239 -10 242 71 210 -56 79 97 103 -111 131 -243 -209 170 -110 -25 -17 -72 -129 -217 -91 -222 19 176 -61 -203 -241 196 160 108 48 107 -154 1 44 -178 -199 -15 -152 -155 -211 -63 -159 31 246 -180 161 -240 -212 224 10 -123 -5 66 -204 -140 -118 166 78 -192 -55 -219 -144 69 126 136 -49 -116 -85 241 -86 147 181 -102 -232 164 213 -29 122 159 -89 -173 -32 197 -151 184 -78 -184 154 93 153 -119 32 -238 -196 2 -18 -226 215 38 83 -35 183 171 -227 -190 64 -16 -207 -7 -149 209 168 -33 -235 -21 75 -57 -208 119 42 -224 -248 -28 51 -53 231 173 104 113 85 91 -46 -206 -216 243 -44 90 217 -40 -43 -75 -170 -163 -11 -124 -132 -93 -88 -193 -147 137 128 -104 -74 144 -121 -213 26 -161 121 180 57 -138 37 143 205 -146 -156 -244 -201 -38 -6 43 100 25 -101 -142 -177 229 -200 13 216 218 -105 -179 182 -31 201 -130 4 -236 110 89 208 194 55 101 187 135 -245 141 -225 59 94 -70 -182 -115 73 -8 -218 18 -237 -98 -167 155 237 -250 228 -220 -214 -202 -176 76 111 -187 151 -215 -84 96 12 -26 167 92 35 -249 -189 235 -153 105 -13 120 -47 -60 157 -81 58 -65 53 214 129 114 116 202 -20 -9 -50 -106 -162 189 39 169 152 49 -186 8 -145 -95 179 236 33 -103 163 72 47 87 238 -175 133 -69 221 -76 -108 -205 0 220 106 -68 206 162 -19 232 -150 24 
TEST 36 ARG:-90 21 -170 -99 238 172 -187 -5 8 0 30 -175 246 -200 188 -67 16 -179 -42 -66 125 -152 82 -47 -100 -54 81 -140 190 199 -96 -82 -105 -177 225 -41 -133 -221 63 23 44 -15 -14 -103 99 152 11 -204 4 115 -178 -202 -93 -198 64 -69 -112 50 111 -65 181 -235 249 -56 120 -8 165 -196 -199 31 -126 -45 166 -154 19 -40 -116 1 -131 -241 217 59 79 -134 175 122 -220 18 37 -11 193 6 97 12 162 223 131 176 244 -240 -150 83 -138 151 29 228 -171 -142 -52 92 -53 -161 -239 -218 -214 -94 -219 -64 48 -162 248 -189 -109 -136 -203 -228 55 32 -1 9 61 -238 -113 222 -34 -111 -182 80 -119 -78 38 -7 69 123 -132 108 221 161 -73 215 142 -176 -209 -27 -143 243 -183 -18 202 -75 13 -16 35 226 -146 -10 -173 -224 90 -30 25 -33 71 -165 89 112 -57 56 173 -158 204 34 33 51 47 -91 -43 84 -236 -195 169 191 -139 -180 -208 -186 -77 -172 -230 207 -86 -141 -155 -248 141 -128 -127 219 205 -137 -35 -79 -3 68 60 -125 54 -225 15 154 28 -115 95 170 -49 -156 -21 -36 168 107 -135 236 -83 66 210 -117 130 143 -193 2 -122 73 -106 160 52 145 -13 -211 -169 220 101 57 183 -234 96 -250 185 140 144 209 -6 -76 245 -62 49 36 -215 121 -249 208 167 17 148 -50 -104 149 -71 -102 -58 -124 171 138 133 -84 230 -110 -48 -144 -192 119 -39 216 192 126 -163 -97 206 74 26 -191 87 -28 39 -229 77 -121 218 163 234 27 -87 179 -222 147 -61 -190 -60 135 -213 235 -88 -159 203 184 134 214 -188 -72 -157 76 -160 -242 196 62 194 150 174 -81 -29 -245 -89 40 116 -243 198 -181 5 247 -74 -226 237 24 -217 -206 78 72 118 -167 110 91 -174 -9 180 98 65 -25 -168 -55 158 -197 -247 88 178 -22 94 -216 -194 20 187 -232 -37 132 -23 136 239 -12 100 233 -20 229 -85 85 -184 -17 213 -223 -70 -147 102 41 75 22 -59 232 -51 7 177 227 197 157 186 124 -212 -227 103 86 -118 -244 70 10 240 -68 -46 200 146 -80 241 -164 189 58 153 43 -246 -92 156 117 -207 -120 -26 129 14 182 -44 109 -233 -231 128 -107 -24 -153 127 106 104 -166 139 155 137 -2 -108 -151 201 3 53 67 -114 46 45 -19 -210 -130 -201 93 231 242 -32 212 -101 -31 113 -185 105 -95 224 195 -129 -123 -148 -205 -38 -237 42 -98 -63 -4 114 -149 211 159 -145 164 
TEST 37 ARG:208 31 34 148 236 194 162 -45 126 -85 176 144 136 99 192 171 106 -217 -225 202 26 -231 107 -80 42 197 -238 -248 -137 -135 -119 132 189 227 201 118 -43 229 128 158 180 241 -36 -239 -190 155 2 195 199 19 52 -29 55 233 -5 11 -7 211 90 235 -11 -51 65 -178 29 149 -105 135 -120 -241 -78 8 18 -98 -115 68 -234 -71 63 -205 -218 -39 101 -64 56 -168 143 -188 -34 -215 -237 93 87 83 151 183 -27 123 109 -122 -4 142 117 -162 15 -46 179 10 -164 114 -174 222 -210 71 -187 -160 137 -113 198 88 -55 -92 203 -68 57 -121 -175 181 163 -82 39 -116 -70 -211 -171 44 -136 185 -23 -184 177 160 121 113 110 216 -167 -177 35 -133 -99 -90 193 -13 -75 242 -249 -31 -56 152 -61 -179 -91 -206 91 -235 21 -142 84 -95 -203 133 141 -49 -81 -3 -83 -69 -148 -21 70 -189 -42 73 20 -191 -57 43 140 -151 215 77 234 174 -86 -76 178 187 127 225 -156 9 -102 212 50 -8 96 -32 -63 -138 40 -129 80 62 -233 170 -172 -110 246 -213 164 -35 76 -193 -150 -107 14 -173 -44 -139 -74 3 -199 134 125 -208 92 116 237 230 219 -59 167 -26 111 -245 41 -16 67 120 -103 -165 221 207 -170 -114 228 74 145 -37 -227 -65 51 115 5 -109 -124 -132 -130 -144 100 -38 -123 -118 217 -226 64 238 154 24 -159 -33 38 82 -104 232 95 -40 184 231 153 -73 -89 85 -143 -153 -22 -219 -230 -54 -108 -79 -204 -195 -214 -20 -216 81 66 46 -229 105 89 130 86 -97 16 -157 -17 226 -181 79 60 47 -134 -196 27 -221 224 204 190 146 -24 -183 244 -1 -198 -222 248 -127 32 75 -169 -243 -117 -201 -180 -145 -88 -126 220 -131 22 37 -66 182 214 -19 45 33 98 36 -176 72 129 247 -207 161 -185 -209 -223 -96 156 -247 -232 25 -158 159 -154 -224 173 172 -242 139 102 -94 -140 213 188 -228 -60 -236 -47 157 -152 -67 186 -41 17 122 -28 218 -72 13 -77 104 -246 168 -141 150 4 0 209 239 -111 -14 175 28 -6 -30 -212 -18 -106 -101 112 7 -244 -186 249 -25 -125 124 -10 166 191 243 23 -9 -48 61 -146 -100 1 -240 54 200 138 210 49 94 48 -161 103 -52 147 -12 -87 -202 -112 -197 245 108 59 -166 -163 -93 240 -58 -2 131 -15 223 169 -192 -194 -200 -128 -182 119 -155 -220 30 -53 165 -147 205 69 -62 -84 53 12 206 -149 -250 78 196 97 -50 58 6 
TEST 38 ARG:14 -152 93 -206 200 28 222 -164 -198 -63 -159 41 156 198 185 -47 -1 -125 44 -128 -108 197 -75 -92 -196 214 245 234 -76 219 94 -249 72 58 241 164 6 40 -114 236 -46 -70 -153 -238 192 180 215 -101 -104 138 -8 -126 231 -122 174 -192 -107 -87 -41 113 62 178 -113 173 -184 166 89 161 205 -112 -91 230 165 -21 136 -207 19 -3 86 107 -28 217 -171 -7 -178 -240 95 34 51 -120 -45 24 12 -6 239 -226 -103 42 35 -203 -106 66 -208 122 -12 -117 -176 96 11 117 150 -250 -85 -88 5 227 -109 -137 177 -94 -83 206 39 102 75 18 -102 237 -165 -210 116 199 238 -155 26 45 -9 -78 -216 -86 103 158 17 148 100 -244 2 -93 53 -53 68 69 47 -43 159 145 -69 233 -22 -15 191 101 37 49 141 130 70 187 20 -180 22 -10 -166 -188 -170 109 74 -211 76 -4 90 -119 -239 -100 -212 203 82 120 8 -26 -29 153 -187 -55 -50 -35 249 71 -62 -227 232 -18 121 221 -11 -168 -31 46 -197 13 244 184 77 1 -118 9 -195 162 99 -20 10 -73 97 -82 110 -174 -97 -143 -183 73 -51 -68 125 -95 -130 135 -134 118 -136 -201 -141 -242 104 -16 168 140 175 182 -185 3 220 -213 243 190 212 80 163 -54 38 -145 -161 126 -158 -144 247 105 -116 132 -175 167 218 -236 98 188 -135 7 -160 36 225 -48 -231 201 21 -232 -219 -44 65 248 23 151 246 -42 15 -132 -14 181 -169 -186 115 -173 -79 -149 -235 -139 -225 -199 -49 63 -167 -90 -156 16 -124 157 -64 -230 -25 -220 142 -140 129 78 152 144 85 91 -2 43 119 -36 60 208 -24 54 176 -214 -202 -58 -150 -84 50 -163 -147 -179 -32 -241 229 -56 -181 224 -38 57 67 83 84 240 -228 -111 149 29 -127 124 -13 -154 114 -146 112 -193 61 -66 -189 -182 -17 131 207 -77 -52 -204 -177 -131 186 -57 210 216 59 -223 -33 -194 123 133 -121 -123 108 -89 194 -39 -209 170 -61 -115 88 -200 128 32 154 155 -98 -105 -190 204 87 196 -172 -221 -245 -151 27 -5 -222 -129 -142 48 -71 -59 -234 183 25 -72 79 81 189 -229 139 -80 202 169 -30 172 228 56 -237 92 55 226 -19 -67 242 -99 -218 106 -40 223 127 134 -217 147 33 -162 143 -96 31 -157 -138 -37 211 171 4 -23 146 235 -233 -248 -110 193 179 213 160 137 -224 -243 111 195 -27 -215 209 -205 -60 30 52 -247 -81 -74 -34 -65 -148 64 0 -133 -246 -191 
TEST 39 ARG:-79 -11 229 -139 -161 -220 49 146 -9 -86 -89 -162 62 1 76 -80 -232 219 45 -193 222 72 -233 102 -41 -219 233 183 129 -100 209 241 -185 -166 48 -146 131 160 211 34 121 91 105 114 109 -225 166 -147 -169 177 217 27 -12 175 -43 228 98 -196 37 -44 -112 59 226 133 111 -114 -70 107 -179 80 237 150 -113 58 -236 236 -244 159 -104 182 -239 134 -200 -52 151 -183 4 -5 -195 127 -192 205 118 -50 -125 140 -189 41 -110 -82 139 169 53 196 -77 15 -168 -4 141 39 106 -138 -203 -78 171 -208 185 122 -27 81 174 -39 -223 73 135 -93 186 50 -22 181 -230 115 -174 190 -15 60 -217 -101 22 -18 161 189 -181 238 117 232 147 137 -54 38 202 -120 -91 -213 207 -191 97 -26 248 -28 -97 -160 130 -241 65 132 -23 7 -206 18 83 -95 184 86 -129 -55 -92 -207 227 -21 -107 -106 -126 179 192 -56 -53 -61 201 9 -245 -99 -150 145 -145 28 99 -35 -19 89 -20 -159 -34 173 164 247 216 -201 206 5 -46 -6 -109 -59 2 -13 -30 -87 -190 74 -184 -122 203 210 -151 -24 -65 -204 -163 168 200 -131 108 214 101 -178 -2 -64 88 46 -72 119 242 36 44 144 162 -81 136 -118 153 -75 231 -32 178 180 -1 -228 93 -36 23 191 249 -38 16 -14 126 -171 187 12 -42 246 -57 -103 -175 -172 143 64 208 77 -127 197 -235 35 79 -246 -98 -58 55 103 -152 -144 -180 -102 -133 -154 -238 195 6 -48 212 -66 -68 213 155 -74 154 220 198 204 -187 -216 -157 94 56 -222 70 221 30 -165 -182 -143 245 -234 -229 215 167 -132 -60 20 138 52 -47 -16 -188 -197 218 -156 -214 -63 -149 -71 148 -85 163 -7 -142 -249 124 -73 -173 8 -243 225 82 85 112 -90 -123 63 43 84 110 61 157 172 40 128 156 -212 -33 -224 -164 -31 -158 -231 224 243 -186 -116 47 -211 230 -115 92 13 -49 -121 24 71 42 -198 -88 -202 -247 -29 68 57 240 -170 -67 -96 -140 -134 234 -117 96 11 -124 158 14 -136 194 3 31 75 244 -3 -141 -240 87 29 95 123 -108 0 149 116 235 19 -111 -250 -177 -119 125 -218 113 67 100 -37 -237 -227 -25 -128 -69 -242 -8 54 69 26 -51 -148 -167 78 223 33 17 -62 -84 -210 -83 -155 188 -199 -17 21 -215 120 165 -205 -221 -137 51 -153 -40 -45 10 32 -10 170 -194 -135 90 66 142 -94 -226 152 -176 -105 193 199 -76 25 104 -130 -209 -248 176 239 
TEST 40 ARG:-41 -53 238 -133 -119 -59 -163 173 -63 -166 -2 -225 9 -38 120 -195 167 -242 -206 -46 99 -90 -75 145 -233 -164 36 197 -118 11 217 -88 107 -45 -123 2 15 -191 23 -187 -4 171 198 -80 29 38 -101 134 142 -50 -138 69 135 111 122 150 77 115 -156 96 63 -155 17 -51 27 234 48 -244 101 240 -39 -12 -82 74 54 181 112 -236 186 -229 183 -16 -104 -171 -160 195 125 214 245 -86 -148 219 194 -241 157 -170 84 205 67 -20 -21 -6 119 -189 70 -128 -100 -174 114 -74 31 -97 -11 -30 212 4 187 -117 39 34 -182 44 121 -213 5 147 -76 -135 108 -35 -70 -48 1 230 76 -150 -34 -121 227 97 50 41 -179 105 -161 -130 -125 236 190 -15 116 7 153 -136 144 -42 229 -235 -83 156 237 201 -110 28 220 182 170 -139 -28 143 233 154 -52 -142 -158 172 51 75 87 -145 -207 95 185 53 -159 -66 -204 -194 -176 -33 166 -249 -113 -188 -141 -237 -13 -181 -109 -245 -199 -210 199 146 -54 -197 -222 180 -226 10 124 -202 56 -127 86 177 -47 174 -234 203 246 59 215 -147 -85 213 -165 204 160 19 -22 32 132 -25 35 -243 25 -93 -68 -250 -246 94 45 37 -129 -228 47 -134 235 -183 60 159 -205 -239 73 -36 83 -79 131 -220 -247 242 -186 188 -238 -92 109 -10 -193 232 247 58 241 102 33 113 62 239 -55 -64 -144 -168 -172 210 -184 88 -56 -81 -219 85 -209 -89 202 6 222 128 -23 -124 16 -87 223 71 -154 244 49 66 40 -115 -72 55 184 231 92 189 -108 -224 14 158 137 -7 -137 117 208 13 165 -140 136 -8 -106 127 30 110 80 -67 103 -18 -29 -26 -69 118 -240 -231 130 -98 164 -96 191 193 -196 133 -3 -216 -116 179 -132 57 200 8 43 -198 -173 176 89 -32 -14 140 -122 -94 24 -175 -65 -217 -60 -62 -44 -57 228 -40 -43 -5 -37 12 -212 -200 161 162 -143 -77 -221 -1 -19 -126 46 106 -91 -99 26 64 -95 98 -102 -178 221 192 225 72 91 126 -71 21 -167 -112 168 -180 -73 93 -9 -17 -152 -146 90 149 -49 -192 82 81 249 100 -111 -131 -227 209 -177 151 -153 104 52 -211 -214 226 -201 129 -208 -203 79 -107 148 -31 248 -248 141 22 -120 -61 -58 138 18 211 -185 0 -149 61 -24 -230 -151 -84 206 42 3 155 -105 196 -78 218 178 123 207 -190 -27 -232 65 -162 -223 -157 139 216 169 -103 243 68 -218 224 175 -215 -114 -169 163 78 20 152 
TEST 41 ARG:241 161 -242 213 191 -149 -215 -20 -179 22 101 27 -24 -93 -48 -154 150 228 29 -219 -5 -143 238 -94 146 26 140 125 -100 -226 -146 -190 -6 87 245 196 -238 -128 169 -178 138 21 182 110 129 -185 -249 109 38 131 17 -62 246 67 94 23 -14 -2 -78 -171 -194 -157 -126 31 -122 45 -164 247 -33 178 -229 -85 -199 -39 212 79 -144 -119 135 97 -44 187 -42 -132 -203 8 -197 188 15 -175 239 -105 -46 177 -165 104 106 -130 -8 55 -66 229 100 44 -174 -184 159 -51 230 -50 240 -17 25 66 219 -32 76 -45 24 -208 218 69 -77 -7 168 118 -118 -68 143 -217 183 -25 -30 162 -26 -168 -71 -142 98 -102 136 -101 185 78 43 220 57 -213 82 50 -75 -95 -161 -123 -159 -67 151 -98 -37 84 -13 16 111 207 -155 -21 -239 173 36 186 -182 122 -140 210 -11 -125 -234 85 -151 81 165 134 -117 116 14 28 107 -115 3 -173 113 -29 233 232 223 112 -138 4 -4 148 48 -76 -192 -84 -214 -79 237 171 -36 5 -56 153 -28 52 -109 202 103 -57 34 102 121 -196 157 -200 235 91 201 199 189 -212 -148 160 209 224 -35 -166 -12 -129 -183 35 -112 -72 -27 215 -82 -189 133 39 163 -172 -88 -209 13 204 6 141 -201 90 -96 -198 217 92 72 -211 -153 -135 1 -236 -160 -110 -40 -137 -58 193 86 64 -237 139 30 -22 83 54 -19 105 222 -191 -133 56 -195 221 225 203 -49 132 -230 10 -65 211 127 -10 20 -106 -202 -55 -223 -60 108 114 19 -83 49 -205 -111 242 -34 95 -108 -23 18 -38 192 -188 32 -241 -104 -124 -147 40 80 46 -250 -247 -228 -162 176 149 12 -64 128 123 -52 142 214 99 158 226 73 115 -81 -187 -139 58 184 236 167 -1 231 59 166 -181 200 -136 -134 96 126 206 -227 164 -41 -99 -243 47 145 37 -74 -169 -245 -232 -177 147 -31 70 -47 53 -116 137 -92 -86 9 119 -167 -90 198 -70 93 248 77 117 74 75 41 -235 -240 227 -218 -204 -244 -103 88 -54 205 71 42 243 -53 -246 249 7 -150 -9 62 -145 60 -107 144 179 155 -16 216 172 -163 -186 180 -222 -61 120 -80 -170 181 -63 -121 -207 124 -206 65 -97 -152 -59 -43 68 -89 -220 175 -180 208 -210 -18 -225 -114 -131 -158 -233 154 -113 156 0 63 -248 -87 244 2 -127 -193 -3 -69 170 11 190 -73 -176 -231 -91 -224 174 152 -216 33 89 61 -156 51 194 197 234 -141 195 -15 -221 130 -120 
TEST 42 ARG:-40 199 22 171 238 -121 185 139 61 146 149 -92 131 -139 106 -155 108 -108 -67 -12 188 107 -54 -57 68 -10 -193 -28 -163 -56 -210 205 230 -156 32 -34 208 63 174 151 141 -117 1 180 127 -127 -111 -84 26 -176 67 -39 -94 163 -2 -249 -52 89 -102 94 -53 178 234 -9 -7 200 4 143 113 -77 -182 -20 44 164 -66 66 211 -43 -85 -88 157 202 218 -134 160 96 7 74 223 -162 -171 -100 228 -125 147 -138 60 15 -180 -236 -64 42 121 -91 -230 222 27 155 189 -153 -129 56 140 -17 -151 58 -48 -123 -152 12 -69 -13 158 190 -219 -206 64 -185 -229 -31 -98 -124 16 -120 -59 -191 65 13 -194 -232 -72 184 247 38 -36 -33 242 5 -38 115 29 196 226 175 -158 40 -97 248 17 101 237 -41 -1 80 -16 -218 102 24 -177 -90 46 227 85 14 214 62 110 135 -195 3 -23 -95 216 -209 195 84 76 170 -220 -46 88 90 -241 -201 -37 2 220 117 -239 173 -70 104 39 167 -181 -184 -96 219 -63 -83 224 -80 -4 73 -142 244 -168 71 136 57 193 -119 -62 153 201 181 35 -234 -189 -183 152 -144 133 -213 112 166 -244 -22 78 59 -169 129 -110 -99 31 -170 -150 -211 165 -32 11 126 50 -44 99 -60 -202 114 -179 -207 212 -78 -126 -132 91 -30 -114 -245 79 -224 -235 -50 221 -231 231 -101 240 -82 95 -246 156 -161 -116 9 154 -122 -247 134 -199 30 -226 119 246 150 -112 -190 -115 6 -24 161 -160 192 92 -159 -166 206 -49 -5 28 -147 -45 -109 -233 122 8 97 -167 -203 235 137 -103 243 198 -58 19 124 109 25 -212 225 -81 -87 -148 -237 98 233 -149 -133 -106 -140 194 -137 111 -29 -75 186 191 -223 105 -68 -93 -238 93 45 33 -113 144 128 239 -175 204 176 116 120 -51 -143 82 34 18 -174 -128 -146 21 83 51 -225 179 169 -164 20 138 -227 -217 -242 -3 -73 -240 -19 145 -248 210 -135 148 -74 -228 209 -107 -86 -172 55 -136 -165 103 183 -105 207 -188 87 41 162 -6 -243 54 -65 241 -157 215 249 -205 -14 -173 -79 -204 -145 -18 -187 48 49 86 77 -118 -26 100 159 -27 -11 -61 -216 53 23 -89 -104 187 172 217 75 -222 213 130 -186 123 -25 -47 236 0 37 168 229 43 -200 -130 36 132 203 -71 -131 125 -55 -215 -21 -35 -197 -196 -154 232 -214 -178 72 -250 245 -42 10 -8 -198 142 47 70 -141 197 69 182 52 -15 177 81 -208 -221 -192 118 -76 
TEST 43 ARG:-124 153 -53 186 95 86 -184 236 -160 -88 89 56 -138 -218 -114 71 -69 -127 -78 101 54 143 -239 148 -87 99 8 -171 215 -162 134 -177 -56 162 160 -237 104 -233 102 169 -94 -133 -7 237 -229 207 120 -250 -49 -66 6 182 -117 -80 4 -48 49 13 -99 173 -82 240 108 66 -60 130 -64 -38 -103 158 147 -23 22 1 231 -14 185 208 44 -131 -221 176 -235 -151 5 213 -65 242 -101 -245 -71 -191 47 -37 -92 125 59 -25 -116 -156 52 -248 200 -150 197 -230 98 -67 76 -146 -21 -249 -189 -228 51 217 206 133 27 -62 -165 123 212 55 -120 140 -70 187 -178 -219 -161 79 -57 159 179 -106 -190 239 -185 -123 88 -222 41 92 34 -199 -194 222 18 248 219 -41 -86 136 -197 0 -129 -15 60 -91 146 80 -200 -95 -96 126 -42 132 84 154 -206 -75 -54 -50 -176 -74 204 19 12 90 -164 82 139 -181 -1 50 -140 -220 107 75 -31 124 168 53 238 -115 -61 -72 -247 43 -51 226 37 166 -155 -238 145 40 -139 230 -215 184 -13 73 -193 14 -223 152 167 72 163 164 -63 114 -93 -55 -182 119 128 96 -32 141 -186 199 -137 156 -198 9 -170 -20 -43 -208 -158 135 225 46 -30 209 -46 -232 115 178 -209 -17 -108 -34 11 -27 -214 -213 83 -157 -4 -141 2 -169 42 201 -152 -154 28 113 193 -104 -113 157 -231 196 -100 62 137 161 -52 247 -2 69 77 -136 112 -102 -112 138 -89 -234 245 -203 165 -12 234 -3 -122 241 -11 -36 70 -118 -107 67 144 -128 85 150 45 214 -111 -240 121 -24 -236 -59 189 105 192 -119 97 24 233 177 -172 244 -44 68 198 171 91 -211 249 183 25 39 -19 38 211 15 -243 106 87 78 202 -73 205 218 -6 -205 -212 -149 116 -163 -225 129 174 -148 -126 220 -244 3 155 -76 -216 149 -153 32 -246 36 -210 20 64 -130 223 221 110 117 170 -226 10 63 122 175 -97 180 -173 -8 -183 -105 -242 -109 -83 -9 65 -142 151 -217 -29 81 -135 -207 -174 -241 23 26 -167 235 -90 -22 31 224 -196 -35 -145 210 -68 -18 57 -204 74 7 -195 -132 -179 195 21 -10 48 243 -45 100 30 -202 -147 246 -188 -110 228 103 33 227 -39 -175 -84 35 -159 181 -26 188 61 -187 -85 -40 142 -77 -121 -16 203 -192 118 -5 16 131 -143 -33 -79 94 -98 -168 17 229 -166 -28 172 -58 111 194 29 58 -125 216 -180 191 93 127 109 -227 -81 -47 -134 232 -201 -144 -224 190 
TEST 44 ARG:113 -134 -156 64 -203 -142 75 72 174 14 -10 -196 -182 130 17 -241 -246 -103 47 -224 85 56 237 -122 176 -205 65 198 -240 -66 -151 -206 235 105 -128 218 191 -95 -48 -217 -222 -230 98 -129 81 -39 -89 63 -15 -200 -245 118 240 33 195 169 154 177 -125 217 247 -132 60 -145 133 227 -201 248 -8 -101 -31 242 190 8 -157 188 -27 -98 -72 -160 -105 -64 61 -121 62 55 -68 43 213 165 -177 -1 -49 41 -19 -227 -152 -29 -249 -248 -210 -155 46 -56 -232 -115 -169 21 114 -180 139 -238 129 160 44 12 -147 -190 -218 -28 -3 226 193 -81 -12 -109 -34 -148 -214 103 -237 -46 -63 49 223 146 23 -173 179 201 -154 249 -135 167 142 -204 180 -179 -57 -40 -84 59 120 28 170 -221 -35 -167 -194 -225 -16 196 -58 -183 228 -171 76 244 157 -170 -93 229 -185 15 -114 148 -146 1 38 -172 35 -162 -86 -226 111 32 -137 -243 -178 189 19 86 -123 48 -242 224 34 -118 -189 200 126 95 -119 -235 -149 171 116 -106 70 31 80 69 -2 -37 -62 -55 123 10 97 -208 -82 58 37 25 -110 -78 243 -197 -52 149 245 -130 -26 54 181 -168 -70 -250 202 236 230 -202 -90 -186 -112 161 121 -61 93 -193 -80 -102 -216 -21 -136 -153 182 -207 132 137 172 -133 -99 77 -65 216 145 128 -32 175 -165 87 74 5 -9 -13 -36 232 203 -223 162 -229 -87 222 206 151 -85 -212 -234 -191 136 138 184 83 -73 140 -77 -22 205 209 -53 94 -94 122 -51 -215 -231 124 163 99 53 152 39 -144 166 153 147 -198 -42 -150 158 -92 -43 156 82 -184 234 164 -143 -236 -6 131 36 -44 -174 79 -158 -60 -247 144 -107 -219 -79 102 127 219 -69 173 208 78 -244 3 150 110 96 -83 89 183 -163 22 -18 -213 20 -228 -199 -111 -41 51 -220 -76 -159 30 -54 233 197 -188 214 -20 -88 57 73 -176 92 52 -33 141 16 -140 -17 178 -239 67 -192 -117 -45 231 42 115 104 -108 -75 -113 143 215 -164 -4 210 107 -181 109 239 -38 26 -211 -175 112 -138 -30 68 -23 -96 194 -71 40 -14 186 -161 -7 185 199 192 -25 -141 13 0 -126 125 119 106 7 -233 -195 -74 -104 212 66 101 -59 135 45 204 11 -131 24 18 -100 -67 -11 -91 100 50 -5 238 9 -127 2 -50 220 241 155 221 91 159 187 27 -124 -209 225 6 4 117 207 108 168 -166 -116 -139 -120 84 -187 211 246 90 71 88 134 -24 29 -97 -47 
TEST 45 ARG:122 13 36 -204 106 170 23 211 -82 202 -1 -55 -194 -74 -73 -219 -63 102 14 246 50 41 -91 116 -29 -231 196 -99 -32 -164 -199 -96 101 192 -83 -18 -217 206 -237 193 148 125 -35 164 -234 34 143 218 -47 -40 18 -70 -146 -46 226 -202 231 61 104 -126 62 100 147 126 69 5 -138 81 -53 -71 -49 222 7 -188 11 150 171 8 -187 219 139 20 79 107 190 -75 -233 -192 168 -235 -59 -227 -201 -200 48 -15 16 189 -88 -137 216 35 -8 -19 -133 42 92 208 -149 145 -44 -85 -129 -207 -14 199 -125 -179 -136 -92 230 233 -166 -228 -189 229 -30 -116 -249 57 4 44 110 -239 241 76 -6 -56 -94 -140 -115 3 115 -111 -33 -102 78 134 -9 -236 -43 -240 161 186 -131 54 -203 235 113 -190 -108 223 -180 184 133 201 -11 159 -167 245 25 178 -230 47 -135 173 -52 -211 207 -80 -210 -209 26 -145 167 240 157 160 -218 -148 -79 -118 60 56 -155 114 162 53 -162 -184 51 -97 28 -172 215 -212 31 -150 209 212 94 -132 -93 -185 109 74 158 -247 72 -142 67 80 -107 -104 185 71 -165 38 43 59 12 -103 132 -119 52 -60 -241 -195 9 -10 238 -23 -171 248 -38 149 19 -24 64 -31 2 -64 129 151 40 -105 87 191 -77 -37 -158 73 -175 111 -170 -181 -173 96 -95 144 239 205 166 244 -225 -222 183 -121 -25 -223 -245 55 227 213 1 88 -62 -17 -22 153 -109 -28 -7 -174 -141 131 200 -191 37 -220 -34 237 -58 -213 -68 141 -117 39 -50 -5 -163 -151 137 46 221 228 -178 -205 -221 -54 21 -250 -13 -152 84 -156 -169 127 128 77 -2 -244 120 33 -51 154 45 -139 108 198 -113 135 175 -67 136 197 -41 83 98 -242 86 -61 -45 -147 118 95 163 177 75 97 -243 138 214 -112 90 -42 -226 -65 -206 -159 -246 249 -208 -238 49 236 169 182 156 -98 30 112 180 232 -36 99 203 -48 130 217 27 -157 194 -4 -101 195 -182 220 -128 -130 105 -216 224 68 24 -168 -100 0 -134 -84 103 82 93 -87 65 -232 -229 204 10 234 142 -110 -161 -16 117 -69 -20 -196 -66 179 123 -197 -86 32 225 176 242 165 -123 6 58 70 63 91 -154 187 -143 -72 -176 121 -39 152 146 -78 140 -224 -193 85 -160 -26 -153 247 -198 -186 124 -106 -89 29 -57 -214 22 210 -76 -215 -12 -177 119 -183 155 -114 -144 17 181 243 172 15 -90 -21 -81 89 188 174 -122 -127 -3 -124 -120 66 -248 -27 
TEST 46 ARG:-191 -57 -43 -120 189 -37 -159 -171 173 -143 -71 111 181 158 56 171 116 -104 -164 115 107 -178 1 235 -235 -72 217 118 62 243 -228 -20 34 -133 227 153 148 64 -118 128 237 191 -68 -128 176 225 -105 -155 -210 -83 -172 211 -169 233 -179 -82 123 -93 -95 91 -208 -1 242 130 32 180 44 246 234 167 -84 -163 132 54 244 172 219 36 -55 72 -29 53 45 190 -102 -46 39 218 -61 -216 144 -75 29 -195 -59 -80 -34 216 212 69 55 -11 30 142 -236 202 -28 249 -204 -244 -51 -17 -62 -145 178 -103 -181 -221 -27 -5 -39 114 59 49 -54 75 90 -21 47 3 -23 -156 26 -240 -87 98 41 109 -96 119 -8 14 -226 -158 -10 58 -45 245 165 149 -111 8 204 187 -19 57 248 -194 -233 206 -177 88 179 -114 7 -223 -123 -215 -187 108 134 -89 224 -90 241 162 147 -109 106 -190 -137 -188 238 52 23 -135 -203 -162 159 -30 151 -184 164 -92 -245 -124 133 139 -119 122 -15 -25 129 166 -166 61 201 20 -12 -150 -18 -108 -70 156 -182 -35 -229 9 -126 -183 -44 -117 89 -212 -237 -26 157 220 -247 -149 83 6 -209 24 135 -180 207 -175 193 209 121 -220 -86 240 22 -14 -225 65 -168 -112 161 -3 100 -202 226 -65 -138 84 -242 146 104 203 63 -76 -115 -146 230 -193 13 -16 -192 -66 137 -125 -60 183 46 -121 -69 -91 -94 182 33 2 -153 -24 60 -33 198 -77 70 12 103 -199 -101 -213 -131 -218 155 87 -174 -32 -79 -170 177 77 197 -9 -53 -160 205 -52 -211 68 37 -88 174 11 92 -224 -152 185 -2 199 82 -36 -227 208 48 -81 93 170 -113 194 -248 -198 186 -122 229 232 -74 -239 117 -246 43 -165 -129 -38 -167 143 -6 -40 -134 -232 -217 175 -141 -139 124 99 -241 102 -67 -136 -64 17 -22 -151 168 -234 228 247 28 74 140 -154 213 -189 -219 231 -243 110 79 97 4 86 101 73 -63 -222 71 -107 -130 -49 -4 195 138 -110 25 223 81 184 -176 221 5 -132 120 18 236 163 -249 150 -157 -206 35 42 -147 -201 -116 40 -140 -56 131 214 51 -200 0 85 16 95 -196 -13 -197 222 -207 -144 27 78 -58 154 -31 -98 -50 125 96 -231 127 -73 141 -142 -106 145 -47 -161 -100 76 67 160 38 15 -148 -230 -85 210 192 188 196 126 105 94 112 169 66 50 200 -173 80 -205 -78 -250 -186 -7 -99 -127 -97 -185 -238 -42 239 -48 10 31 21 -214 215 -41 136 113 152 19 
TEST 47 ARG:-86 215 -77 -68 -201 -210 -20 -196 -89 80 7 -215 233 25 -146 -114 -66 249 -214 -157 43 -105 217 146 189 -104 1 42 -233 182 239 -76 150 210 -164 88 -2 -172 -139 59 128 117 -16 -186 37 -208 245 234 209 208 -176 0 136 142 -159 22 199 174 140 -47 -10 -50 -73 -38 53 -93 141 28 -120 -7 49 225 -30 -26 41 95 -167 -169 -149 221 -36 89 216 -147 66 110 -247 9 -216 229 -6 -183 101 -248 131 -78 196 -3 79 83 50 186 187 223 103 -11 -180 -84 -240 -222 155 102 77 -83 227 -242 158 -65 -144 -224 203 -202 -175 125 211 -189 167 105 -46 113 92 162 -106 -42 -138 197 -212 -21 169 122 -184 71 -229 132 195 78 -35 -4 -193 -190 109 137 -207 52 -19 127 -238 72 139 -57 159 -179 171 -113 -129 161 -29 147 194 188 119 -94 48 -122 -152 23 -18 116 94 -217 -135 51 -245 -80 29 -195 -28 91 63 160 152 -98 -133 14 130 -55 212 243 27 205 99 183 192 148 -72 8 247 -111 -150 -51 -124 -174 17 241 31 133 -211 -52 -123 138 -117 100 2 -103 5 237 -99 -191 -142 -8 230 -14 -182 21 -41 -24 207 45 -228 177 -244 149 179 -40 242 65 180 -223 204 -204 -27 74 19 18 -107 -194 54 -5 231 -33 87 -60 58 170 -43 -37 -125 -156 -31 -69 126 13 69 3 55 -170 38 -178 236 108 -231 -100 -235 -177 153 -54 220 238 134 16 -239 -81 156 135 224 115 176 6 33 -198 -23 -220 35 151 235 30 -25 57 -90 144 -165 -34 200 -226 -151 86 -246 154 -119 248 -70 213 106 219 226 145 -64 46 -45 114 -58 -63 -227 244 -243 -121 -185 -108 36 -221 -232 -241 62 24 184 93 -12 -131 -161 76 -1 -61 -143 218 -225 -74 -237 20 -110 175 -15 -136 -112 -154 -79 47 -141 -87 -249 129 -206 -130 143 178 90 56 70 121 -163 -171 157 -17 -116 222 -250 -44 -132 -13 -192 -118 -48 104 -101 232 -97 85 173 -187 -82 68 44 -230 -234 -134 166 -140 -71 163 -92 -200 124 32 168 -75 -88 -166 202 26 60 -32 75 -67 -91 190 -9 118 120 -181 -137 -95 10 164 -219 181 -22 -197 111 40 -49 201 -85 -158 12 -203 97 81 -173 -205 -218 84 193 -145 228 172 -160 -153 -53 15 34 246 107 123 61 -102 -162 -96 240 -59 67 165 -109 -56 214 -199 96 -39 -126 198 -128 191 4 -115 112 206 64 -148 11 -236 73 -168 -62 82 39 185 98 -213 -155 -127 -209 -188 
TEST 48 ARG:-202 170 35 -48 164 -180 27 -248 -122 -19 -226 210 -118 -124 -193 65 75 -36 216 -208 -77 -85 230 -149 -110 105 -70 -84 159 -23 -51 -56 25 -65 -128 -32 238 -127 -107 -105 206 -83 -175 -232 3 -154 102 -243 68 -61 187 -217 135 -216 -177 -170 120 104 219 -63 142 -168 169 196 -192 -201 241 -181 121 19 90 -155 -35 -143 -119 215 -247 -1 60 -249 202 61 -240 248 200 116 -43 -137 73 -109 -60 -185 -104 136 -223 195 237 -113 -103 -147 162 -6 138 48 161 242 -239 208 -68 -167 203 -17 -89 -8 -52 -114 118 177 51 49 -135 240 214 -203 223 -178 -132 171 -99 -246 -182 149 -49 -142 152 15 -24 -244 -40 1 -183 147 -58 20 21 -157 247 -62 185 7 -94 -189 114 -50 -46 -86 -219 33 209 144 -44 184 -64 -197 -153 227 201 -242 -54 0 -91 235 -158 -206 -152 88 166 231 154 95 -235 -199 64 18 137 14 -20 168 129 232 -229 -194 34 23 85 74 190 -213 148 -117 -131 -100 -22 125 55 -121 -116 -214 -2 -166 167 40 -87 -82 236 -90 30 122 -42 -144 191 -115 222 -218 124 229 183 -10 97 50 -12 -205 26 63 -39 59 2 173 71 -210 178 234 133 79 212 -120 181 -225 174 77 57 80 128 -173 -138 112 -11 -186 39 -163 110 225 213 -195 -16 197 -133 192 -238 -215 -96 -236 -140 249 70 11 -165 4 -14 89 -136 220 8 130 -9 -123 -31 87 160 -26 -191 182 194 12 113 98 -15 47 -200 -234 -45 153 221 37 -141 53 -171 131 -5 180 -211 198 239 226 -184 -160 204 117 16 108 106 -174 -97 -41 -79 155 -112 99 -172 141 94 186 -145 62 109 115 -53 193 -72 -228 -73 -198 -55 -7 -162 -71 -207 -148 -33 -164 -59 -76 -134 -67 17 158 -227 -74 -190 211 132 143 100 -27 246 91 -125 -78 -98 -4 107 156 86 -75 -222 -231 127 -250 146 243 -245 -95 -57 101 -25 66 93 45 -204 119 46 -196 56 38 -108 165 -81 217 -233 -13 32 -161 -80 -47 -92 233 96 189 163 81 175 -187 5 -237 -169 -18 -34 -156 -30 67 54 84 -146 -129 22 28 -179 -220 -176 10 -38 -106 139 151 -188 -93 -212 52 -101 13 -139 150 -130 -221 -209 134 244 76 111 172 42 36 44 9 -126 207 -230 145 58 -66 126 92 -3 -21 24 103 6 218 -28 179 205 224 82 123 -159 -102 72 69 -69 -151 245 140 228 199 -111 -29 -150 43 -241 -224 188 29 83 78 157 41 -37 176 31 -88 
TEST 49 ARG:80 40 212 -56 0 85 -78 -97 -169 12 214 17 59 -74 242 154 -5 170 32 -13 211 -236 -132 -12 43 103 -234 161 249 97 10 9 -84 88 14 -17 -49 114 244 -162 -208 -28 143 229 189 142 -215 118 24 -189 -35 247 -46 -93 165 69 180 188 106 -130 -224 209 -216 -166 74 -81 25 -85 -238 -14 -36 -227 -220 94 -211 -223 56 223 -163 184 -108 -24 220 138 -190 -90 -209 -59 -126 -177 -20 -178 -41 156 -205 84 -99 -170 60 54 -246 -131 87 -62 49 -241 145 -8 -235 221 57 131 199 -152 -42 147 90 -149 -244 241 178 -32 -58 222 185 26 -176 179 -39 198 -135 -199 -75 127 -37 171 51 -102 175 240 -181 -128 196 -117 33 -106 -79 -6 89 158 -230 36 15 -50 115 67 203 -204 -114 -207 95 75 44 -175 -52 183 204 -111 248 -243 65 -18 140 61 -83 4 58 -247 104 -95 -16 73 -10 102 -133 -173 130 -213 -101 -202 108 -3 -21 -171 177 124 -138 206 153 -148 139 -248 -196 201 35 -187 162 -168 193 -240 -91 -34 -82 187 173 -194 -45 163 28 37 77 190 -249 -104 -245 -143 159 -167 93 -2 -70 207 81 96 -160 167 -188 232 -229 -242 236 210 6 66 39 -38 82 -239 -182 -88 121 144 -89 246 -51 192 -222 -139 8 168 -115 21 29 -110 -155 -144 -43 -25 -31 86 -154 111 -233 -153 -225 -48 205 135 -228 72 -218 119 -186 -86 -226 -151 -121 160 -172 -212 -219 5 -145 146 -87 174 245 -150 -112 -22 233 -119 -4 107 181 -198 71 -96 -180 -183 -158 -120 191 -94 -125 42 202 132 -68 -53 -142 -195 -26 -98 -60 -164 34 -214 -197 113 -65 155 13 -122 -100 -203 227 243 64 -71 197 -30 -179 62 -80 -1 19 -9 -161 -137 -72 -200 186 -141 -40 216 -221 194 164 148 55 234 -66 136 -129 23 166 226 46 92 224 -63 237 -64 213 -157 122 -29 52 -116 110 238 -103 -191 -55 -185 -109 134 -184 -206 -76 -113 -47 109 -92 7 -15 -73 219 -11 152 -217 53 41 -193 79 -165 99 176 105 208 195 112 -174 149 3 76 16 -57 -146 182 -147 -118 228 1 -67 172 225 -23 -27 128 -19 150 -61 -192 -134 63 -44 91 -201 27 -140 83 231 125 117 120 -123 38 123 2 200 -136 -232 157 129 50 -250 11 151 137 101 169 -77 48 215 70 22 20 30 235 -69 -237 -33 47 -127 45 -210 68 133 78 230 217 116 -54 18 -231 218 -7 141 239 98 31 -105 -107 100 -124 126 -156 -159 
TEST 50 ARG:-127 -91 -220 -213 -8 31 73 -123 -22 -200 123 67 177 -143 -158 -47 -57 128 190 -195 97 203 -86 135 170 -94 -225 -13 -59 -81 -236 101 206 131 165 1 -70 -170 -130 -101 -141 66 166 185 3 -144 30 -98 40 -231 156 -139 -31 -129 209 -150 -106 7 202 -121 -41 -202 -27 249 -110 -159 60 232 -219 134 211 -89 139 -250 -165 45 114 78 -10 234 -73 -117 174 -221 144 -7 -227 -133 -173 180 220 -188 -19 197 167 -247 35 -24 37 208 -88 127 117 104 -209 106 219 5 15 164 -103 221 64 96 34 246 47 -79 -113 -168 235 29 41 -146 36 82 155 228 173 -46 229 -37 -215 143 -96 -175 238 -136 -105 -178 121 21 226 241 -201 -71 25 -82 -197 63 217 -97 147 194 -185 -217 -18 70 115 65 132 -214 230 -138 191 242 -126 -21 19 151 -145 223 84 -44 -74 196 80 100 -155 -42 -132 150 237 178 75 -242 -161 129 72 -249 88 -38 195 179 146 149 -137 107 -210 -58 -15 -90 -189 -244 -245 48 -212 69 188 168 182 -240 -134 181 -56 126 -78 138 193 95 225 53 76 -239 -11 50 171 110 -32 -80 -6 -122 239 -43 183 142 -243 154 -9 46 -12 -26 -75 -235 244 -160 -85 98 -60 248 163 -174 91 -164 -193 -196 -204 -232 -148 -54 153 -199 -64 -39 58 86 172 -120 6 -211 -16 -140 245 -33 -208 -191 -183 120 -229 145 -17 59 240 -218 -72 56 109 10 0 -65 -29 79 -194 -162 99 207 8 222 -124 198 161 -30 215 201 -55 -77 231 162 94 199 -40 27 -114 89 103 -206 213 -154 157 -180 -45 189 -156 -28 218 -149 61 -167 -205 176 83 -187 -153 -190 159 -35 130 137 210 187 -151 216 38 -108 -67 22 -107 26 43 247 33 -125 158 -119 -198 -52 -228 -23 2 24 92 77 -203 -223 -111 13 -34 -76 -68 113 160 -172 -36 -100 184 -1 85 62 -163 28 111 20 140 214 -69 12 16 -234 52 233 -224 17 23 118 87 243 -63 124 -184 -147 57 44 -4 102 54 -51 -25 -207 -222 119 -135 -131 105 152 74 68 93 112 133 -118 81 -20 14 136 49 -2 224 -181 236 205 -49 -104 -62 -238 -99 175 -179 -3 -246 -112 90 71 108 148 -176 -128 -83 32 -241 -48 -61 186 -92 51 -5 -186 -142 -95 18 -116 -230 -233 116 122 4 -169 -109 -50 -171 55 204 -152 39 9 -66 125 11 -248 -93 227 -115 -157 -182 -14 -166 212 42 169 192 -53 -192 141 -216 -177 -84 -102 -237 -226 200 -87 
TEST 51 ARG:-116 79 92 -126 -69 -215 122 -15 -77 112 -14 219 174 154 -172 13 -240 -236 157 -246 96 -218 -161 -37 1 -123 126 -141 -85 134 170 -138 31 -164 88 89 191 -177 -75 -2 -117 -180 142 101 98 241 227 207 -191 -78 215 -95 -9 -162 -89 -112 -24 120 -202 216 -220 57 -84 138 -209 -68 137 -130 -58 172 2 237 -198 27 -183 -34 217 78 139 11 -111 225 -20 -196 -66 -242 -73 230 -165 229 28 -184 211 188 202 235 22 49 -182 -46 168 108 -224 -178 -134 152 -148 -74 24 64 -23 -86 48 -230 -28 56 212 -53 175 5 -137 -219 -11 51 -239 -35 159 6 43 9 34 -76 -176 -152 41 -87 149 63 -125 204 95 183 -3 -71 161 74 -65 0 -110 72 -93 -33 -169 -225 33 -208 -190 67 -109 -62 156 -192 19 -213 -217 -64 -133 -92 -229 213 -139 -147 -243 -114 -233 221 -49 131 29 -128 -102 163 -27 -146 -122 169 -150 -10 196 -204 203 -7 -91 113 -13 116 -97 37 -203 50 -118 -168 -247 4 61 220 -142 178 -145 18 -67 123 -157 -206 205 166 40 -212 26 -232 -30 -94 -119 -187 240 130 -22 75 -199 155 -131 246 150 111 -154 -55 -140 3 184 180 177 105 182 -144 86 173 118 165 -181 55 90 32 199 -221 121 -244 239 160 -12 7 -200 -44 82 -90 54 44 -6 -106 -17 231 197 59 107 -63 -43 226 47 100 -48 97 128 53 148 -227 222 143 218 77 -238 -226 -234 -222 -250 -158 -132 -151 70 190 -237 94 66 -186 -159 -105 23 36 140 -47 185 20 -153 65 -155 -195 -52 -188 187 99 -70 -29 164 -249 223 -197 -51 -120 186 133 46 68 179 106 -149 -38 -16 -201 -228 21 -124 147 -210 -5 -185 125 198 -115 233 124 228 200 162 144 -173 -113 12 -72 -136 -241 -163 -171 81 -80 42 -129 115 39 85 135 -248 146 236 245 102 84 201 193 -79 158 141 -32 -223 8 -88 206 60 189 -207 232 -60 104 -214 25 210 71 -216 247 -166 151 -83 14 110 103 -50 -205 -19 234 214 181 -21 -127 153 -189 35 58 -160 195 209 -135 -98 -81 -121 119 -61 -100 -143 194 224 -167 -82 -179 127 -39 -103 249 114 -59 -31 93 91 -193 -45 -40 -107 52 -1 -108 -56 243 -8 -57 83 10 62 -156 45 -36 -174 69 -104 129 -211 16 -42 238 -25 -41 -18 -194 -170 -54 -96 -101 242 248 -231 30 171 -245 -26 38 17 132 -4 167 73 136 145 -99 15 208 76 176 -235 87 80 -175 244 109 192 117 
TEST 52 ARG:158 -19 -217 -218 -111 210 -233 18 195 -241 -86 -173 -51 245 81 -249 47 -11 178 -246 -105 21 72 -31 103 -178 40 -237 -212 -234 149 160 174 246 -163 -206 -225 236 -57 52 161 -166 -209 -23 -193 123 -134 0 217 43 -172 102 -62 58 -104 162 -214 -88 -115 -226 -182 -191 197 -161 125 -190 -230 -2 151 -155 -174 -243 -223 -179 237 186 124 31 4 8 61 -71 -215 -168 -112 -238 57 -106 -16 112 -235 138 147 -227 -184 37 -194 -247 -119 -91 -10 -195 85 168 -100 -118 243 231 192 150 -99 212 206 -171 -199 235 227 190 223 95 -144 -47 137 240 239 -5 -69 23 148 -211 66 -192 -43 93 107 30 200 45 -133 -44 228 14 92 114 29 51 -66 -175 105 232 141 -79 -210 169 97 -152 -159 226 176 -36 179 -220 70 -231 188 121 -35 187 -109 203 55 222 -77 -4 -114 -180 -73 209 -160 -125 -22 91 -219 -55 230 -248 56 84 -176 -96 26 32 -113 -87 -150 -228 -97 -132 175 39 139 -120 -52 -82 -80 126 38 -162 41 -131 224 -207 180 69 173 110 -83 -216 -89 219 204 -147 -136 65 167 -32 -90 220 136 50 -12 87 172 -59 89 -240 74 71 6 129 -93 128 134 53 211 247 -242 10 -201 207 -27 144 -20 48 -135 -149 -63 -167 133 143 27 113 111 -21 -85 88 171 166 -165 -224 216 -110 90 119 64 -181 12 -34 59 -13 -78 -156 229 62 -153 -40 153 -81 -50 -8 202 49 -127 185 -65 13 15 -186 248 -204 44 16 -17 -7 -138 -124 73 82 -140 201 -128 3 36 -68 -169 2 244 -24 100 -3 -30 96 -205 142 80 7 -107 116 -145 -245 -75 163 152 146 181 -48 -53 108 -26 -250 183 214 86 -46 238 35 -58 130 -187 117 -84 156 79 28 54 -98 -170 20 -64 -102 -143 -196 191 155 234 76 78 -185 101 182 145 -208 122 42 -146 159 165 -67 140 199 -29 -164 120 34 -189 -130 -45 177 132 127 99 -141 -126 -95 -103 194 -148 -92 19 -76 -39 198 -37 -183 -28 208 -54 -42 -239 170 22 221 -213 -200 135 106 -197 -72 -56 77 9 -139 -74 215 -202 -129 233 60 225 241 189 131 -6 -117 -229 5 104 -41 -151 11 -198 213 218 115 118 63 -15 -222 157 -14 -188 -121 -61 24 83 -232 -221 75 -108 249 -122 109 -203 25 67 -38 -70 193 184 205 -154 -158 -142 -49 98 -1 196 17 1 -236 33 -60 242 -33 -101 -137 68 46 -123 164 -116 -177 -25 154 -18 -9 -94 -157 -244 94 
TEST 53 ARG:-187 145 -67 -6 -168 156 -216 -230 -182 97 236 21 203 -235 4 -107 82 -53 9 47 243 -11 209 -141 -85 -108 213 -144 117 -40 -72 189 -3 17 114 220 108 237 159 -77 54 -199 92 98 -28 172 8 63 -148 116 140 38 42 201 136 115 -152 74 -89 -126 147 -111 242 53 -245 -244 -115 -162 -145 -202 -176 -27 211 -218 -44 212 -142 -203 -160 14 -14 88 -151 -167 51 157 149 244 -82 -99 -25 87 57 -210 113 188 144 133 -15 219 -65 225 187 -93 186 26 -247 103 -51 -104 182 -207 162 27 43 168 226 -161 48 96 99 -64 -91 164 235 -195 -135 65 -231 -239 138 175 240 -242 71 -2 -222 241 95 -7 -71 7 -183 -147 -237 -131 128 -90 -5 -10 142 -117 -102 76 179 -221 -1 -188 232 207 91 132 -220 -134 107 -181 -171 234 33 81 32 200 45 -114 137 123 -223 -50 -105 -248 -186 -234 166 64 -205 -166 122 -121 -206 -41 44 150 34 3 202 -192 36 -197 -52 94 -243 -95 -150 -177 -54 -43 -116 -39 46 -24 208 61 -30 -92 -47 210 121 152 233 222 37 -227 227 72 -200 131 -19 184 173 -224 154 130 -60 176 -130 -157 75 35 -125 -17 196 -98 -78 -81 -127 -123 120 31 199 161 -149 1 -215 190 125 195 66 217 77 193 89 -212 20 214 30 -84 -120 -136 -9 -94 -36 -233 -229 -250 -196 -226 -128 -112 -173 58 -46 84 -31 -80 -22 90 245 55 178 12 93 191 174 41 39 50 -201 238 -68 -219 218 -184 -101 -21 -8 230 100 229 -129 -59 -155 153 -55 78 185 109 83 112 -63 67 102 126 246 -189 68 239 19 -73 -246 29 -178 192 155 -198 -12 -175 -211 151 -87 -45 -179 -79 59 171 127 40 -83 -33 -213 -109 124 -214 -97 -61 13 -35 24 -143 135 23 86 148 129 -75 111 -249 -16 -103 -208 -156 247 223 169 56 -154 -241 -13 134 -194 -169 165 10 -124 -165 0 180 -132 -209 -57 -164 224 249 231 170 177 -66 -56 198 -106 -122 -20 -146 206 -118 221 -32 204 205 -29 216 -191 158 -4 -232 248 -100 104 25 11 62 79 -238 -159 -23 -138 194 -96 6 -34 60 -225 28 -113 119 -190 -236 -26 -163 -153 69 -217 141 -193 -133 -180 -139 -228 22 105 101 5 -42 52 -38 167 -88 49 106 -58 163 70 143 -170 118 -69 -158 -172 -18 -48 -76 -86 160 -74 183 -240 146 73 -37 16 181 -185 -110 -140 215 18 -137 110 -174 197 -62 -204 -49 228 2 85 -70 -119 15 139 80 
TEST 54 ARG:58 -67 -84 -116 -96 -125 -147 -195 -161 129 -61 -37 177 -31 -44 103 76 -248 132 170 -60 234 -221 -205 -32 -168 73 -202 72 168 -188 172 135 -81 -187 -240 240 90 -26 -222 -33 -90 151 -38 122 138 -112 -107 -14 19 -78 -111 -20 -42 -160 147 -47 139 -243 -128 2 -74 37 116 221 8 86 -3 -146 108 50 -24 -40 187 214 163 143 -39 197 -71 110 -122 -237 -21 40 62 79 54 175 -158 27 42 -123 137 228 67 -153 102 180 123 71 -238 -172 26 -36 -173 -70 -212 -91 -49 -45 100 203 17 -190 60 127 195 -92 225 -35 64 24 210 66 114 176 -19 131 231 207 133 -99 32 -115 115 -54 -109 -50 -129 -108 220 -41 160 -58 -157 57 -163 61 -143 140 241 -208 -94 -63 14 -141 -140 33 95 -55 215 189 128 -126 -193 82 -102 -93 48 204 88 235 -121 -245 162 117 -48 45 -118 -16 183 198 -223 23 -142 -155 -241 -197 224 119 -150 -77 -56 -137 152 -17 -159 206 -177 113 25 -66 -152 -144 -247 -28 156 248 -181 -69 184 83 10 -249 12 68 -154 -114 -89 53 245 -151 -103 -82 69 -165 229 249 1 -8 -64 81 164 -214 9 -201 -164 -100 153 -234 -104 149 70 -110 51 237 -43 -192 -225 -182 107 145 -46 134 -130 -138 -12 213 -227 244 -97 96 29 31 -136 -207 13 -242 -7 238 52 109 247 -6 3 130 -105 -13 -25 43 -232 -162 222 -166 -189 5 38 94 -210 -226 165 -185 -131 -179 -86 98 -2 126 173 -133 -170 91 120 -228 -145 246 -101 -18 104 -98 196 218 -217 -22 199 74 -215 -199 18 226 -180 -88 202 78 97 -246 11 -10 7 -95 178 -53 227 182 -79 -184 -87 -206 -23 192 -186 -176 181 -233 -174 -230 63 28 47 216 6 16 111 157 185 124 -57 -191 136 125 4 155 -178 -85 -156 186 209 -135 -231 99 -106 -139 -127 77 -73 -11 20 -120 -196 -167 174 39 65 -134 188 106 230 -51 15 -209 161 -239 0 150 -27 -203 -15 148 -117 59 -213 201 154 217 41 158 232 87 146 223 208 236 167 84 -171 121 -198 -62 -9 44 142 -132 112 89 -52 144 -204 118 36 -216 -30 35 -250 -224 205 92 169 233 243 -194 -72 30 -149 -59 -34 -169 49 -148 -1 22 171 -211 194 -244 -119 21 -5 85 239 -113 34 159 -229 179 -80 -236 -219 191 -200 242 -75 -235 -175 56 190 211 -220 -68 46 101 80 -65 212 -4 -183 193 -218 75 -29 166 55 -76 105 -83 -124 219 200 141 93 
TEST 55 ARG:188 -248 -10 -64 -25 -9 -167 7 -155 -176 139 -201 -105 161 -152 -124 76 -73 103 22 -71 204 126 -180 -217 -12 70 192 -140 228 -101 44 63 74 212 -88 27 141 60 38 177 49 100 164 -224 -232 -174 -131 198 179 180 -108 196 -87 -74 -111 18 -8 140 -202 -212 110 -161 -190 -172 111 14 133 94 25 -220 135 -93 -77 -123 35 -59 -91 -204 185 64 119 84 -185 123 53 50 -99 -53 69 200 10 91 215 -165 -221 195 -114 -120 16 -239 -158 -7 -15 -208 107 86 -27 -5 221 72 -137 -227 -51 66 130 -193 -98 165 -149 -110 208 -48 -134 237 225 128 -118 89 -67 136 166 73 71 168 -14 213 227 -6 13 -237 26 234 -72 -18 -43 -244 88 19 -61 -89 93 65 -13 67 -189 83 61 -213 189 210 -23 -46 176 58 -206 -121 -115 92 82 20 -126 -85 -63 -141 -128 30 36 -230 206 151 -181 -157 -238 163 -32 -233 -211 -144 78 191 29 -215 116 223 -11 -236 -235 -4 187 231 -31 -242 240 -192 -26 118 -173 -243 -228 203 169 -107 199 -143 -210 172 -36 158 -207 220 214 -196 -178 51 -102 108 -250 244 -33 80 -76 101 62 -55 -40 104 247 248 21 31 115 54 -119 211 85 -188 246 105 242 222 127 114 -249 -205 -29 95 145 -94 -216 -75 230 131 224 -226 -3 -166 -209 112 134 24 3 190 -70 218 97 -38 137 -127 216 184 -194 -86 232 -170 -112 -187 41 87 156 -186 235 146 201 -60 37 -139 -223 162 -100 -245 -21 90 -171 -156 -49 -135 52 -184 17 202 -229 -37 229 121 102 -182 -162 -125 -97 152 -68 -83 -246 -52 47 207 182 -160 -154 -159 -39 -163 -191 -24 -30 122 39 -2 -106 -81 -113 148 -231 -117 56 175 -214 -138 -132 -45 11 -22 -219 -56 173 98 -183 99 113 -65 -133 -84 33 -129 149 217 -116 193 4 178 181 153 -90 186 40 -164 142 138 5 -42 -58 106 -1 236 197 209 245 -240 59 -62 -150 205 68 -79 -103 241 170 243 1 -218 -148 57 6 9 34 -16 -104 -92 226 249 2 -122 -130 124 77 233 55 132 -195 159 75 167 -109 -247 -20 -168 96 15 160 -147 155 -225 -17 238 -136 171 32 46 -169 -96 219 -142 -199 125 -153 -44 81 43 -179 143 -69 109 -41 -34 -145 45 -234 -175 157 -28 -66 -57 -35 -203 -177 144 -78 183 -19 147 28 -198 194 42 -151 -54 0 150 8 129 239 -222 -241 23 48 120 174 -80 -82 -47 -197 79 -50 12 117 -95 154 -146 -200 
TEST 56 ARG:147 -246 -239 168 108 141 165 -159 7 -166 -201 -192 -170 85 -197 126 -58 -14 -220 89 -136 149 128 -127 96 -222 134 -54 236 -228 51 211 -78 197 3 185 -145 -15 188 241 166 -66 102 -131 132 -63 99 -59 60 -64 -50 114 215 -101 181 18 -191 -160 57 -121 130 115 -39 -79 -118 248 -190 -16 213 -174 -86 -20 -104 -32 -224 176 -180 123 -85 -122 -151 -141 -177 -24 -179 237 67 81 -110 -175 -42 -11 15 -12 28 198 -108 -138 101 206 -226 84 -249 -198 -109 39 171 -120 219 -96 -100 61 -135 184 80 -60 95 -43 44 119 -52 -234 76 189 -238 65 2 230 29 199 -181 -68 45 -215 -23 -75 25 -48 -200 83 -81 232 -124 -196 167 139 77 -7 56 -90 -143 -219 -98 -21 47 -62 -142 -140 -114 -207 100 208 162 -115 -10 152 157 27 22 -132 -186 225 90 17 156 106 -165 92 10 -163 -3 63 32 243 111 87 221 -102 8 144 -88 110 -217 203 154 235 -162 -223 -171 242 36 238 -71 -27 -53 46 -247 -185 -152 -61 177 5 -169 -221 -111 72 52 23 161 30 -89 79 127 112 240 -231 -167 186 -46 91 113 -188 -31 -112 -45 202 -241 73 -35 1 -218 97 -97 -91 210 -193 66 -213 -154 133 40 14 -212 224 68 -76 -13 -216 -125 -80 194 229 146 -69 -189 129 160 117 -106 -129 214 239 -208 -40 -204 187 -82 -65 -133 -161 -1 -84 -137 -18 -92 145 6 -210 195 -248 -139 -51 -209 41 54 -9 201 138 -153 -236 4 -227 150 216 169 -25 -243 -150 70 228 -128 -134 20 -17 -34 205 -164 69 -30 175 48 180 -176 192 26 212 -202 98 94 50 11 209 227 -244 191 -41 88 207 220 16 164 118 -168 109 170 -73 -240 125 -172 151 137 62 34 142 -103 -83 -8 49 9 -70 -6 222 131 179 193 218 55 -95 -105 -148 -178 -199 -229 245 -28 -182 -107 233 -146 124 -214 103 82 53 -38 64 -2 78 -99 172 -230 -19 226 -36 -194 -155 163 -49 -156 148 -158 -130 -67 -77 -117 -93 200 19 -184 -57 43 -149 121 159 38 -94 136 -147 183 204 -144 58 35 24 105 196 21 182 231 -55 -29 155 244 33 75 122 -205 -235 -242 140 107 143 -232 -203 37 93 -206 116 42 -173 71 -22 0 -87 -187 -195 12 246 -245 -116 86 31 -157 -250 74 -26 153 120 59 -119 223 -183 178 -56 -47 -33 -233 174 249 -74 -211 104 -113 -123 -126 -225 -44 190 13 158 -237 -5 234 135 -72 217 -37 173 -4 247 
TEST 57 ARG:236 181 -194 249 59 199 209 -55 240 246 3 -98 188 -13 162 -34 -172 238 -90 56 -18 -47 -183 215 161 55 -245 -40 -93 -228 -145 156 237 -248 -149 212 89 15 183 122 -36 38 -175 95 119 -184 -94 0 110 217 10 155 -91 76 -109 -92 -108 123 1 179 -134 -223 -144 -54 -153 219 26 48 -206 -9 -83 231 -119 -49 -29 241 -151 -203 -37 -217 101 -241 213 128 -101 129 164 222 99 -231 13 -199 -31 -178 -117 108 83 23 -95 90 -155 -180 202 182 -64 117 214 170 -129 64 149 -214 243 230 -192 151 41 -143 -67 -5 -118 -158 -20 -15 242 -240 124 -11 -114 232 130 -140 133 -209 -171 107 -12 -17 -187 150 145 9 -132 -107 235 -32 -164 -219 -48 203 239 -159 -204 -111 -35 148 196 -200 -220 86 -100 140 225 -123 70 120 63 194 -115 53 -189 -44 -147 33 -238 -221 -78 98 -177 24 -157 -235 227 -131 -160 44 -137 141 -80 96 193 -121 -148 -73 6 121 22 68 226 -7 167 -213 25 31 -179 -198 210 82 -165 247 -116 -28 -232 132 171 85 -26 58 -69 169 49 -39 223 -181 105 142 29 -42 -81 -173 73 205 159 143 97 125 -52 -89 -246 -14 131 5 -141 -174 -19 -237 -142 -163 -133 -71 144 220 -230 34 114 -138 -215 -79 -112 18 7 206 52 -186 178 211 -226 127 45 -167 -191 87 40 28 -104 109 136 27 -45 -152 66 186 197 200 -234 2 -58 -216 -243 221 -242 233 -96 -227 -161 -27 -211 174 8 -156 184 191 113 154 69 -22 -130 47 -212 192 -126 -210 -99 43 146 88 42 -75 -103 115 -239 160 134 165 -162 229 -60 168 -43 67 78 -249 -224 91 -77 234 -57 84 -229 61 -139 189 177 -84 -65 -182 102 -202 -4 112 -190 158 139 51 -56 60 -218 -46 -59 -124 46 -102 198 208 166 152 57 -97 77 180 36 100 -193 -72 35 -170 71 106 228 4 207 204 -205 245 -62 195 79 -247 -250 -6 -50 218 -105 -208 -135 20 111 -38 163 -207 137 187 -82 116 -222 39 -168 -201 -154 54 135 94 -23 65 157 12 126 -1 74 -25 81 -150 -30 -41 -70 -188 248 -195 -122 -106 103 -68 -166 -24 19 -233 16 30 244 -33 -53 190 -125 176 32 92 21 175 -225 14 138 -128 -61 62 -86 -85 173 37 147 -2 104 -127 -196 -88 -21 -8 -136 153 -113 -197 216 72 185 -110 201 -244 -16 -185 -63 -236 -146 -169 -120 224 93 -51 17 -76 50 118 -10 172 -74 -66 75 80 11 -3 -87 -176 
TEST 58 ARG:-167 167 -203 -174 160 -235 -187 74 -162 -73 112 198 -228 -179 45 205 -91 -77 -178 35 -6 -90 -143 229 -29 -245 238 115 -230 133 -224 121 -71 -45 -200 163 -242 -100 -177 -141 -41 -109 -62 -16 241 64 126 76 228 62 170 23 -64 -176 -49 -229 -189 199 -163 -7 -104 42 -113 -66 226 247 -232 -171 138 -137 -207 85 -180 -239 -105 -52 150 -19 -97 36 147 -130 -144 98 189 236 -103 -68 -126 -112 -69 37 -27 109 162 18 148 -181 -216 122 128 207 41 97 80 -8 -233 -184 -9 -149 -154 -191 -75 -131 -134 83 4 -205 102 72 -210 87 -22 -146 200 182 185 -50 47 -213 -96 -202 49 -48 -31 213 -54 31 -221 -140 63 -125 106 -152 38 -60 20 -25 245 -120 218 -158 -165 21 137 0 -159 28 -57 220 130 -92 -147 -238 -51 -124 -182 172 192 -204 114 -2 -59 246 -15 -102 84 -188 171 -157 -237 -65 -161 53 202 48 131 -34 60 111 73 -74 -133 -46 -3 124 233 -38 -114 6 -148 -164 -196 -32 14 -123 -89 119 125 5 134 26 116 -23 51 103 92 -56 12 -199 132 -197 -129 -198 161 -81 183 -78 -119 95 -244 54 204 143 -101 -95 174 184 175 99 193 -193 242 -217 -122 1 -17 -208 181 -153 -35 -212 -106 139 214 176 66 -218 -99 142 46 235 -63 243 -85 24 -44 215 71 248 -138 -53 169 -110 240 203 89 -67 157 -194 11 194 56 -173 -135 9 152 8 244 123 -236 201 -231 232 154 224 145 -10 50 30 -145 -250 -5 104 70 -83 33 58 -128 188 140 40 59 -168 -142 -132 -26 -12 75 -248 165 186 -47 -223 118 -40 61 88 15 178 44 249 151 -58 -211 100 -220 -215 127 -33 156 159 -116 -108 -121 195 -214 -42 67 231 -175 -219 141 -88 29 206 -80 57 209 52 -209 -72 -222 -240 34 196 129 -241 144 216 120 -139 164 210 135 107 -87 197 13 -166 191 94 155 65 32 239 -11 105 -185 187 -79 -227 219 -37 -21 153 173 96 86 -1 77 19 -127 -225 -14 -20 158 16 -246 208 -170 221 -61 -249 -172 223 227 -226 -160 -4 2 -186 10 -30 -111 217 91 237 -82 225 117 -192 -155 -195 25 78 108 168 -84 17 43 -183 212 179 211 82 3 81 149 -190 -39 -36 -150 -151 -98 90 -115 -93 190 55 68 -117 22 -234 -24 230 -136 -13 110 -28 234 27 -206 -118 113 -169 136 -107 39 -243 180 -86 146 7 -70 101 -247 -76 -94 -43 69 166 93 -201 -55 -18 177 222 -156 79 
TEST 59 ARG:-121 102 -17 -1 131 -228 21 107 126 -72 -11 -239 89 98 61 70 75 104 -214 -10 -80 238 12 -250 -215 -111 8 -24 -244 -3 -107 26 230 19 157 -134 -90 -81 82 226 -248 -78 18 69 -235 3 117 -19 81 241 175 195 -217 -38 181 88 -238 165 -93 -106 53 199 201 -32 122 -53 -33 40 2 196 -123 -66 179 62 -88 -51 -129 39 -178 -29 -71 -117 202 84 33 171 155 197 1 -48 244 -119 -12 134 123 147 100 189 6 -2 208 -185 -151 74 -213 -122 79 -145 -84 -56 -6 174 185 172 160 -165 235 186 -50 245 -197 -149 78 -76 -198 132 -159 -143 -225 -224 183 233 -110 -206 31 56 116 -182 49 -141 -152 146 206 -201 205 203 -246 -227 101 -25 -168 -133 -39 83 118 -70 -83 -205 -43 80 -79 -211 36 95 23 137 -184 -5 -135 -173 -130 -27 -226 191 99 -60 -223 -203 128 141 91 211 -192 -47 145 -191 236 -85 -207 -138 73 -95 -73 -187 57 -115 -57 51 -91 178 -74 -75 113 159 184 -150 -190 -132 -174 -186 127 -14 223 -59 182 198 176 -114 11 -92 -31 -158 187 231 121 -160 67 94 17 10 44 -26 112 76 63 22 5 124 108 154 -209 228 148 -109 35 41 136 218 246 65 50 -177 -65 92 -98 204 -21 210 -15 -212 -195 -8 194 -102 68 -126 -234 -157 -89 -216 -169 14 -249 87 169 143 72 220 20 -9 -34 -241 -183 164 219 -221 -77 -7 -49 -35 144 109 200 125 -54 -196 54 139 60 -99 46 213 -62 248 77 -172 64 -163 -20 234 59 30 151 -181 163 -231 -144 55 -162 -166 -193 -82 58 -45 -52 -23 38 240 47 110 215 239 -131 192 173 166 43 -64 -204 27 -4 -104 37 -176 -180 -230 -86 -236 224 -116 34 -208 -28 32 -220 -153 90 -170 156 214 103 -96 42 161 -137 247 -139 -222 212 114 152 -69 217 -87 142 -194 -58 -16 -55 -156 -202 -94 -247 -171 52 66 129 167 15 170 16 -30 -140 -245 -100 -200 96 45 -154 -188 232 -229 221 105 -199 -179 -36 -118 168 162 -219 -13 -41 -68 133 -136 177 149 -22 111 180 -155 0 -125 -63 209 207 -108 106 24 222 249 -112 242 -113 93 188 13 225 216 85 86 -101 -240 -103 -233 -124 150 -164 -232 190 48 -147 193 -44 -243 243 -210 7 -105 -40 71 -120 -142 153 -127 -67 -146 135 237 28 -175 158 97 120 140 4 25 -128 -148 -18 -167 29 -189 -37 -237 -61 115 -218 -161 -97 138 119 130 -46 -42 229 -242 227 9 
TEST 60 ARG:68 73 -159 215 22 173 205 237 100 -198 -72 -222 113 -92 99 -143 51 -69 35 -115 20 11 91 187 -153 248 43 190 -141 50 87 -240 -179 139 17 202 -148 177 -12 -22 -211 61 120 -8 -227 -248 -136 88 162 214 7 -29 30 -57 33 -87 170 46 -132 -108 234 -116 98 -180 -134 -48 -170 -89 89 201 171 2 -41 -189 -200 -105 -3 38 -201 -79 -77 142 -15 -61 -9 -191 -238 207 221 39 -51 -182 210 -194 -125 137 85 -33 -150 -203 -185 -235 -228 225 92 12 132 -6 -113 -86 65 -242 -199 178 -225 212 -75 78 -111 -58 -71 -68 72 -74 -122 157 -85 -16 176 81 -175 166 18 209 116 -209 236 -103 54 80 -193 -243 -93 174 239 24 -40 -246 -7 111 -14 158 -112 95 128 246 194 -80 126 -138 -137 32 93 -250 25 69 -192 -44 -239 117 -110 -91 -47 -151 -234 29 145 -196 -168 55 -213 238 97 -169 -140 9 -237 206 5 -181 -35 71 136 -28 230 204 53 -67 129 193 -76 -188 149 121 15 13 -158 19 -149 -62 164 82 -109 96 -73 -26 79 245 -49 -161 86 107 60 118 -18 -224 -177 66 -34 -167 159 224 -163 67 -183 249 -155 34 -102 -60 -152 -202 -176 147 -27 123 226 181 195 228 140 141 125 -100 -210 -39 -88 122 -21 247 -206 63 -221 -1 -94 -154 -70 -127 131 179 -55 -2 57 -65 -244 235 -230 191 231 -233 16 -31 182 94 104 165 185 -165 -241 45 42 -178 -97 -38 -4 70 124 26 -217 -45 -204 83 189 213 -162 -25 153 240 -81 -32 40 217 -101 -226 163 -236 -78 -174 -96 -99 223 233 -131 -64 -19 114 -17 -195 -166 200 -212 -171 -229 -231 168 133 76 6 130 -118 -135 -95 -219 14 -107 23 77 196 -46 -54 41 -37 -117 135 227 28 -30 101 84 155 -43 241 -56 -124 -146 47 -10 154 220 -119 110 -184 75 151 0 -144 127 48 -164 49 -205 58 -104 -98 -120 -121 103 112 -66 -20 -52 208 108 4 115 -157 -84 -83 -42 144 192 -5 -126 -11 52 74 244 -133 -190 148 -220 -218 -186 138 -197 -223 -82 211 172 44 21 3 31 -173 -247 119 229 188 -23 197 146 62 -114 -187 -13 -53 -208 1 -106 56 143 -24 -36 156 203 -63 -214 219 232 -232 36 183 -139 -156 198 167 160 -147 180 -128 199 64 -142 105 175 10 218 -90 186 184 8 -172 109 -50 90 -59 -245 169 106 161 -129 -216 222 242 243 150 -160 -123 -207 -249 -145 216 102 152 59 134 -130 37 -215 27 
TEST 61 ARG:212 -13 -47 -85 -157 -162 226 -50 222 246 -182 133 208 -76 18 120 221 -5 234 -167 -178 114 -17 -111 148 213 207 -160 -77 -42 -169 179 -213 132 -148 -193 106 -214 52 -21 -212 -141 -125 -70 63 -116 190 198 178 -170 -4 -140 -206 170 -128 -219 159 249 202 193 93 141 21 229 189 -49 -101 -121 95 214 -78 -117 -32 -24 73 89 -8 -1 182 -142 72 -28 -88 -23 68 113 146 92 -225 -223 232 64 176 204 -68 166 -183 -191 180 45 19 56 1 173 -207 143 -12 26 -48 157 -172 -187 103 127 5 -197 194 -30 110 9 147 -114 102 74 -173 -26 -133 -145 66 175 -20 -120 -59 -200 -166 -186 -91 30 -53 172 211 -235 -43 77 167 -135 -208 -177 -164 -239 177 -95 -189 48 -87 104 247 -18 -19 233 83 40 96 -210 217 97 150 -80 -45 43 -7 115 -232 8 142 -247 -130 -35 13 -94 39 137 -2 35 53 -244 -195 -9 -217 -132 -64 -150 108 -31 -55 191 140 -241 231 -108 227 23 -199 118 153 10 42 36 -233 -159 -143 3 -188 186 -96 -72 -86 14 -168 183 55 -102 -74 174 94 -58 -71 82 11 -99 -204 244 216 -44 34 85 25 -16 87 -231 -250 200 -246 -75 -46 -185 31 100 -52 -11 -249 197 149 -138 119 -236 -127 -149 -240 -171 -154 -238 -115 76 29 -156 16 -54 230 -124 50 -165 160 -113 -73 239 -89 -131 238 122 -153 111 158 -218 -61 -237 -39 126 161 -163 -151 -242 -211 12 -144 2 -90 188 65 -198 -184 44 169 228 224 0 -41 -40 -38 -22 155 61 -123 181 -6 38 195 -220 -139 -69 -161 162 -66 22 156 -245 -221 79 57 -110 90 -98 81 -84 47 145 -192 -10 -129 -93 -243 196 128 -201 -126 135 27 -227 218 -79 -194 -65 101 69 32 -3 163 -228 243 -147 -216 248 -29 116 -109 46 60 -57 6 105 109 -92 -14 -100 236 139 -134 203 210 59 129 -36 7 86 242 -202 144 -175 67 4 107 -106 209 -181 -215 17 112 -122 -119 -248 -112 -224 41 136 199 54 -37 245 192 -34 171 -63 165 134 241 -33 187 -152 -179 24 220 71 -56 184 125 49 15 -97 -203 151 84 152 58 -222 -51 164 -190 -27 -62 185 -230 123 20 130 138 -229 -146 70 28 37 -234 -226 62 223 205 -136 -105 33 240 -67 237 124 121 -205 117 91 215 225 80 99 -107 75 -118 88 -196 235 -209 78 168 -155 -81 -174 -103 201 -15 -158 154 -82 -60 51 -104 131 219 206 -83 -25 -137 -176 -180 98 
TEST 62 ARG:155 167 168 88 19 -62 -143 116 -145 -229 196 -29 -51 178 113 106 -235 -194 211 234 -55 112 136 146 -200 82 -139 162 58 -241 123 -17 97 210 40 -12 78 138 -233 237 171 -173 122 55 -144 144 -125 228 153 74 107 -64 -175 -33 57 -43 67 -170 231 93 -209 -232 35 207 120 -192 17 247 124 127 -207 -250 -22 205 -248 83 -227 145 -114 -45 30 -106 38 -7 101 -171 -238 20 -61 -193 29 224 117 209 -49 -23 -119 0 16 -74 -108 -221 212 125 215 -236 -220 89 48 -157 -151 179 15 -6 241 13 -205 49 -39 -54 50 109 45 183 140 -180 -73 -38 152 -183 218 240 80 175 -91 53 -88 126 102 236 -174 186 -4 61 11 134 -8 -165 -14 98 68 -219 170 -204 9 233 -40 -112 -31 -202 -161 -169 244 -218 139 -59 -158 -46 66 192 176 91 -155 -83 26 -239 -231 -150 169 -153 -224 -80 43 -226 181 -208 232 -133 22 -71 143 46 -182 221 229 -63 6 -225 -223 -149 18 85 -129 81 131 21 41 -60 64 -185 5 133 156 -65 185 -27 -15 92 -16 -103 -89 148 -188 111 -172 -72 -184 -75 -18 157 14 -154 -95 -142 -137 -141 -164 -187 90 137 197 -5 -128 96 -81 42 44 -130 -168 151 213 -94 -34 -116 130 -90 -237 235 -19 -26 12 -203 204 100 -110 -76 172 -109 28 -92 -138 -177 105 -201 -214 27 108 -66 -123 -68 32 7 -35 37 191 216 248 -44 203 -70 -24 -84 121 -243 200 -249 -85 -32 -48 -196 -122 -53 1 -124 199 -228 189 188 -3 54 94 -246 173 202 -58 -127 239 -230 73 -102 -199 -147 -111 -178 -148 -21 -120 -9 -176 -179 104 25 72 65 -134 4 -190 119 243 -135 225 -244 -11 -98 180 75 70 -105 -160 -57 51 69 -42 158 -240 -140 214 128 -28 -41 -104 -212 195 226 -215 223 -132 -167 187 -115 39 -195 76 -69 222 -93 161 129 10 -79 206 193 36 194 -121 -25 245 163 -117 238 52 -126 -77 -100 34 182 -136 165 -1 -217 -245 -216 -67 -113 -156 -191 220 190 154 56 63 150 -222 77 132 33 79 -50 -197 95 184 174 -47 -146 -181 219 86 217 -186 8 246 141 -159 201 166 177 -87 31 -166 208 164 -86 -36 47 -13 160 110 71 -118 60 -107 87 249 -242 24 -198 -78 115 -210 -99 -30 230 -52 84 135 -211 -213 147 -131 3 -247 149 -162 242 198 142 114 -206 -37 -152 99 -96 227 -10 -163 23 62 -234 159 -56 -189 -2 -97 2 59 -82 -20 -101 103 118 
TEST 63 ARG:184 159 -234 -184 -187 -17 -235 26 214 -73 -198 198 105 78 171 -107 -31 -70 143 160 -159 243 77 -229 -216 61 -109 -129 -8 -160 44 67 82 -197 139 176 197 -246 18 -85 -155 217 -29 103 -153 -21 -58 90 -193 -63 200 -239 220 -27 -37 -41 203 -168 92 164 167 -225 -49 52 -238 239 -13 124 -9 117 -82 89 179 199 24 69 -163 -240 -102 191 79 -154 -56 35 -5 178 -228 -245 174 -106 -88 138 151 122 -200 175 45 -196 55 165 59 -209 215 121 -10 150 -194 182 33 -145 216 5 -81 -20 -91 218 -213 17 -76 -212 -224 -44 233 -12 -110 248 -220 39 43 -195 149 108 -207 113 -96 -190 73 -166 -217 94 207 -89 22 80 236 -230 36 230 -124 148 161 225 -95 170 -176 10 208 130 -60 83 127 212 223 135 65 63 -6 -79 -84 23 169 206 186 -15 -199 30 50 85 31 244 -185 1 14 196 226 -71 210 21 -161 -226 -92 126 -242 -28 -113 112 -171 91 -3 97 145 20 219 -116 -122 -117 153 102 -19 -108 34 180 -80 -162 -167 100 -156 -144 7 241 93 123 -40 205 -221 188 118 -53 -115 8 106 185 172 136 -169 84 -7 -25 47 -24 -205 245 133 -158 -236 -223 71 -32 64 -133 -130 152 28 132 -66 -99 -222 -142 56 0 140 -177 -135 -33 194 -86 201 128 -4 -232 -57 58 120 -64 157 246 -201 -191 -206 -152 238 42 158 183 -139 147 -214 173 134 204 -46 -43 -47 -45 -78 104 -179 177 154 -203 -42 -204 9 209 -30 193 12 -90 163 101 75 -1 168 -237 99 -148 224 -165 37 -48 -125 -178 29 25 137 240 -101 -248 13 -59 -151 15 -192 116 62 -233 -54 -67 114 -136 -132 54 227 -22 48 98 234 -250 -74 49 221 -119 86 -150 -52 81 32 -208 -164 -65 -218 -227 -174 202 155 146 -112 -186 -211 115 229 -34 -111 242 4 232 -188 -38 181 -247 70 -231 189 -173 46 -121 235 -26 -146 -98 -138 237 -175 222 -50 -93 53 2 -131 -202 162 -35 -137 190 19 -51 96 247 109 -36 -243 51 6 16 195 38 27 -11 166 -94 -172 -123 -97 -55 -75 -189 -182 -104 -183 -140 -180 -18 -181 249 -215 -100 -61 40 110 -2 -87 -105 -127 211 -170 129 -39 187 74 68 142 -149 -128 -69 60 -126 -118 -77 66 -134 -72 95 141 -114 144 72 -83 156 76 213 -120 -16 -157 111 -219 -14 11 3 125 131 88 119 57 228 87 -210 -241 -68 -141 -23 107 41 -147 -62 231 -244 192 -249 -103 -143 
TEST 64 ARG:-149 84 -183 -68 244 101 197 -192 -189 -242 -10 -164 109 -111 30 -200 134 -41 -99 -148 -14 -92 -184 -248 44 204 141 128 -124 -141 220 -72 99 113 -160 -185 -142 -71 231 65 -156 180 -178 -163 -220 166 -147 81 -44 104 -96 -115 -40 -182 16 -221 144 -127 -89 -151 206 -214 50 112 103 196 146 -33 -43 23 -32 54 86 -101 175 96 131 177 145 149 -83 -211 -234 28 246 95 1 35 15 132 -45 236 93 201 -125 2 182 243 -4 -36 227 152 71 -198 -23 124 209 -105 164 -247 176 -232 -158 -249 -231 -107 57 -140 245 14 89 59 -155 -204 174 -75 157 60 126 198 -224 169 116 172 -217 -47 -228 -35 -54 -16 -1 -208 -95 -226 -73 150 161 18 -66 -216 11 -69 153 189 94 -210 114 202 46 183 22 127 -7 62 -170 -129 147 154 129 51 242 185 47 -225 -139 58 -132 80 179 -203 232 36 -159 -173 -93 234 122 -215 43 -153 111 -191 199 -154 117 151 67 108 -136 97 13 -3 170 173 32 102 -65 -76 -172 40 -48 7 -165 158 -114 -176 -188 76 -63 -42 203 -51 135 188 56 -123 -180 -116 19 162 -94 92 191 -24 55 207 233 -213 186 29 -222 -34 -212 139 -2 27 -67 91 -85 -57 195 -52 85 -81 156 213 187 90 -175 225 226 -168 3 -177 -238 -157 73 -91 -193 -135 217 87 223 228 -201 -233 -5 106 216 -245 194 20 0 -194 48 -161 -88 8 -100 -145 -181 9 -162 -237 -11 218 249 -87 121 -239 208 -70 10 -143 -120 -13 -27 -77 24 237 -20 -243 -31 171 -119 137 17 -55 125 -26 -98 -29 -25 110 -235 -152 181 72 -131 214 -39 -171 74 -64 -134 205 -103 142 52 -12 -58 211 200 -61 -167 53 123 -84 66 21 -106 -74 39 240 -146 -49 230 159 -179 -138 155 -60 148 -196 77 143 -78 -118 105 -6 -22 6 -206 37 -218 -86 -187 -9 -236 138 -112 70 -53 193 -197 215 -80 -209 -50 31 79 -250 -128 -195 -104 -37 130 118 165 -229 -199 45 25 -62 78 -15 221 178 -144 -219 -240 12 140 -113 98 41 -133 222 224 133 -246 -207 75 241 4 -223 -109 83 167 -30 -82 -17 69 -126 192 -8 210 -110 -205 120 212 82 -79 -230 119 190 136 107 -169 63 -21 115 163 219 229 239 -117 -108 -150 235 -130 -202 61 -186 -56 49 -38 248 42 34 184 33 -102 -241 64 68 5 -90 238 -18 38 88 -28 26 -244 168 160 -227 -121 -190 -97 -166 -19 100 -137 -122 -46 247 -59 -174 
TEST 65 ARG:-74 -118 213 190 -85 143 -80 96 83 -86 -91 192 -171 138 -236 -153 155 145 -97 202 194 114 -188 -30 -205 -18 8 -145 112 220 -10 -107 31 16 19 106 184 59 -161 160 -159 -216 90 23 -170 -117 -138 85 62 148 42 94 -84 -176 -247 97 -202 -73 -53 139 53 -75 -87 123 131 -31 -111 -106 207 41 -90 72 -19 -223 -104 -213 -6 -212 78 50 44 -210 -135 1 185 154 121 223 146 212 -83 176 107 -164 -183 135 -131 151 20 191 111 -226 79 -102 51 13 -47 137 109 -70 -28 -231 -51 170 10 -14 -156 127 128 200 -238 124 -82 -125 -67 -2 -4 214 203 174 -98 -187 199 2 93 -41 126 164 -215 -230 -186 -1 -155 -229 -29 -241 -146 -112 -120 -150 -22 228 -27 -23 233 -227 -248 178 -217 89 -24 -142 39 186 -101 -110 122 -204 230 216 150 -246 -160 -5 -191 -103 -180 -173 -143 -11 76 -32 144 197 -33 119 -46 175 219 -63 247 -225 26 -249 188 21 -144 99 -15 211 239 -244 172 -148 159 104 -92 152 -56 -198 227 -196 70 244 105 22 167 -119 68 88 -124 36 -139 -233 249 -250 98 -40 -61 -157 61 -108 -168 -12 58 87 95 3 38 -42 -130 156 -44 210 232 103 15 -208 204 -57 -200 130 205 -220 29 235 -136 84 -39 -190 49 47 169 48 35 241 140 -167 -158 115 67 -154 30 171 225 134 37 141 -3 24 246 -37 -88 125 102 -179 158 -26 165 222 -152 -94 -43 45 -177 118 -166 6 129 187 14 -66 54 -45 52 -16 71 17 -221 -203 64 248 -149 161 81 -214 -235 -133 46 -128 133 -121 195 206 -54 198 33 -81 -55 -127 40 -189 9 -65 189 -199 0 -184 226 -141 116 245 -35 162 243 -207 82 236 34 -209 -206 65 -240 -239 -116 -62 -169 -137 -13 18 -193 -126 -222 -60 -71 -228 80 -100 108 -114 -8 229 -48 -58 -185 -78 75 -36 221 183 -224 -134 74 -219 -113 209 -76 -77 208 101 69 12 -64 73 163 -68 -123 -21 -172 -79 -129 -211 -105 142 -50 -175 25 132 224 -93 193 -38 117 63 91 120 217 -242 77 215 27 -99 -122 -59 56 55 173 -25 -232 240 234 100 5 179 -194 -147 -151 149 153 -218 -9 166 -109 -89 157 43 177 7 -20 -195 113 4 -163 -182 -201 168 -7 -174 11 -245 182 -95 60 -69 238 231 180 -72 -96 147 -192 -49 -115 -52 -17 237 136 201 28 110 242 -162 -132 -178 -234 -34 -165 86 32 196 92 66 -197 218 57 -243 181 -237 -181 -140 
TEST 66 ARG:166 -224 78 -149 17 -72 95 48 -233 -15 183 118 232 211 -243 -145 88 22 -160 -79 170 85 56 84 -203 -62 31 37 -58 190 -81 -107 127 2 -112 164 -186 -131 134 201 -200 -14 -162 -151 107 113 -102 -229 -178 -75 49 -124 -171 6 -166 98 -147 111 8 -248 -48 131 -118 -92 21 69 100 -30 -130 -135 149 101 -210 237 239 -235 -234 140 227 91 143 137 220 -140 -52 -49 13 -59 209 -192 -103 -99 192 -190 126 249 198 79 -228 14 -242 60 -153 241 -5 72 -144 -206 54 -187 133 148 -25 40 181 -216 -108 32 4 24 -31 -66 228 -212 9 112 212 -39 196 -11 216 -61 -44 15 242 92 104 -246 -163 235 -225 -220 64 -7 -77 193 -231 -83 -1 -84 -113 7 -123 105 89 158 -213 202 -20 -168 -159 -47 -127 203 -209 172 117 86 -46 -142 87 214 168 122 -55 -50 66 -193 -119 63 138 -226 -189 -34 -185 -93 -155 -173 -222 -54 185 -165 25 -122 171 38 11 -201 -208 58 -202 -8 -45 110 96 103 73 155 -100 191 -4 57 29 188 -154 246 90 156 129 116 102 82 207 197 205 -26 -96 186 -73 -249 -138 150 215 -174 -80 67 -114 52 -63 -60 -82 75 -69 -51 -146 -176 234 -23 -196 210 153 -172 -24 -244 124 199 159 -245 139 -230 152 177 -64 206 44 240 -188 41 -143 -237 81 19 -9 -68 -89 247 35 213 50 -67 -197 -18 43 -199 179 -223 -2 99 71 -91 169 -125 -32 120 94 217 -42 70 -148 -3 -105 175 145 -167 -78 -195 -247 33 -111 -132 -71 245 163 -139 147 121 167 -136 -27 61 39 -106 -158 -177 -57 -86 -126 -41 -70 224 -76 182 26 -170 -121 194 -85 -241 225 151 -183 76 -117 222 -53 200 -120 -43 165 -22 -74 173 27 -109 59 115 -38 -98 125 -191 238 42 -232 74 -221 -227 154 -179 -87 -150 244 -182 47 -198 -65 -250 146 -164 -116 178 123 -128 0 -21 -40 30 208 -238 -169 -97 65 161 -239 119 223 77 219 162 -236 243 80 97 248 -157 130 218 16 -35 -211 12 184 -6 -16 -156 -218 -214 -204 -36 5 -137 -152 -17 -141 34 180 114 187 132 230 -10 62 -205 36 -94 128 -28 195 51 -161 -110 141 -181 221 23 -240 236 136 -19 3 -207 28 144 -133 -37 10 231 160 -95 18 46 -56 233 -184 -129 106 -180 1 142 -29 -115 226 -104 -215 135 -13 -217 189 108 68 176 20 -134 229 83 -90 -88 53 204 45 93 55 157 -175 -33 -194 -101 -12 109 174 -219 
TEST 67 ARG:221 -170 105 -247 -241 114 -149 -4 124 190 -9 -80 116 225 -60 -236 -152 -87 14 188 131 2 -219 -167 -156 -158 -140 -168 170 -189 47 58 -191 -95 -31 -5 -117 -183 -10 33 38 49 -235 -229 77 76 -115 152 201 127 12 -184 133 218 185 -42 -43 -239 240 -157 -245 20 -88 -49 -155 73 -37 -21 -248 209 187 232 -210 96 -234 237 110 121 -35 8 -211 -7 245 -218 120 -41 -131 -125 239 -200 91 197 -137 -244 -199 69 28 -38 203 194 160 177 32 25 9 -70 -55 -197 -190 -138 -85 -103 -6 136 39 138 34 -99 -225 -224 -114 103 78 4 100 216 226 145 210 202 -75 -79 242 -176 51 -13 108 158 -142 66 -134 57 65 80 -226 -78 -231 82 -151 141 -250 46 -94 -54 89 35 -17 191 -66 87 172 -113 -64 36 -141 -202 6 -228 -69 60 -198 -136 -23 171 -48 244 -207 204 -89 42 157 99 230 106 249 97 -242 -67 23 -135 13 227 -145 95 217 164 -179 24 220 -192 195 126 -128 180 207 -194 236 -221 56 -160 -249 140 67 -208 181 63 -36 151 31 -68 -72 -20 -148 -111 -73 -104 -86 -165 104 18 130 -24 162 -118 5 27 -121 92 132 44 -45 -28 154 74 50 148 -90 -26 -220 -47 -51 -227 -53 168 -205 37 159 176 -101 -22 167 -77 173 248 142 -181 -19 -147 125 219 88 -174 206 -132 118 200 205 93 -201 86 179 117 -169 -15 -230 198 -175 45 186 224 -123 -93 115 193 -178 -129 30 52 -223 -133 -166 149 229 212 -96 -25 182 -76 -97 -185 -216 0 -139 -34 122 238 -126 101 -122 246 29 -187 61 10 139 -232 166 -105 -2 -107 -163 128 107 -82 -222 -212 75 214 -3 17 68 123 -186 11 16 -240 -143 146 109 -32 -164 -108 85 135 -119 -50 -92 169 48 -120 -237 62 165 70 -112 199 134 -162 -196 -98 19 -65 -11 -106 137 -102 -74 1 -71 243 26 84 71 22 7 -215 -154 -214 144 3 -204 21 -144 -124 -213 72 94 -33 -159 -56 -238 -12 -83 247 223 -203 -62 222 161 192 211 90 -91 183 98 -39 40 143 -177 174 153 -81 -14 -182 41 15 -61 -18 -59 213 54 -233 113 -100 102 189 111 -195 -243 -130 156 79 -8 228 -153 -84 -1 -127 -16 81 -206 196 -172 -188 147 235 64 150 43 -52 112 -150 83 -146 184 -116 55 -109 208 -193 -57 -40 -171 -58 -63 155 -110 178 241 215 -44 53 -161 -27 231 163 129 175 119 -180 -30 59 -173 -209 -29 -46 233 -246 234 -217 
TEST 68 ARG:97 -156 27 -157 -45 -48 -173 149 93 -31 225 -2 -67 218 185 -130 -94 -39 -30 -225 66 137 38 63 -242 -36 -44 71 -230 -125 124 210 -164 37 53 -144 209 -4 84 -174 39 -168 -149 -53 -127 -118 13 22 103 -152 -227 85 5 -50 -27 -74 -141 44 -226 -40 87 -203 222 195 -154 187 -93 197 -18 150 40 -69 98 248 162 -72 113 -66 -116 191 -68 -78 236 228 -107 -160 -167 -11 -109 227 247 -231 69 15 -199 -64 -133 86 -224 217 104 9 116 -1 -147 58 -24 165 91 -148 -136 19 99 -79 215 -187 239 95 -161 196 114 111 173 -99 194 11 -33 68 -6 230 202 -150 106 109 -32 -49 -179 136 57 -239 189 -29 -112 79 32 -204 30 28 129 -108 127 117 138 21 -192 76 145 -100 96 -190 153 90 133 -238 -80 -124 -249 -60 25 -23 177 -59 -196 56 159 -43 142 -58 -221 108 35 -134 -135 -177 155 -55 -35 -159 -92 119 235 -243 29 139 -195 -28 -236 -215 -214 226 -87 -185 229 220 -200 115 -172 -89 -51 -165 -209 181 166 156 172 -158 107 190 -128 -22 52 233 -191 192 -57 140 -234 -241 -96 81 122 -222 94 -71 -183 -104 31 -97 80 193 12 -151 -170 -186 131 -163 175 -81 126 -117 -245 112 -129 180 -46 72 -219 169 163 -211 77 -175 171 200 178 8 17 50 48 -3 -105 -110 -193 -120 249 206 -250 219 -19 75 -21 -34 121 33 64 237 -16 170 -77 203 -216 188 -63 -201 -194 186 246 46 161 208 -138 -8 -232 73 -126 224 -229 105 -75 4 183 242 160 70 176 -188 62 -142 -197 238 -189 47 2 -145 54 199 152 -210 88 14 -61 130 -26 55 132 -240 36 -106 212 -166 201 82 60 -86 158 61 -102 135 -208 3 1 223 157 102 -70 100 -101 -246 -13 -171 -25 -95 -182 151 -20 -169 -52 67 -17 -155 23 7 -7 110 -207 49 174 -90 -212 -56 198 146 -181 20 -162 213 10 -10 -84 -38 -54 -119 16 231 -103 118 -228 123 -85 -140 -233 -98 -178 -137 -37 -114 43 26 101 -213 -41 205 207 -123 184 211 -235 216 -131 -206 214 147 179 -115 221 -198 -223 167 241 -62 -220 -42 -12 134 240 -184 -82 -121 -5 -91 41 -153 -76 -176 45 244 -73 234 24 34 154 182 143 0 74 89 125 -180 51 243 -237 204 148 -65 -218 42 -143 141 -113 144 -247 -248 -15 -88 83 -83 168 -132 164 65 245 -9 128 -217 232 6 -14 92 -139 -205 -122 59 -146 -111 -244 78 18 -47 -202 120 
TEST 69 ARG:-203 6 53 -162 157 -24 116 227 -249 -126 -100 135 -168 102 73 48 153 108 57 124 -175 -93 -6 203 -149 -188 -130 75 107 -116 43 -54 -89 195 -131 23 79 -141 130 196 -97 137 143 -8 -11 46 -185 21 125 19 204 -49 -190 87 235 -172 -124 -189 -157 -2 -115 -150 -163 45 216 103 47 -171 -234 169 -167 -122 -99 149 -105 -12 225 -53 121 -135 84 -96 -111 5 -152 29 -208 -212 160 24 -107 245 -156 241 -241 -92 0 -193 158 -199 238 170 -244 161 -232 -184 -160 202 -60 200 -236 -91 145 -67 -216 64 78 -21 -164 -246 197 224 233 -210 -76 174 -22 -247 -98 28 18 181 117 91 39 166 -75 171 -170 -127 -213 68 -218 -31 -226 -16 164 -223 240 -104 -108 162 25 -90 180 61 -5 -209 115 118 -195 7 -10 90 -113 219 -250 -118 156 -77 44 -45 114 123 212 129 14 -40 134 163 -125 80 172 220 -74 -179 -211 -19 -158 -81 209 83 -242 -230 32 -145 -202 -129 51 247 -14 52 -173 142 213 58 71 -112 -62 2 22 -83 -169 36 -205 60 -153 -237 -155 249 85 17 -196 113 16 -187 215 -148 223 9 -117 201 3 242 183 1 132 236 15 110 -174 -51 -47 63 -82 119 -25 -73 148 -144 182 -191 173 -4 65 -1 -87 -217 -7 -27 70 128 -147 -219 -114 92 -221 38 -143 4 -32 175 -206 -85 -57 94 229 111 -239 168 -58 210 122 234 -165 -182 -201 178 -207 -3 228 206 126 -231 -106 -56 -35 179 -43 112 -61 -69 86 141 -59 -154 -103 -50 20 -13 -146 66 185 -225 246 -197 192 -220 244 -161 -79 188 100 237 193 208 -133 -30 190 10 146 189 27 -228 -37 -238 -136 186 33 -183 120 194 -48 136 155 211 -36 176 -178 214 -9 226 167 -229 41 -42 -102 243 199 -95 -245 -110 96 74 -72 187 89 133 50 -101 -151 -134 222 69 127 30 -142 31 26 -200 81 144 76 98 -46 109 -222 -215 34 -240 95 -233 -128 -180 -28 -121 -86 54 13 230 151 232 218 -34 -29 -55 -64 40 93 -26 -227 82 221 49 -166 -18 -132 248 -66 -68 -186 -78 154 55 88 77 104 -33 99 -23 106 -120 -140 -65 -39 -119 101 198 191 184 -176 -138 12 42 165 62 -20 217 -139 11 152 231 -70 37 -63 -88 -243 -52 -123 177 -198 -94 -15 -41 159 239 72 105 59 207 35 67 -248 -192 -159 -137 -177 -181 -44 8 138 -80 -84 -38 131 -71 147 -204 139 205 -194 140 56 -235 -17 97 150 -224 -109 -214 
TEST 70 ARG:-82 -73 -11 236 102 98 52 -34 -113 -196 -59 -30 202 31 -181 177 -159 -205 -64 -84 238 -58 179 0 231 39 205 -88 -62 154 -221 169 92 235 -33 -244 -114 -19 225 -223 224 -206 142 161 85 -41 218 -211 -133 153 -217 -216 -192 106 132 182 239 -112 -179 117 -194 -178 -175 -230 -38 54 -123 81 -198 -1 -9 -191 61 -3 21 152 10 -72 -220 -57 -80 -48 -118 -138 196 -129 129 -241 -247 38 234 188 -122 207 -190 242 -201 -228 200 -248 -39 164 213 193 133 -238 112 -144 173 -134 -154 168 -93 80 -45 14 -89 -104 -22 183 -227 -101 43 24 37 160 -239 104 -207 101 123 -92 66 -50 -111 232 -99 148 -47 219 212 150 56 184 -91 109 -148 -74 89 -208 -146 246 203 -214 -240 -176 -224 178 57 91 220 -61 99 -168 180 -186 -180 63 -130 96 -195 189 126 122 73 -149 -17 -212 69 -27 -199 25 -126 88 195 -165 144 172 -156 41 82 -200 42 208 -125 240 151 -225 84 185 -20 22 -51 -96 35 -140 -137 -29 -8 -237 55 114 245 83 -177 201 -115 -25 -37 -128 103 -7 217 -232 147 128 -68 -10 -173 191 222 18 -135 68 -94 186 -245 72 226 -13 -236 215 113 -141 49 93 -24 233 -136 134 58 139 241 -6 60 -218 165 -60 23 127 -145 -110 -234 -202 131 -70 209 206 -42 145 -36 90 -193 -219 -162 167 -21 111 -18 -53 -103 116 -222 -85 -71 -81 45 -87 -119 94 199 -26 159 -124 192 -243 100 79 141 -161 170 118 158 77 4 -187 74 198 -40 -158 143 -188 70 -16 20 -235 59 171 -229 -147 -197 124 -246 19 67 40 -76 44 -120 46 8 -75 230 -83 15 17 -164 76 136 138 27 36 221 28 -185 247 -43 -139 -63 -78 -210 110 -155 243 -172 -95 -167 -250 87 -65 108 3 6 -67 13 -242 -49 -215 -117 237 -109 -15 -2 -102 -14 -32 64 -183 163 197 -171 156 176 194 -52 9 130 12 155 -69 105 48 65 119 34 -160 95 187 1 -98 5 -86 121 -151 -169 -157 248 71 2 -121 -249 78 -46 174 -44 210 175 50 -204 -189 -12 26 204 137 229 -131 -231 -108 -163 -174 107 -150 -100 125 -97 211 -153 -56 -107 32 -23 -209 -142 -54 -79 -77 -5 33 97 -132 47 157 223 146 11 214 -170 -90 51 -127 120 162 -105 16 -182 149 -116 190 -28 228 -4 30 -152 249 -184 29 216 -213 227 -143 -31 75 244 -66 135 -55 166 -106 140 181 7 115 -203 -35 86 53 62 -233 -226 -166 
TEST 71 ARG:222 -14 63 -34 33 208 183 -164 235 -218 144 81 10 -22 108 146 73 -137 -16 -121 -124 -109 -101 -48 159 -91 160 154 170 -192 -217 58 -3 167 137 -144 -59 24 103 65 -220 -117 -83 -42 242 246 -183 87 125 90 -203 -4 -204 -200 -61 -86 -107 72 42 -125 171 38 182 -236 41 -184 163 -235 143 -209 218 249 -249 -118 236 74 54 -105 -2 199 216 104 -211 113 25 133 -208 -147 202 -228 168 -70 100 158 -65 83 -181 150 -69 -55 -212 -19 79 60 80 -224 45 86 -162 30 189 214 -74 201 -77 31 75 129 136 -108 -202 190 -97 -54 94 -230 -36 -149 232 -238 -159 12 -9 -153 -67 17 -138 -225 -58 -154 215 -193 241 -21 -171 111 -33 -129 -213 89 61 -90 219 -131 -17 204 217 107 -175 -120 106 -145 224 184 -56 121 -128 109 -239 -155 -110 -201 1 245 -6 -166 -51 -114 116 9 192 49 -11 -185 36 -113 -163 -39 39 127 101 -71 172 128 47 -122 179 -157 8 141 -199 -13 194 -89 84 -8 131 -24 -151 -123 -127 228 82 59 -79 -180 -248 -37 195 124 34 -244 67 -165 233 -160 -72 153 -27 198 -82 97 -161 156 229 -243 -195 180 7 226 230 205 -73 20 197 0 -116 -38 -222 -87 -75 32 -152 -76 -44 -84 223 69 -143 -53 -206 178 48 -198 105 35 -88 -102 -231 149 210 -148 -40 118 76 98 -246 -205 142 117 181 -167 157 231 140 -188 -190 6 3 248 -7 -135 -169 -229 -46 -150 99 16 -115 -186 -99 -15 165 -92 -45 57 -177 -172 134 -233 119 5 -85 123 27 247 -132 112 102 -187 196 15 -178 22 -32 130 227 -134 13 -136 -241 -81 -158 139 44 66 176 147 14 -57 -95 -197 188 -221 145 50 -210 -240 240 29 18 88 -194 43 -237 70 85 11 55 -23 234 -223 -133 175 -176 93 207 -111 37 212 -130 53 -126 -29 161 -26 151 21 -96 -30 120 -226 -119 -219 -64 95 177 122 221 -227 -93 -98 62 -139 -47 244 -214 51 -20 40 -10 -234 166 -78 -28 78 52 206 -174 209 -196 -104 126 56 -94 -245 -170 26 225 148 169 -207 -141 173 4 -179 -1 -63 138 -18 187 164 -35 46 68 19 2 -106 152 203 174 -68 -142 -250 -50 155 -62 64 -173 -140 -5 -103 193 -12 -242 23 28 -43 -25 -168 -146 114 162 -215 200 -247 220 -80 -66 -216 185 -31 211 132 -189 110 -41 -60 91 -156 -191 71 239 213 238 115 -100 135 -52 92 -112 77 -232 96 237 -49 191 -182 186 243 
TEST 72 ARG:249 -160 106 -168 -21 200 16 -129 -182 -243 53 -215 69 124 -121 183 62 25 108 -85 52 85 -127 169 -179 -26 50 122 100 -29 10 -4 -36 -126 -181 35 -1 181 -177 -139 231 73 -16 -15 -194 -81 244 -12 41 222 59 -104 -200 -250 -235 -61 155 123 156 82 -114 89 203 -27 -186 -158 -134 14 189 33 -87 239 -35 -14 177 84 215 49 -22 -145 -239 -74 12 -159 186 -18 -90 -162 99 158 -65 143 116 173 -7 153 228 111 -203 -246 121 60 -233 42 -187 201 91 -213 -40 110 -109 27 88 94 -227 58 -77 86 -218 109 -57 -17 77 -131 -156 -89 97 232 219 224 -54 -171 150 -72 23 -78 15 130 -146 -95 205 -24 -206 128 -195 162 -64 -222 114 234 -82 180 -163 -25 -9 0 -39 209 -240 -46 -20 245 -110 4 194 -56 -55 -148 -67 230 61 188 -249 -142 125 214 134 -45 98 211 -132 -208 -133 227 -149 212 72 120 -210 -220 -166 -50 -62 213 28 119 95 24 -170 -147 -185 144 190 171 18 -151 -60 -66 -224 -137 196 -201 107 -118 -120 26 -42 243 63 87 174 -234 75 96 1 -69 226 127 126 -161 -117 237 -88 -205 -209 22 -107 -199 37 -112 47 -204 -5 -30 -231 32 43 7 17 -221 179 240 -43 -58 -237 147 -183 -175 135 168 166 70 -180 74 -188 -217 -212 -84 192 -223 -97 55 140 176 -190 198 90 -193 136 -245 76 -68 64 31 -32 -248 -247 -140 -128 65 -98 -70 -8 -136 -76 44 132 165 -155 139 -94 229 20 13 -101 207 154 -191 6 -6 54 -100 112 -241 248 -154 45 3 68 -108 71 104 -3 161 57 -141 195 210 -130 -38 -41 216 40 129 80 -19 -202 151 246 -226 115 39 187 -232 -80 51 19 -106 -23 -73 -33 67 208 -152 242 -122 8 -176 -165 81 175 -211 142 5 -225 -48 -71 56 -169 236 36 66 -184 -63 -150 204 -198 233 29 -135 -44 225 247 -13 -157 -197 -119 -37 83 34 21 -2 167 -59 -123 -144 133 206 185 -124 -86 235 -230 220 141 172 202 199 221 164 117 -172 145 113 157 105 38 193 -103 -75 146 -143 -178 -49 217 148 118 -192 30 101 -51 -31 -173 78 -236 -138 -83 -99 -92 -196 -111 103 -214 93 -28 -244 46 -167 138 152 102 -125 -47 223 197 48 178 -91 -216 -52 -113 -219 160 -207 163 -228 -34 -11 2 159 -53 -10 191 -164 79 -238 131 11 -93 218 -79 -116 241 -115 -242 9 238 184 -153 137 170 -96 92 -102 182 -189 -174 -229 149 -105 
TEST 73 ARG:95 -203 176 13 -147 0 -141 10 223 243 -215 -247 -225 -240 129 -21 115 18 -75 -91 -35 -11 19 214 131 -126 199 215 -86 -24 -250 -69 -202 -39 148 33 -168 86 105 185 172 -63 125 186 127 -81 -116 230 -101 -195 -238 -109 134 218 112 12 7 66 38 -71 69 -180 -232 -112 57 130 -7 50 -3 -26 -241 171 -149 -29 228 192 -83 -174 221 227 229 -115 -139 73 -32 191 17 37 -10 53 62 -28 236 -131 -210 58 -178 -133 145 -49 206 -45 -42 111 87 126 -107 194 -97 91 -124 6 -171 203 160 211 139 -137 -138 104 59 -201 43 -162 122 193 -80 178 164 65 -156 138 237 3 -70 -15 198 -231 147 222 128 47 84 99 35 208 -227 -172 239 -121 249 -165 109 -68 -95 -84 -228 241 8 -66 -186 -155 204 -188 81 169 120 213 68 -56 -53 183 124 82 161 136 189 32 -204 76 -158 135 -1 217 -123 114 -206 -104 -244 -25 -226 -94 -177 -8 9 41 184 -38 -243 -100 -36 -248 56 -4 -211 -134 162 79 154 175 27 -191 152 -179 240 233 101 106 -102 -242 30 -220 -92 -85 -229 77 -47 -170 219 -22 232 173 98 -167 -152 -73 -163 72 157 -48 5 142 -127 -213 158 -103 170 60 94 -88 -145 197 163 -64 108 -234 234 -44 149 -176 159 -93 209 -175 156 205 247 -27 174 168 25 -57 -142 88 -108 -110 90 40 -6 -90 -184 92 100 207 44 97 150 137 -99 -105 -190 -194 -117 -60 -65 -37 196 -113 -221 -153 -31 -40 220 70 46 48 121 190 188 242 63 -129 -246 -151 -198 -222 52 166 -161 -52 15 238 -146 -217 -173 195 180 210 -62 67 187 117 -128 -189 -51 -89 -181 89 140 -150 201 -17 -239 -197 54 151 -67 -212 110 45 177 51 144 -216 -230 -209 -111 75 61 -54 -160 42 -98 225 31 1 116 231 167 -200 39 248 -34 22 -55 224 -61 123 -143 2 102 133 -183 -78 -72 -74 200 11 -164 -77 -208 -79 -182 -41 118 96 -120 -125 153 -219 -122 24 -207 -12 -50 14 -154 -187 212 26 -159 -214 113 -233 36 -58 -237 71 74 216 -169 4 141 244 -14 -166 -96 -249 29 235 -2 23 -136 21 226 -192 245 20 -106 -157 119 -140 -114 165 -132 155 -199 103 182 -144 -13 -224 93 -43 -118 55 34 85 -236 107 -148 83 -19 16 -33 -76 146 -30 -20 143 -130 -235 -218 -59 -135 202 -46 49 -16 -5 -205 181 -18 -9 78 -245 246 28 -23 -223 -82 179 -87 -193 64 -119 80 132 -196 -185 
TEST 74 ARG:94 -8 197 -67 -62 157 40 121 -91 -73 -18 243 -121 220 -166 -7 159 -145 103 183 177 164 232 -19 -31 -123 -233 57 166 -132 -162 -161 -176 -200 28 33 -136 -65 -191 -48 165 -141 208 -1 -12 175 -143 -49 -225 196 2 -245 141 -11 82 -69 -231 91 -98 -120 -197 -72 -163 -38 229 160 129 53 -36 62 -82 16 105 139 107 95 24 -171 -199 -234 104 -68 60 -142 61 238 -235 -17 -21 -37 -220 -93 -9 153 4 -207 -192 -30 -50 39 118 111 219 -229 50 42 184 -239 43 155 -154 191 -213 149 -89 -10 -186 -13 -40 85 -87 179 59 123 158 181 -47 180 215 245 242 -130 -26 -221 -6 52 145 -94 -159 169 213 147 -131 64 156 47 -129 224 34 210 -75 49 112 3 227 182 -71 5 148 -182 97 142 -135 -42 -28 87 -14 -61 -84 -185 -188 154 172 58 14 -41 -63 17 -127 -100 -139 195 56 -116 222 -168 96 171 120 170 -148 226 26 -39 -112 235 36 -76 234 -88 -2 135 185 138 -5 84 247 67 70 -22 -83 -144 -152 -202 -242 -74 176 -170 -102 -111 93 -215 83 -44 1 186 246 204 -114 -137 -226 30 -125 -60 206 -51 161 216 -81 -95 37 200 -212 25 -77 -180 212 132 -147 122 -90 127 -97 -201 -124 -104 124 -172 -15 -155 -101 0 211 137 -96 207 -222 134 136 -237 133 -86 98 -108 65 214 89 205 189 -54 63 35 119 239 15 -217 -183 90 -3 -175 -196 249 223 99 71 130 41 236 -53 -208 -219 115 -153 19 146 114 -198 69 100 -27 -45 188 -107 -149 -33 -216 -156 126 45 -134 -247 22 -58 -164 -99 233 128 125 -32 -150 18 -230 -158 203 73 38 109 228 -52 44 201 198 32 -232 8 217 -106 21 -240 27 68 -25 -228 -35 225 -24 -66 -250 -169 72 -193 102 -214 -160 101 -70 76 162 78 110 -4 -57 241 -119 -190 -210 66 -243 193 -59 -236 20 -218 -179 -177 -140 23 -110 -16 168 -118 231 -29 190 77 -55 140 -174 -241 -85 178 92 248 -151 -157 240 116 -20 117 -204 -211 173 -223 -224 -194 -109 -34 -184 -43 13 31 -205 209 54 244 6 -181 -117 -126 -146 -56 108 12 -133 -105 51 -113 152 -46 -167 113 163 55 11 192 221 -165 -248 -79 46 194 -122 80 -103 -246 -227 9 -238 167 237 -23 -203 -178 202 143 218 81 -115 -244 79 -189 -80 -92 187 150 10 7 -187 151 48 144 -173 -195 174 86 -128 131 106 75 199 -209 -249 -78 -138 -206 88 29 -64 74 230 
TEST 75 ARG:182 -79 -19 -134 167 -30 -105 178 88 -175 101 19 -6 68 188 15 223 26 70 186 49 -10 158 236 -64 -62 128 116 119 -214 -197 -122 -89 206 -72 65 185 -81 -8 -173 -236 123 -186 -212 21 124 104 133 -73 169 226 -20 -41 152 -142 -43 214 -27 105 -109 3 209 -5 72 146 -184 99 67 221 -200 -227 114 -209 -71 159 -218 -245 29 -18 -164 4 113 -210 -249 150 -198 179 241 -77 175 -26 -238 -165 -223 73 -21 -3 -144 -82 32 -34 -57 -84 -208 -177 38 -152 204 54 -123 -132 144 -16 -217 210 -178 -158 85 96 8 -188 -37 -151 -243 -85 200 -103 -229 164 109 -33 83 46 122 229 170 -52 100 -28 118 227 -95 -58 -94 -206 129 181 173 -97 91 11 66 -87 58 -181 140 -232 -204 155 13 -70 242 -154 -201 -216 -205 23 79 48 142 107 -24 -15 -169 84 -91 -160 -98 -230 192 94 -148 -247 -239 231 -99 -131 -149 -135 92 20 -32 -78 197 -155 17 163 -114 141 203 -231 -50 -53 -13 138 -35 86 24 -224 -182 -219 190 224 -171 183 194 -138 -162 -189 215 191 249 -74 -42 56 -215 134 248 176 -47 -172 55 -213 246 -76 -233 -104 69 -12 -168 -137 137 189 -136 9 157 89 102 115 196 136 174 -9 238 -141 130 -65 44 -156 232 120 217 -83 -39 -54 -242 148 50 -226 -248 211 132 -68 -88 -14 103 143 39 62 -31 -80 77 63 -101 5 -118 135 53 -185 -119 205 -159 151 57 -61 -107 212 -147 47 43 235 208 -29 18 -126 51 -108 -56 -4 -146 -90 171 90 -129 162 14 -115 -100 -140 166 -196 161 -121 -45 -112 -150 64 81 -203 106 61 -220 -11 42 244 160 184 219 216 -246 -93 139 -194 -86 -75 78 228 -46 -143 -222 -7 153 -235 -221 218 149 110 80 -124 -92 -161 -1 59 98 93 117 147 -228 230 -193 22 45 -51 -111 2 -128 234 25 145 35 198 -2 30 12 -23 52 121 180 -225 -22 -192 71 6 40 -157 -110 207 -240 41 95 33 239 -191 108 -179 240 -174 111 -250 76 28 -199 245 75 -67 7 74 -153 -44 213 156 -207 37 -195 -176 36 -25 187 31 237 -59 -113 34 222 -211 -69 10 -127 -183 125 195 131 201 126 16 -166 -163 -120 -63 -237 199 -60 -125 220 87 0 165 -234 112 -66 225 -139 97 -117 -116 -167 -49 -38 -40 243 247 -202 -96 27 -180 -130 177 -106 -244 -133 -241 -187 172 1 -17 -55 233 -36 127 -170 -48 82 168 193 -102 -145 -190 202 60 154 
TEST 76 ARG:-49 -124 22 -121 174 236 -123 -122 98 178 92 -70 216 -93 18 -232 -87 121 232 -237 112 175 -175 162 -236 -223 -185 -116 -239 229 172 -186 -163 -139 97 -54 -160 -131 -19 126 -92 -96 227 68 -234 -207 186 104 -28 28 -64 -107 -227 58 -205 -161 0 4 71 -174 -84 -159 173 156 21 -211 142 -183 96 -125 113 56 -172 -41 -95 -188 40 146 -189 -164 -111 110 176 38 -210 -50 -38 -14 -152 -221 -215 242 224 65 -182 26 184 -143 -10 -209 -231 13 73 -162 -117 -112 152 32 198 210 122 -22 105 230 -82 -43 157 131 17 128 -51 117 -212 -48 -5 103 116 33 -78 -127 -246 77 44 189 10 -180 -230 -195 -134 -247 72 191 118 -126 183 -44 -21 188 -25 240 168 111 -39 -177 245 34 -137 -208 193 -105 -11 -108 -203 -110 -8 119 215 78 11 137 1 223 -132 -109 -67 89 -69 101 -89 166 -53 52 139 -40 212 -77 -86 207 218 -98 91 -157 27 -242 -24 87 -74 31 -6 90 -238 -13 153 -102 61 -35 -99 -68 130 99 -36 -171 -29 243 -149 181 -213 12 -228 192 7 63 -57 221 -18 248 -63 -7 95 -222 24 53 129 206 -250 -83 182 74 -42 -76 -190 -196 49 155 135 19 190 -155 39 86 -201 84 140 15 76 -198 200 -103 43 195 85 -200 241 133 -191 55 -135 -249 -60 57 46 202 159 -30 211 -55 138 -23 66 -187 51 107 -58 239 249 -138 48 45 42 -27 -37 234 -45 -66 154 233 -150 100 144 -16 -113 108 160 209 -79 197 -118 37 30 -59 201 -31 -128 125 14 -148 217 169 244 -167 -240 -52 8 -85 47 -235 81 150 -178 -141 -142 -192 5 -9 35 124 167 -218 54 -32 -34 69 114 60 148 75 -140 -4 -216 -90 205 -219 -80 231 93 9 -168 83 -115 -233 -184 -91 -217 187 -226 185 -145 -3 -136 70 -243 143 -173 134 219 222 23 41 -97 -120 29 -88 -151 -202 -15 203 225 -75 -153 149 -104 80 -100 -65 -101 165 237 194 -61 -20 208 196 120 -130 -181 -244 213 141 106 204 -158 -179 -224 67 161 177 -47 82 -114 -241 -154 102 238 -62 -146 -26 -12 220 -214 158 -81 235 123 -199 -165 -2 115 -194 64 -33 -106 -169 -56 136 109 -197 -147 247 36 199 228 94 127 170 50 -156 25 2 -46 -73 214 164 -245 -94 -119 -170 -71 20 -206 -220 -72 -225 145 147 -229 -193 151 -1 88 -133 -166 -204 171 -129 -176 6 3 163 16 132 59 -17 62 246 -144 226 -248 179 79 180 
TEST 77 ARG:213 -191 71 -110 75 19 -197 -58 -81 -31 -18 -94 186 103 206 -36 -97 -167 2 46 -95 211 -47 80 -79 12 131 248 -35 -216 -102 -164 247 134 11 -50 73 24 -96 -88 -28 126 245 212 -202 -162 147 -195 -99 -85 -237 239 117 21 -249 36 160 79 84 244 169 -90 -109 -49 -144 44 83 227 193 121 139 56 -174 158 -33 90 216 -135 9 55 10 175 -130 -113 -225 163 242 91 -132 54 27 -37 -5 33 217 -72 -247 -218 122 115 -226 226 -193 47 -227 -12 -200 37 -146 6 50 97 218 224 152 -112 -120 -13 220 51 -189 69 130 -183 -223 -16 104 -138 -166 174 -39 -186 146 148 -173 231 -40 195 -190 232 32 165 177 183 -246 109 62 -230 -70 -30 -4 5 -217 -204 246 64 -128 67 237 14 -141 141 -104 -158 96 241 94 87 -126 229 -147 -46 184 -201 86 -177 -211 -161 -62 26 162 -98 49 225 -125 -212 29 -228 190 99 -93 123 156 31 233 191 -92 53 8 215 112 -63 -171 -133 137 -196 -153 -207 -222 -243 154 192 -180 120 -172 -86 -1 -149 -157 -14 -26 -56 -163 4 -169 17 -188 221 -54 -23 88 -151 167 -111 -118 -60 -210 136 205 30 -29 -9 -145 -106 39 -44 243 52 176 -24 -119 76 108 150 144 0 151 -84 189 -176 -245 124 143 -22 -199 111 20 58 -100 198 -82 -78 61 35 22 132 -34 -137 194 95 185 -206 114 -115 180 -91 -139 197 42 -238 222 166 105 -42 -121 -205 -220 -221 208 48 78 223 170 43 -69 -38 145 -53 181 -65 59 -143 -240 -155 -64 15 -142 -8 159 -229 101 202 3 41 -15 -19 -241 234 200 -71 214 -66 240 -136 -248 -148 25 -224 -68 235 119 -59 228 -51 106 1 149 168 -232 -168 -213 153 209 188 -194 236 -73 110 -75 -134 66 164 -152 -242 100 -233 118 -235 63 -234 199 201 -48 -55 98 135 -170 34 72 -10 -175 107 85 -80 -181 -101 -124 128 -185 -87 116 70 -57 -117 -11 -83 -67 203 113 -236 171 82 -209 -160 -17 219 -203 57 138 -77 81 -129 -140 93 -178 -219 -103 -215 28 -198 207 -6 74 -108 -2 -114 7 77 -150 -61 23 173 60 -74 68 -165 102 16 -244 -179 -76 178 -7 -131 155 127 -208 40 -43 -231 -107 210 -156 -21 -3 -192 -159 45 -154 -184 -214 -182 -105 -52 -25 -27 249 -41 38 -20 230 133 -116 13 -187 182 -250 18 161 -127 196 238 142 65 -123 -239 -89 204 -122 125 89 187 -45 157 179 172 129 92 140 -32 
TEST 78 ARG:140 117 -9 203 -242 -104 -226 -20 -48 46 -248 181 124 -216 176 -4 60 61 -200 116 180 76 -203 -159 -38 107 -232 -59 71 227 8 -157 20 -154 -124 228 -33 -206 -176 57 -56 129 -14 21 197 -195 -65 214 240 -28 93 59 24 -105 -64 30 103 95 -86 210 -80 90 -170 84 241 -91 3 -8 77 231 -139 -88 -135 -106 63 62 -3 239 -132 108 -230 -61 31 196 217 -229 137 58 -196 12 177 224 233 219 -72 -161 -126 -202 -102 49 -58 -111 -7 -194 -249 -244 -103 79 209 10 -237 185 171 -121 225 -60 -210 -79 -54 -220 -6 205 -24 -236 -218 -17 -29 54 -85 -12 55 -21 -2 -115 -37 136 -114 -43 -71 -197 -239 66 68 -148 -13 43 -156 165 38 -145 -40 -234 190 189 -35 -224 182 -153 27 -131 216 202 -140 232 -109 -22 -211 -182 246 53 6 -26 -144 81 -97 174 184 -168 -142 148 161 -77 87 -150 -81 223 73 111 138 4 -11 -184 -207 7 234 132 104 179 -214 -217 -16 -50 -15 -138 -204 -238 -187 -179 -36 121 159 98 50 113 130 41 -66 213 238 157 96 -46 -44 112 48 206 -123 244 -134 97 128 187 -180 139 115 -52 -55 -241 -191 -245 -51 -47 44 -222 118 127 -119 248 -209 235 70 -99 -221 -213 26 89 123 226 2 5 152 -31 195 -110 168 -136 -42 91 -181 -41 -30 188 52 -227 -67 -151 172 64 -201 -75 237 242 -228 194 126 -120 67 -143 212 -164 -78 193 -84 37 -183 -130 -128 134 -246 -92 145 120 160 -247 -101 154 -18 -27 183 -63 -100 122 40 -243 100 211 72 215 82 -177 45 -205 25 -137 -152 -190 56 74 -118 -240 -57 186 151 106 -94 162 -74 204 -133 -10 218 -155 34 -90 -233 156 -192 88 -225 -162 83 -87 133 101 -189 51 201 147 131 -149 109 173 192 247 -231 125 14 150 18 249 -219 153 -32 144 -39 -49 35 94 -127 110 169 -235 -25 229 -83 -93 92 -98 15 36 -166 -198 -69 -163 -215 230 135 -174 -122 142 102 166 105 -160 -199 -178 1 -5 200 167 -141 -212 -158 78 39 -171 -185 47 221 236 65 -188 -186 9 222 -73 -23 114 -89 245 -172 0 -116 33 28 42 16 86 -108 -165 -82 -34 -107 198 -169 -53 69 164 85 17 -193 207 -19 -223 -125 -62 19 -167 29 141 -147 -146 163 -208 170 -250 191 243 -70 -113 178 -173 149 -129 -45 208 119 -76 143 -95 -68 -112 23 175 75 146 199 -1 11 220 155 99 -117 158 22 80 13 -96 32 -175 
TEST 79 ARG:-62 -58 -85 146 182 2 -19 108 -153 169 -108 -228 142 -211 75 -227 -92 -22 23 19 70 58 51 184 211 -69 -243 216 109 -17 166 -55 140 -128 152 -120 -170 -97 -119 141 -151 71 157 66 -111 44 127 -226 226 8 -199 64 -205 -247 -61 223 186 181 -13 -187 -129 -79 -60 16 96 -241 102 -37 -148 123 -140 -208 178 222 15 144 164 208 -166 47 -206 -220 -88 210 212 155 -2 -94 117 -71 -23 244 209 154 120 -80 -74 -163 -42 43 237 196 -180 126 -194 -57 221 -54 151 -178 -154 -212 90 124 218 111 42 121 -101 -182 -145 79 74 82 -155 60 -9 -133 150 232 -86 -90 20 236 -175 -11 93 73 -169 -238 -221 -200 159 41 34 -89 -56 -160 18 119 39 -26 83 -72 -125 40 194 -64 37 -196 193 -84 205 -103 -102 26 -16 -197 239 -219 -98 -174 -142 224 100 -124 -93 188 -8 -239 -137 -164 242 183 172 81 198 -179 101 -143 -127 201 147 97 165 -248 46 -132 240 -149 -110 -134 -52 -250 -159 -81 106 -73 105 -215 -135 -21 -130 225 -109 31 -105 52 217 -123 24 -116 -59 4 -156 112 -139 -4 -50 213 -75 248 -106 -207 -214 -246 -36 -40 -70 168 206 245 -46 134 77 -235 -12 -78 -96 -162 -7 63 195 -242 -188 129 148 118 -53 176 185 -218 199 13 54 103 92 158 -24 243 29 -32 -176 175 -99 -189 35 -198 128 -157 -244 10 132 -65 -107 -39 -66 61 191 -1 204 -68 -150 -229 180 69 56 89 -224 241 190 -27 -185 122 114 -192 110 -210 59 99 -77 -25 14 133 -204 104 -18 12 -30 -115 -231 230 11 -236 -249 3 -225 -33 -190 -20 173 -28 136 5 -184 53 -6 177 -45 -10 55 179 -15 115 -217 86 131 -233 -147 153 -76 -146 138 0 167 145 -67 87 -144 -87 -51 9 21 65 -48 -167 197 227 -158 171 -186 6 -31 -201 76 62 -152 -83 -177 -14 215 -222 67 -181 88 -168 203 25 162 156 28 116 -223 -100 -63 -29 -138 235 -165 -49 189 -240 233 214 -113 84 -117 38 -195 -136 -232 139 91 247 -171 200 238 -213 1 -122 192 -161 -104 27 -203 45 187 57 94 -43 143 -234 -112 -118 -202 234 107 -44 -245 -35 219 207 -38 -230 202 72 49 22 -121 170 85 246 78 220 -3 -95 -91 130 -237 228 68 30 17 163 -191 -47 137 -141 -131 -41 50 36 95 -173 249 135 -172 7 125 80 -5 33 32 48 -114 161 160 231 -126 174 -34 -82 229 98 149 -216 -183 -209 113 -193 
TEST 80 ARG:-74 110 -4 -171 -162 219 -178 42 225 -183 -3 -241 147 -106 45 160 -107 -224 -81 -61 44 -249 198 -125 -202 -147 212 4 69 105 -13 -237 38 -201 133 -204 -40 31 153 -165 -117 -37 -212 -104 -45 232 234 -140 -226 96 -66 57 29 -21 -228 -90 70 152 -24 -135 -152 -231 -243 -27 -14 -148 -34 8 25 -70 49 54 150 -15 78 -146 114 148 -7 -158 35 -203 -245 -48 218 85 171 36 184 -65 71 -227 -54 -98 -192 -188 76 115 -91 -69 246 182 16 86 33 99 163 -222 -151 186 179 -118 118 -12 112 248 195 123 9 -36 62 -44 -10 -92 -35 185 -19 238 -46 161 -175 -248 -150 -225 -115 -169 23 180 -23 -60 46 143 -166 245 215 -218 -159 -129 175 240 166 189 178 -153 -136 208 223 53 -168 -110 -9 34 217 -181 -22 243 97 -59 -51 -102 17 -177 -174 39 10 -220 -25 -194 -208 74 187 174 19 126 -67 127 -116 0 -111 157 18 -149 196 66 37 -56 -238 191 -230 -99 -76 -84 -163 -172 242 -109 -234 200 -62 -17 125 -161 -131 -250 121 107 233 -53 237 -126 -2 -207 -114 -160 137 165 -182 43 -197 -31 -38 141 -173 -127 159 172 50 192 194 207 -97 155 82 139 -96 79 56 65 -30 -235 202 83 206 73 -6 228 -213 -217 -236 122 -123 -164 101 214 176 -121 151 14 -11 -101 -200 -73 130 15 -221 -8 201 -139 -55 -26 132 -180 134 93 -18 188 154 135 -5 140 181 -87 -88 230 -211 13 213 -144 170 -130 204 -215 -77 -205 30 88 -199 138 -78 92 106 80 142 -64 60 156 239 -219 -193 -86 -82 113 -239 -206 235 -85 229 -232 -214 144 190 129 -143 168 -138 221 6 68 164 220 -68 167 -196 98 -156 226 216 -184 146 -132 -209 -229 26 -195 -58 -103 -95 149 58 75 203 61 51 67 -79 -39 231 -246 -1 222 -16 5 241 77 -71 81 -210 -157 199 89 72 90 249 -154 -93 91 1 -176 -57 -128 -83 -134 -191 158 -49 -240 27 -108 177 -119 -190 -29 209 -32 119 -179 131 41 227 -33 -122 -223 109 211 -80 -185 3 -94 95 64 59 -72 -28 -100 -170 -133 -242 -137 84 -187 40 -216 116 120 55 102 104 -247 -43 169 193 87 -113 103 20 108 117 12 -89 -52 -41 -155 236 -42 28 145 48 224 -112 -233 162 173 -20 -198 124 -142 -167 63 7 -244 205 128 100 2 -145 24 21 52 94 32 -75 -141 -50 111 22 183 -63 -47 247 136 244 11 -186 -124 -105 197 -120 47 210 -189 
TEST 81 ARG:-142 215 -150 21 219 -32 89 -208 182 -72 -41 225 -92 -34 180 115 -52 164 167 -130 -80 -166 108 177 -16 235 39 -122 107 -21 120 91 49 146 246 181 -152 -224 147 -53 -96 -105 -176 104 223 98 -99 -31 11 12 -169 129 77 32 -13 27 174 -246 -202 -100 80 -147 -119 -126 127 -153 227 13 -227 -39 136 -201 197 192 -140 140 -45 90 -164 -124 -194 31 234 -159 43 194 222 -120 -186 -144 57 -81 249 82 231 -20 8 206 -117 -93 -94 243 94 238 170 128 -60 62 188 63 10 -91 247 106 130 69 204 -70 -241 -24 -133 -66 93 41 -239 152 -139 -165 145 217 244 22 -155 -28 -128 28 -232 -129 -5 -244 141 25 -206 53 5 185 143 -190 224 71 -86 -88 -78 95 248 -182 75 200 51 -151 -219 214 -132 -98 54 232 -189 118 -110 162 4 -74 -69 -168 -204 -179 -27 122 160 0 65 -25 -233 45 186 189 -212 179 171 -203 -137 148 212 -114 23 199 76 -141 134 -240 -187 121 -178 70 58 -14 -242 -47 -183 78 -247 -30 -62 -82 135 68 -104 -38 109 87 15 56 -83 -37 -231 105 123 -73 20 144 117 24 149 -121 -76 168 -217 124 40 178 -75 -71 233 -113 -154 -245 -236 -26 112 -249 50 -214 150 -64 133 -229 161 -19 237 1 -205 -223 -102 34 -109 -58 -211 -191 -184 -146 165 74 19 -158 29 26 -162 52 210 -59 -50 111 -7 153 -248 73 -22 42 213 -237 157 -23 59 202 -226 -18 245 18 -149 -97 -173 -51 138 -77 35 175 -250 -42 84 -218 47 -243 239 -116 -63 158 230 203 -145 -134 211 67 -228 -90 -4 -8 126 -84 176 -108 -125 236 190 -65 -1 -29 -85 -9 -209 -193 -216 60 -181 -127 -198 33 -238 -43 187 -2 -221 -10 -230 156 79 119 -103 -48 102 -115 -199 -174 -68 184 -234 166 -79 196 207 -40 -15 38 -200 208 114 220 -55 97 195 17 46 88 44 -112 -17 -207 209 -222 -33 72 -235 218 -89 110 -175 99 37 163 -171 -123 36 -170 -197 9 -54 96 2 -61 -87 -160 183 -57 -36 229 -225 201 139 -172 30 3 -192 113 86 81 173 -12 -95 -167 -35 92 198 -220 -67 -136 -196 -156 116 14 240 -107 172 55 -148 61 16 85 242 -56 -195 -118 -135 64 155 -131 159 137 6 -185 131 -44 -143 205 -106 -180 -46 154 216 169 -138 191 -215 -213 228 132 83 -11 103 7 -163 -188 -177 -210 193 -157 -161 125 -111 100 101 -49 151 241 221 142 66 -3 226 48 -6 -101 
TEST 82 ARG:56 -156 83 93 -177 66 -107 -170 23 -70 -217 -134 4 -85 1 -30 198 120 -60 135 -145 11 8 173 -77 129 -157 111 237 44 167 231 -40 57 53 154 -241 -29 -109 5 -96 -248 -113 -27 -74 -132 16 -221 30 -100 -158 227 62 59 24 -57 -174 147 -102 184 99 31 234 122 -180 -38 -22 -76 -125 -18 86 214 223 -231 27 -72 -23 -159 50 -243 -73 -105 38 161 100 -223 -160 -32 127 -213 -81 -187 -121 18 199 -31 37 238 78 47 42 119 182 49 183 -138 176 210 202 209 -249 105 69 190 -133 -208 230 -236 239 -124 -112 75 -51 -123 -11 201 -192 -129 139 104 -47 159 -21 -99 -12 60 -39 55 29 -59 -141 110 -103 189 -151 -128 197 156 -229 -25 233 25 -1 33 -250 -179 -64 -8 124 -45 145 -238 9 155 -207 -24 -130 65 -242 -80 235 141 85 241 206 215 -28 -5 244 -82 121 101 144 180 -10 -48 245 153 -110 91 -155 -104 67 -244 61 -93 -228 218 -171 107 -198 6 157 -50 -13 125 45 -79 22 249 -233 -91 150 34 126 -71 -84 54 -90 -154 -34 172 137 72 -182 -53 -17 -37 92 171 -197 138 -245 128 10 169 192 -16 81 40 48 -161 133 -219 220 -101 140 213 193 -26 0 -62 76 -94 -239 143 26 32 -44 -135 134 174 -148 -206 179 -136 -226 -69 148 -162 97 -131 166 98 -3 211 -14 222 -98 208 -193 165 177 -89 225 200 7 -175 -164 -15 -220 194 -211 12 -41 -214 -196 -167 -184 -49 123 130 -185 236 -95 36 -119 68 -186 152 114 -63 103 -117 -52 187 70 248 191 -232 228 21 -142 73 -202 219 164 -108 -122 131 -210 -146 186 -126 -6 39 -143 146 77 -169 116 20 -224 -199 -66 240 -65 -33 -114 151 -111 -222 -209 46 226 -88 13 224 -20 -163 -139 168 -150 -2 -191 181 195 -116 106 -118 -9 19 163 -106 -230 -140 212 196 -56 117 142 -203 246 94 170 242 -166 -19 2 -201 63 -68 74 221 -247 136 -149 80 58 243 -46 -194 -87 -67 -92 108 -127 79 216 175 90 96 115 41 -181 102 204 -227 109 -144 51 -36 -97 149 84 113 -4 160 203 -58 43 -120 82 -204 52 247 3 -7 -183 -200 -54 -86 89 35 -205 -212 -165 -78 -35 232 112 -173 -147 -172 -218 -153 217 -189 28 -246 87 -137 17 -61 71 -168 -234 -240 -225 -237 132 207 -235 -115 15 -75 118 185 -42 95 -152 -216 -83 -215 -178 162 229 -176 178 -195 -188 -190 88 188 158 14 64 -43 205 -55 
TEST 83 ARG:-113 -174 -182 -236 -97 63 16 180 227 199 21 192 249 -131 209 211 -43 -50 -11 145 -86 80 -49 123 178 -80 -60 88 141 -247 -191 163 -81 -91 7 -38 -204 130 202 -51 -4 18 -79 164 -16 -197 188 76 -3 -190 -66 43 -21 234 -245 -201 -173 -222 -92 31 82 -47 99 124 65 -147 -87 -172 -65 90 -69 47 229 -219 -137 92 -89 -78 -164 191 -10 -103 -25 20 -142 28 242 -94 225 77 -129 162 -198 105 207 119 133 -118 68 -58 42 54 -6 110 -243 -28 48 -120 -143 12 -35 -122 81 -239 212 -250 -77 -84 155 122 213 79 -150 0 240 216 -232 46 -185 -194 224 -224 179 -8 150 -83 197 -37 203 -183 33 218 84 195 223 15 126 -61 -211 226 36 125 -124 -102 -228 -99 -158 -155 135 -110 -67 -15 87 172 146 30 69 1 167 73 19 109 -40 -242 -54 -45 -152 -76 -72 55 -159 -14 -7 -27 194 -241 231 -19 -200 244 -138 -41 57 247 118 132 71 -106 219 190 185 -187 -44 -184 95 -193 154 100 -5 -244 -231 177 -104 -22 -70 243 -209 -71 121 -17 51 104 245 -151 83 -210 117 -221 -248 -98 -88 -134 -82 86 181 50 198 -126 112 111 175 2 -34 13 -105 173 91 89 174 -149 -64 -220 14 62 176 136 241 -23 -95 -246 230 196 -218 -165 -186 -163 106 142 45 22 157 159 -9 -144 200 -167 168 -2 -18 26 187 -85 25 184 210 -33 166 -208 -68 97 -226 -141 -123 -166 41 -20 64 -234 -199 206 -75 -115 144 35 -32 171 -215 34 215 -207 -140 239 67 -136 107 -26 221 186 246 -130 -148 165 -223 -202 120 -192 32 115 217 -175 72 -196 -13 -156 153 -171 -101 -238 56 -48 -195 -157 189 -214 208 127 -121 -108 78 160 94 -178 38 4 -59 -109 233 9 -177 -57 151 201 138 228 -116 147 220 169 -154 -225 -169 -237 -114 -93 -128 -12 149 152 -74 -179 -230 37 113 143 137 205 140 -96 -132 -217 102 -133 108 214 53 -229 237 -56 29 98 -233 49 182 58 -117 -52 6 -31 -125 11 5 60 -206 85 -29 -212 24 -146 156 236 -180 -227 -189 -188 148 -240 -161 103 204 114 -112 -107 238 -42 -170 27 161 8 -203 -1 61 -90 193 -30 40 232 74 93 134 17 -249 -127 158 -139 116 -73 -46 131 235 -62 -63 -162 -235 101 75 3 -160 -55 -168 248 -176 128 222 -100 -24 139 183 -205 39 -39 52 -145 170 44 -213 23 -216 10 70 -119 129 -181 -53 -153 59 -111 66 -36 96 -135 
TEST 84 ARG:-227 -129 200 -204 133 -53 164 166 -147 -157 188 -4 -127 228 -134 -38 -240 -132 -92 15 109 50 97 187 -216 6 -26 85 -48 107 -150 -168 62 -182 -223 -229 18 -222 -126 -25 51 56 -226 40 161 -17 -202 -169 237 143 -144 -113 108 -249 -42 -13 -142 -248 -87 -21 115 -174 222 5 247 10 -180 -208 36 209 -145 -137 248 -96 -97 123 227 41 -39 219 -185 22 -177 -28 80 -91 31 -12 -164 -231 13 -60 -75 8 120 238 100 -98 150 -6 226 230 -151 -245 203 -69 32 242 168 -86 -189 212 183 -218 -221 148 79 -228 162 3 -159 -230 -239 -50 92 -70 151 -68 130 110 11 69 0 1 95 67 -3 207 -175 -173 191 126 217 192 235 -90 -250 44 155 -76 176 193 -161 -77 -72 136 -214 141 71 132 59 156 -19 -237 195 -22 -247 -183 -85 189 -197 122 -139 178 124 -219 -20 -93 -184 181 -158 48 182 201 186 -232 30 89 82 -130 -193 214 112 -78 93 134 241 171 -49 -225 154 74 4 -198 -36 23 113 -140 101 84 -73 14 -116 172 -171 224 -190 218 -99 -233 137 233 -47 29 173 37 -104 -192 -238 180 -110 190 -201 158 106 -243 7 42 169 99 179 121 -152 -1 -111 -148 -121 194 -9 202 -172 -27 142 210 246 184 25 -51 119 -213 103 -186 65 -89 221 127 -124 -83 199 57 -181 -178 198 -160 -206 -84 -224 -122 197 -166 -55 9 208 -5 116 -62 -179 -220 -163 -244 78 -162 96 -52 -80 -81 -203 -64 -66 47 175 -7 -46 39 27 -103 174 -44 185 220 55 35 -241 -199 -102 70 43 -15 -65 -95 128 -35 196 244 -101 -30 -29 -105 213 104 -217 26 177 -131 -196 61 -117 -154 -59 81 -141 75 -23 33 -165 90 206 -100 66 88 102 -33 144 -118 58 -8 52 -79 -167 -115 225 28 -40 -188 205 -61 -108 234 17 24 -88 -114 -234 -41 -176 131 -246 239 215 245 -209 -156 -112 -138 138 -58 249 114 -34 -37 159 -63 152 64 -135 118 -2 -128 -16 68 -10 -18 211 -106 170 135 240 -191 16 -11 243 98 -242 157 139 129 165 -43 86 216 153 73 163 -32 231 -54 54 149 -109 -31 21 -155 140 -194 -170 12 229 63 147 -205 -123 38 -200 72 2 -56 -82 83 45 -120 -236 -235 77 94 -136 60 232 -153 167 125 105 -67 53 91 -57 -71 -143 -125 -24 -133 204 49 19 -207 -212 -149 -74 -187 236 160 -146 -215 223 20 -45 34 -211 -210 117 145 -94 -107 -14 146 -119 -195 46 76 87 111 
TEST 85 ARG:-4 133 151 -241 240 51 -5 68 -45 42 -157 136 243 -12 119 75 -177 71 214 -29 -86 -52 130 185 78 62 132 -73 -182 -131 3 -167 163 -61 103 194 -122 -115 -191 24 -11 65 -97 161 -121 33 49 125 -247 -142 -79 175 60 -212 99 176 208 12 -215 -3 184 -85 -101 203 -146 108 -185 154 -14 -76 172 -164 111 56 -17 -49 -15 -2 95 197 193 101 -46 232 217 -26 -149 38 -65 -237 179 73 126 61 239 -83 109 -119 143 -233 98 -104 -99 20 -242 -47 -188 -196 138 -176 -66 89 80 -6 -91 100 47 182 219 237 228 -25 -128 160 59 -67 -186 76 -147 10 -20 -154 117 -130 186 -226 9 -228 -87 94 236 88 -137 81 26 189 152 -70 -202 64 -136 36 -190 121 145 104 -231 -24 -35 -109 -18 202 201 -208 -84 -68 129 113 -54 -213 57 -183 -58 34 234 229 241 92 225 -117 1 8 18 159 -173 -80 -163 -21 -179 -57 4 124 102 166 -210 135 -195 -204 211 -31 -107 207 106 164 -245 -218 -63 134 -206 -151 -77 -32 66 -126 177 -123 -82 169 -201 155 -39 -92 69 55 -135 -100 188 74 -110 52 210 85 46 -181 -41 -120 110 216 70 247 28 -111 2 -129 -90 167 191 -171 97 218 147 168 -165 -178 153 205 -133 171 -209 -72 220 -214 174 -10 181 -40 -217 87 -138 -27 235 -248 -38 -230 -114 -50 190 -37 -22 -74 204 -48 146 -148 165 158 149 -112 -132 -64 178 116 227 -139 196 -187 -193 200 -96 44 -145 21 156 -71 -34 -160 77 215 212 -153 107 -28 16 141 -102 -143 11 -43 45 -95 131 84 -166 -36 30 -224 19 150 -243 17 -175 96 86 7 53 23 6 -69 31 -169 -168 231 -240 -89 -198 244 -127 41 -249 -150 35 -236 -81 -19 148 -116 -246 -144 -238 128 -53 195 170 187 -105 248 180 112 -170 -184 -59 -94 -205 -113 140 123 226 -172 -192 -225 -88 139 54 39 -234 115 -227 -239 -13 -124 -199 238 -216 -235 -162 -220 -232 162 206 157 -140 -103 242 -8 -51 15 72 230 224 50 -203 -152 58 29 -9 67 137 222 37 -211 -125 -141 32 233 -229 127 -222 -161 63 -189 14 221 -221 249 -1 93 -78 -207 -244 -30 198 173 223 -197 142 -156 -200 -44 90 -158 -134 27 -62 -98 5 144 -7 120 213 -56 -23 246 -42 114 13 -55 199 -33 -194 0 43 22 245 40 -16 -155 -174 -180 -60 -118 122 83 183 105 91 48 118 -223 -159 -108 209 25 79 -93 192 -219 -106 82 -250 -75 
TEST 86 ARG:-167 -142 -176 93 186 -37 114 -156 -84 -79 -157 -107 -227 -3 41 160 -136 187 -31 -72 -121 -19 -23 190 84 -154 247 177 -80 73 200 124 13 -177 -24 -10 202 48 -139 -184 -5 -155 65 217 -228 69 27 57 235 78 -8 76 34 -125 -115 -192 -7 -186 60 63 -218 4 134 -22 62 112 -185 113 249 142 -14 -27 -159 -194 -171 205 107 -175 26 118 -187 16 227 83 -116 -52 -231 108 95 102 86 99 -101 -210 11 70 -201 -206 137 154 121 -126 -204 -163 -18 216 138 -124 109 -11 77 223 152 -35 -222 45 -148 140 -87 -78 139 -120 -6 -134 58 -94 -85 222 239 -77 -205 7 -51 119 246 191 20 21 151 98 -99 5 -133 28 1 -242 -68 164 166 -140 -53 125 50 -180 234 87 209 -34 32 -226 -170 -57 -112 213 -166 -249 -2 -96 -165 17 232 -225 -178 -149 -98 -221 -198 -4 67 123 148 195 -151 -97 -9 208 -173 -92 145 -15 -129 72 180 242 -131 199 -202 -160 122 25 53 -244 193 -179 167 -113 75 19 198 6 91 -30 56 -59 225 173 79 172 -106 182 -20 -223 120 220 248 -36 -182 -70 163 -56 -224 133 144 -26 54 74 -237 -200 126 -236 -207 -145 129 -203 -60 226 -82 -152 -21 -90 233 127 -12 106 -211 81 244 -45 -183 111 130 22 170 94 141 100 150 -76 8 -150 -1 116 228 -181 59 238 -118 9 -147 -240 -193 -103 14 -88 -49 -95 10 -46 -43 -191 146 -58 219 -42 -245 -89 -213 192 156 82 -105 -55 43 -32 36 -238 -209 105 204 -144 -109 80 -141 211 -188 64 90 135 12 -215 -233 -65 -161 169 68 -75 -195 117 -66 101 61 183 245 168 -119 -230 40 -246 -241 33 212 -248 -219 -172 104 89 221 188 18 -128 42 -47 -162 184 -243 214 23 97 162 37 218 -71 -232 -28 161 -153 -83 -64 181 131 -102 -104 -50 236 103 194 237 -217 0 -81 -250 -17 -208 -63 15 -169 -108 -132 -25 -44 31 153 206 -41 224 47 207 -137 -40 176 178 185 201 -168 -158 -86 -69 -93 -190 44 -143 3 66 -214 -74 29 115 136 30 85 49 203 243 -100 -61 174 158 -67 -216 -130 215 51 128 240 -91 -114 -135 -164 231 -146 157 -29 -239 210 155 171 -48 -196 110 -54 92 -16 -212 -38 149 179 46 96 38 -117 229 24 -110 -220 39 2 -33 71 -199 52 241 -127 132 143 197 -247 -197 -13 147 159 -62 175 55 35 88 -235 -189 -123 -122 230 -111 -234 -174 -73 -39 -138 189 -229 196 165 
TEST 87 ARG:-85 -23 76 -53 249 -155 18 -185 -215 -99 -187 219 27 132 129 40 83 -160 209 14 -179 218 49 -242 -208 -87 -163 -15 88 -224 -76 -225 202 -168 -56 47 62 -46 177 -95 -111 217 -145 22 186 -174 236 -175 -241 -212 -137 -198 -191 192 179 159 164 -16 -143 -17 183 -154 -49 -243 -247 -115 169 -144 -43 -2 104 -149 -101 241 -73 79 87 142 -148 187 90 73 172 26 -202 -147 -57 -249 7 197 126 -124 145 -138 -82 225 36 -39 178 97 -166 -199 -182 67 -189 -167 111 -103 -31 151 212 -220 -58 -36 -136 74 214 123 84 77 181 -37 52 89 199 213 -234 220 -229 -65 -177 -170 -164 134 -9 -79 238 144 193 -150 -100 -10 -105 -201 -63 -238 -133 -141 -91 114 160 71 -171 109 -66 -77 -230 61 -45 43 -130 -59 211 146 75 106 -67 13 223 -121 147 -1 -5 222 -8 143 -18 -158 -176 -30 -118 -173 -41 107 101 168 -209 239 -216 203 190 59 -205 -196 91 -193 -250 82 128 98 -192 -129 -90 3 -153 30 -140 66 210 158 10 -184 9 -236 -13 119 -223 -33 216 -19 162 -25 44 -75 120 165 -28 -78 -211 86 195 -188 182 -246 154 102 140 -228 149 133 -11 -197 110 237 189 -159 21 -207 184 243 -84 41 -126 -96 15 248 -34 38 94 -180 64 -218 53 -42 17 231 -93 131 -134 167 2 -52 175 16 245 173 127 93 -239 191 69 5 -4 85 118 50 161 139 -38 -61 -194 -12 -44 -69 240 55 -119 -70 -86 -183 32 -213 80 -157 57 -217 33 42 11 201 24 -181 29 -206 247 180 188 150 235 31 157 -97 39 -128 228 51 -71 194 -186 -233 56 8 72 -62 -240 81 124 221 -22 -122 -139 -47 -232 -195 -3 -152 -151 100 68 230 170 -26 34 -54 70 78 -190 208 46 -24 25 -98 -142 -214 242 54 -107 -55 -120 -210 204 136 198 -221 -21 -132 196 -51 37 99 -68 65 45 95 -169 -146 58 121 -89 -48 176 -165 -156 137 166 138 224 -50 -114 -248 229 185 -72 -123 1 -29 -227 -200 -135 63 156 148 -244 -237 -60 233 -92 35 -245 171 117 174 -20 -235 -113 -81 206 -108 -112 96 23 116 -203 232 -6 -83 -104 -172 234 205 246 -88 -125 108 152 -219 130 -40 -178 -231 105 103 -74 244 6 92 -161 48 -64 207 215 -32 -222 -106 -116 -94 -102 115 -127 141 19 125 -35 200 60 28 135 -131 12 -109 -27 122 -226 -117 112 153 227 155 0 -110 -80 -162 -14 20 163 226 4 -7 113 -204 
TEST 88 ARG:171 -189 -161 -185 -224 214 -233 194 -129 -34 42 160 138 -202 135 96 233 62 -97 235 -22 35 -121 142 -24 175 201 -6 108 30 67 131 27 -249 -12 19 192 -183 -107 -25 -43 210 127 28 -246 49 5 -241 55 -71 -99 -50 -191 29 -68 -90 -67 221 234 -160 121 244 44 -120 107 7 -85 3 -248 243 78 239 199 -194 -119 59 164 -209 -54 2 77 141 89 -91 183 13 22 -23 212 -103 -176 -135 146 -172 -180 -175 217 -159 -227 -232 168 145 -143 21 166 -106 150 37 -216 57 -214 40 -196 -96 -95 -3 -206 188 46 16 185 12 116 87 167 220 -127 -105 60 17 189 -26 144 -53 83 -146 -131 0 -140 -145 -115 -49 -231 73 -70 -163 -73 179 18 177 240 39 85 172 202 -139 -158 137 -63 218 163 211 -130 203 54 -197 117 134 -18 61 -187 190 110 -219 14 227 198 -164 -92 75 -157 -40 187 91 -64 229 -133 -165 -7 219 -21 100 -199 -93 71 -2 -110 241 162 215 43 -239 -134 -153 119 8 -222 -244 -15 -65 -102 20 -195 -169 15 -10 186 -218 25 -77 222 10 228 -51 -166 66 92 -100 152 -150 -148 36 -243 -154 118 -116 -245 128 9 112 -47 245 159 170 -81 -62 -83 -223 -215 158 246 -94 -109 88 -101 -112 -16 249 157 82 -138 -19 -114 -193 -35 -237 -186 207 120 161 -200 -29 -39 224 -211 -132 -168 95 -27 33 154 -123 -108 132 111 105 -144 -59 -236 -117 -240 -88 -137 106 -48 -60 -1 143 -203 -228 -61 200 -207 -147 26 -217 155 -5 -235 238 115 148 -104 -128 182 -31 -111 -82 147 86 153 -32 191 242 -208 -55 -142 -151 -89 196 -247 50 11 197 223 53 -125 -178 -38 74 34 47 -190 -250 65 -9 -155 70 140 248 180 102 -8 -14 -182 69 237 32 -204 -174 -36 -30 -149 -52 184 173 64 205 31 99 -46 -113 68 176 -242 -122 -126 126 -188 63 -201 -229 -213 103 -226 136 208 -11 -72 93 -205 195 -234 41 72 -212 -179 79 174 -74 226 84 -173 114 -184 206 -87 113 -221 51 80 56 -58 52 -57 48 -156 -78 122 97 -181 45 -37 6 130 -4 247 98 165 -42 -33 178 -210 90 -56 139 213 -45 156 109 -192 -198 -69 169 193 129 -13 123 -177 216 181 -220 232 -152 124 94 204 209 -76 149 1 -230 -225 76 -162 -167 104 -238 -84 236 -171 -86 125 230 -118 81 -141 -20 38 -80 4 151 -44 -75 225 101 -124 -79 58 24 -136 231 -17 23 -66 -41 -170 -28 -98 133 
TEST 89 ARG:-161 -160 -128 -45 17 -228 45 -57 160 106 -93 -220 -32 -205 223 48 -247 -41 65 -225 27 -127 -126 94 242 -144 15 144 59 164 64 87 -116 2 141 6 173 204 -131 62 -192 -249 -4 -200 111 -70 -14 -152 -102 -232 230 38 -104 -65 219 156 109 150 129 -58 196 3 93 194 85 112 -236 113 128 -100 123 1 208 -110 171 54 212 243 193 -189 228 -166 -118 4 221 -182 122 58 -239 52 11 74 227 124 -244 -148 14 -151 222 -133 -170 -174 -10 32 -25 -111 240 63 -73 -242 189 188 -199 35 -66 -28 -1 -184 -9 -135 -137 182 185 18 21 -113 -26 115 244 -168 -157 29 -56 114 -94 -203 82 217 -97 -18 95 -226 37 19 -201 100 -191 -15 -215 121 -36 -129 23 183 -50 147 -130 43 120 187 -114 -132 5 -208 25 75 -96 -55 231 90 -187 78 -64 -13 239 143 -115 -79 -243 -89 84 99 20 207 -24 -67 -7 61 12 -229 131 -49 -181 -245 117 -155 -16 130 -74 88 56 138 -234 167 209 170 116 -83 134 -37 -12 -3 154 -223 110 119 -175 -235 22 -159 -158 -107 145 -105 -44 245 -196 152 -179 26 216 127 -86 -143 235 28 101 -178 153 -198 -214 -19 42 -207 224 180 -78 -69 238 7 -164 140 -186 198 105 80 91 72 233 -246 -6 -136 104 -87 -222 107 -145 -173 -230 70 39 -250 53 34 202 161 181 174 -53 -23 -109 66 8 248 67 218 -206 -103 157 24 125 139 151 237 -22 -59 -185 36 -101 229 -121 -34 -147 -238 103 158 -99 50 -84 96 13 -237 89 97 47 226 -48 -68 55 -165 163 -241 169 176 -21 -108 0 -141 -61 49 -190 69 -76 -193 168 -231 -88 186 -216 -156 247 10 136 -218 -122 -169 142 -188 -240 -140 46 -149 -248 178 148 -195 -167 -39 118 172 -146 159 -134 -80 232 -213 71 210 126 179 -221 -72 -75 205 -163 41 190 195 201 81 -2 -224 51 31 191 146 57 166 -62 225 -106 -219 155 -217 16 -209 44 83 9 -153 -212 -91 86 73 149 -177 -46 60 -92 199 135 -138 102 -162 -98 -180 177 -77 184 -95 -227 -81 -8 211 -233 203 -60 234 -154 92 -54 -123 220 -125 77 -172 133 -52 241 -150 215 -82 -90 -211 40 -40 -11 -124 -171 162 -27 -112 246 30 79 108 -176 -202 -51 132 33 -20 -5 137 213 -33 236 -197 -71 68 214 -204 192 -183 175 -35 -139 249 -30 76 98 -210 -63 -38 -85 -17 197 -43 206 -194 -117 -42 165 -142 -47 200 -29 -119 -31 -120 
TEST 90 ARG:-76 210 29 108 -214 190 -136 -31 191 -209 176 -89 246 18 46 -163 -220 -166 -226 188 189 164 69 -45 25 -190 201 -20 115 -28 173 121 -74 -112 220 11 224 -4 240 249 -152 3 148 -179 -193 -106 110 -216 -186 51 -149 247 -229 -187 192 43 56 7 231 41 -205 24 241 -183 175 -69 204 -43 117 -84 -138 76 183 -97 113 -201 -66 156 62 -250 130 80 -51 161 -3 91 186 -161 50 33 -236 122 -171 96 -11 160 27 144 9 -108 19 132 -8 88 -182 -19 -18 -125 -88 214 222 -58 -47 -44 10 77 -123 93 195 197 -132 207 244 169 146 238 -221 45 -52 -50 123 26 -90 179 1 -155 -99 166 -39 -231 -162 -228 -101 71 -168 68 -218 42 -202 -234 182 -49 17 -9 -198 98 131 119 -197 36 147 8 203 208 -64 170 100 -203 61 243 -94 63 -120 -17 67 -248 -81 38 -61 213 -208 135 218 -139 -165 -135 187 -16 74 168 -195 -130 212 -189 -134 57 -103 -10 -141 -223 111 -225 -230 145 -2 28 -22 235 -244 116 -188 -121 37 -154 58 90 -160 -48 -140 -34 -24 -85 229 -37 -60 -148 79 -26 -196 200 30 -1 86 -7 196 31 -194 -62 180 2 23 106 -213 -192 248 34 12 114 -86 206 -151 -233 226 -224 -59 22 -150 49 -172 -249 124 237 -25 85 -164 118 233 -235 219 159 162 -176 -239 -63 137 87 103 48 228 84 -147 53 -175 194 -146 158 -204 47 -95 -73 134 -107 99 230 236 171 -87 39 150 221 -67 136 -21 65 64 165 -114 239 -65 -30 -5 163 141 83 153 232 -173 -33 -110 89 -191 -79 -57 217 149 242 -159 -36 55 -215 -111 -38 -71 59 -227 -14 157 -23 -78 -142 -12 -32 -126 -131 125 -143 -158 -178 -102 52 14 151 -169 -70 -13 245 234 -184 216 126 133 178 -100 -91 -96 40 60 70 -170 -207 -180 -128 -153 -113 154 185 138 54 81 120 16 -137 32 -35 75 139 104 6 -211 109 215 -156 -127 13 205 0 73 177 -177 -119 -15 143 152 -157 -40 -124 107 -185 -42 -104 82 181 202 225 112 -167 -200 -118 5 -144 -68 -174 129 -56 44 -219 184 -109 -55 209 95 -75 -217 -237 128 -105 -53 -92 211 -222 127 -98 101 -72 193 -54 -212 15 167 94 227 92 -246 -6 155 140 -129 4 -115 72 198 -116 -242 -133 -181 -46 199 172 -247 -243 -93 -199 142 -145 -29 35 102 -241 -82 174 -27 20 -83 -80 223 78 -77 -245 97 -122 66 -238 -117 21 -206 -232 -240 -41 -210 105 
TEST 91 ARG:7 53 64 176 212 202 -155 -83 135 178 -226 -144 95 219 -76 -237 153 -113 -180 70 -140 180 -132 -135 -232 -118 164 -7 211 27 -3 173 4 22 147 -166 205 -27 166 82 -224 98 17 -4 -244 161 94 -215 118 236 57 -248 -214 162 26 117 45 -143 152 177 -30 51 83 -54 74 -136 175 35 -24 -216 -211 67 50 138 -91 -38 -69 154 160 12 -218 221 -13 16 -151 -81 196 -176 61 -57 23 -146 8 -2 186 -102 -185 -230 58 68 247 143 -10 119 84 249 185 -246 194 167 222 40 156 239 34 -183 207 -150 1 217 -233 -167 -23 122 240 115 132 -241 248 -200 49 -122 216 -5 -40 -110 116 -70 -191 105 -88 13 243 -43 -165 91 193 -142 206 -193 -153 241 -98 -123 104 25 144 134 5 -235 -107 -156 -74 140 227 174 -72 -60 198 -171 171 -133 -9 47 -68 -127 -162 -212 -164 -59 -11 -219 -48 -139 -182 33 96 99 20 71 32 229 -145 60 79 -141 -249 -62 197 159 137 -58 148 -65 38 -225 -42 11 -39 46 245 -240 -196 213 -95 3 237 65 93 -130 136 -194 125 -71 -52 -175 112 142 126 -44 -104 101 -119 -14 231 -245 218 -161 220 141 -120 179 106 100 183 114 -160 -238 62 234 19 -36 -45 225 -125 181 -192 -105 -53 -84 -163 21 -187 -201 -106 -207 -93 -234 -86 -16 103 -117 30 223 29 215 190 -222 230 188 208 -73 66 0 69 -12 -190 -17 -97 151 -210 -61 187 -114 -128 -28 214 -131 -49 76 -19 -168 224 -152 146 155 52 -126 75 -178 209 -138 -26 -79 -94 6 -89 -129 -137 -55 14 102 15 182 -174 158 163 88 157 -213 -66 130 -124 -46 -243 -51 -247 -239 78 172 -80 -229 -154 -116 111 -204 -134 -159 81 -111 -203 36 -1 129 -41 -78 43 110 37 41 226 -158 -184 -15 -173 86 120 -25 131 228 127 195 90 238 -147 87 -195 -20 -101 192 200 -85 165 -115 -96 -148 -220 123 -199 -157 -56 191 89 128 -170 -197 204 169 -236 18 -221 199 -121 31 168 184 -21 -223 -67 203 150 -33 -250 232 -189 -202 -228 -169 -47 -29 145 28 48 -77 80 133 55 -22 -112 -108 -217 -32 -18 -149 85 121 -172 -50 10 149 233 -181 -242 -109 44 -31 -82 -198 -206 -8 42 77 -6 244 -227 73 235 54 210 39 -63 -100 72 -179 56 108 242 59 189 -75 -188 24 139 2 9 -99 201 -231 -37 -186 -64 -34 -177 -209 170 246 -35 97 -92 109 107 -87 113 -205 92 -208 -90 124 -103 63 
TEST 92 ARG:-77 65 -205 -125 235 -14 -178 11 -234 -118 195 7 -242 28 134 103 107 85 37 21 -83 -168 -204 221 25 186 -241 131 119 178 70 104 9 64 -145 66 244 -128 -94 169 5 148 73 223 77 60 -243 170 -20 -159 137 162 120 129 -32 -236 82 239 -25 -95 -103 -173 -69 150 -61 -235 -161 -175 -126 -210 -115 99 -56 -62 54 -163 -102 -223 225 165 -31 -35 -177 -82 -171 -248 236 18 -224 -1 202 215 145 222 -170 81 10 -38 32 -220 48 -132 12 210 -76 -231 -160 -113 49 35 184 33 -43 -101 -79 158 -222 209 22 -33 6 -16 -144 115 234 83 135 157 -137 -249 42 246 24 132 14 -166 41 -93 -211 -30 31 -167 -187 206 56 92 -96 200 -7 75 180 153 67 185 242 59 -199 26 125 207 -188 156 -237 -233 -3 118 4 100 -206 240 -105 -227 179 36 176 -203 193 110 30 212 -54 -140 1 -219 228 -225 -183 -186 -64 -179 74 -98 -74 -11 116 109 101 -185 214 -240 201 198 -111 160 -59 -39 -174 233 102 -134 19 174 196 -191 -57 -154 -22 0 -85 80 163 -138 -152 238 -109 -21 90 72 -27 -195 98 229 197 -221 -129 147 -176 -28 -67 237 -226 44 -130 -117 -34 -153 -200 173 -50 -196 58 53 68 -23 -110 71 94 52 -53 155 -197 -189 -120 -192 -141 -66 -218 -15 243 34 211 231 91 79 227 -212 -150 3 168 151 -229 -202 -180 218 177 172 -198 50 -37 17 146 -41 -81 -12 -51 111 -91 -162 -8 -87 122 -36 -250 -2 248 108 63 -63 -52 -147 154 -108 139 23 -131 51 -107 220 -13 203 -119 144 -164 182 -230 -146 208 -9 -190 -58 205 16 -90 241 -213 106 -104 -10 -89 -5 -24 -55 86 62 -70 -246 -228 136 89 -142 -4 -49 88 -156 -172 -65 128 245 -182 -29 -149 117 46 -46 -47 126 -78 -232 -215 -97 -68 141 190 -157 -184 149 127 130 -44 -136 2 -181 232 78 -92 -26 27 213 -143 191 57 -209 -135 -201 124 45 188 -155 226 121 -124 -239 43 -244 84 55 -158 114 133 183 -75 -207 230 152 -123 166 40 140 -73 -217 -247 95 -40 -86 20 105 249 -139 97 216 113 93 -19 143 -114 -72 192 69 8 219 217 138 -151 187 -42 -80 -17 -216 -169 39 181 -194 -60 61 76 13 -133 38 -238 -88 247 -106 15 142 -100 -116 199 189 -245 161 -148 -165 112 -71 -99 -112 -127 47 -214 175 194 -48 167 -208 171 159 87 96 -84 123 204 -6 -122 -45 -193 224 164 -18 29 -121 
TEST 93 ARG:-97 28 25 -231 227 -152 53 -49 48 125 -91 -120 224 195 -170 -61 -190 -66 -40 -188 -24 -141 196 -54 119 -210 116 145 3 -139 -219 57 212 -173 -88 34 87 5 -153 -245 -43 139 154 -89 229 -27 194 -126 156 59 -203 -125 216 135 -247 -22 126 218 -93 -168 -248 -53 -20 -56 -57 -241 223 -2 -105 -69 168 131 38 -48 -204 163 56 109 207 127 -160 95 -76 -167 153 236 46 -186 62 -130 -33 247 161 -178 130 -185 187 15 -238 191 142 -250 -151 -95 22 -199 74 -208 65 138 129 177 -197 -119 29 -19 -218 -5 -161 249 -72 209 214 234 -36 -62 140 -64 6 0 -150 69 240 -221 204 -121 -187 78 19 245 -67 158 1 -106 219 162 66 183 186 -109 32 26 239 120 42 93 176 230 -182 192 -78 7 -28 92 -83 -179 185 -118 39 -51 -55 108 71 118 91 -171 -145 -164 215 115 137 83 189 -162 -142 136 -13 77 -230 -18 101 75 -75 111 24 244 -217 166 -184 -52 41 81 123 4 60 -192 -154 -82 20 198 -133 -193 -233 133 -90 -8 -147 221 -249 86 -207 88 -80 10 -159 -12 104 64 107 -77 -29 -143 147 -191 -176 -14 2 -206 -211 16 -235 157 31 84 148 190 61 -102 146 208 -216 35 72 242 30 167 164 -205 114 172 112 76 -198 -10 -87 -111 -45 -50 -174 -85 13 211 103 152 -115 49 -34 -172 100 -11 21 -236 231 -246 -9 55 -137 -31 -146 -181 -32 11 99 -228 -94 117 -234 54 122 -212 -132 -123 217 141 237 202 -232 -47 -180 -129 -243 197 188 -239 -15 -201 -92 68 -209 90 33 243 -166 9 238 -30 -101 -44 170 -175 -195 -117 143 179 -100 -112 -99 -86 -124 -156 150 -60 -116 -110 -3 44 -41 -63 222 -138 199 36 151 210 -163 232 -16 155 79 -113 226 73 -148 94 160 -140 -59 175 -240 -17 -194 -21 206 233 -244 159 82 -71 -144 18 246 203 121 241 102 -136 -46 173 -196 134 -225 37 -169 -183 -177 8 47 -35 -73 -26 -213 98 -223 -114 -122 -25 -158 178 -157 -108 67 -4 201 80 14 -202 52 -215 -68 180 144 -242 -42 -1 184 124 -58 -23 40 -227 -127 -38 96 169 193 228 89 -84 -200 149 -65 -98 23 -155 -104 -149 235 -229 -222 105 -220 -74 27 110 -131 17 58 248 128 63 113 -96 -7 -81 50 200 165 -6 -70 -134 43 -237 -224 -37 70 85 -79 -226 -214 225 213 220 -39 45 -128 181 -103 182 -165 -189 174 -107 171 106 132 97 51 -135 205 12 
TEST 94 ARG:-35 102 84 197 -41 -82 26 89 -1 -177 105 236 202 -63 36 179 4 -73 212 -178 -48 -118 169 243 2 -141 -111 156 -83 -218 -17 -149 -172 -84 163 68 -181 -117 -96 116 -115 -37 73 166 242 -239 -49 -200 -216 -8 -166 158 58 66 19 239 206 180 247 -104 177 -198 -68 112 24 -145 -56 209 157 -67 193 139 149 -131 -247 -30 -135 226 111 23 -206 -9 -112 29 220 162 118 17 74 -249 -164 50 -59 -90 123 -87 -25 153 114 -194 -110 45 -28 46 -14 -220 194 224 142 56 -146 -208 161 237 83 -86 216 -205 107 87 -107 110 -97 -183 -93 -34 38 -226 126 77 -92 42 120 -132 -38 14 27 -147 -29 127 159 -241 101 -176 -31 -121 191 140 232 -193 -204 -53 230 7 -106 -233 -128 129 -60 -186 130 228 21 227 -158 -116 160 -215 -51 144 -187 -122 170 244 151 51 -133 -169 -162 71 219 148 -138 -43 -45 -165 -173 186 -129 -211 -196 -222 201 -12 -201 -236 -40 214 -15 -175 145 124 75 147 106 141 -130 -21 -155 215 -5 12 -52 -150 35 -71 -42 -224 -76 96 49 99 -184 -16 -10 -238 54 -70 235 168 138 80 -61 -32 -74 -27 -33 -217 98 34 22 82 -44 -188 53 -246 229 132 143 181 48 95 76 -212 20 8 92 70 240 52 -237 -102 -223 -54 -113 62 18 121 246 -39 -23 -2 90 -125 -24 -91 -207 65 135 10 -22 -219 -78 3 15 233 -154 128 195 -214 154 188 9 196 136 88 -103 133 178 203 245 -209 -174 167 60 -202 -152 43 -55 211 113 164 -75 -228 208 -139 -126 -232 -3 11 91 -50 -163 -36 -108 -72 -221 207 -137 -124 -229 -180 146 -242 175 -142 81 -167 -18 104 -127 -85 -140 173 199 -250 -66 109 -148 184 205 131 16 -234 204 -245 -240 -153 249 40 -248 -168 -120 -210 1 -7 -95 -159 -46 0 -101 174 -156 -151 155 28 -136 -100 -62 -99 31 115 189 103 -20 241 25 -94 33 -225 192 -190 217 -170 -13 100 -109 150 -231 -6 5 79 218 222 57 -143 119 -119 44 -213 -77 -98 176 238 61 -144 -79 -227 67 32 234 47 63 231 108 152 -244 78 137 134 -195 97 198 248 -4 85 -230 55 -192 -243 -185 -81 69 223 221 -64 6 210 -160 171 -58 182 187 -161 -19 41 -171 -203 122 165 -57 -105 -134 225 72 190 172 -182 -88 -65 -157 -69 -11 -114 213 -189 200 -26 -179 -123 -235 30 13 37 125 185 59 93 183 -197 -89 86 64 -47 -80 94 117 -199 39 -191 
TEST 95 ARG:45 32 -51 -232 169 -66 -153 -68 -200 154 -20 -198 69 -214 135 152 -121 88 -186 -14 113 -42 -187 85 81 -85 34 -237 246 -191 199 223 -57 -9 179 -173 -131 165 39 -67 -99 230 -241 128 -217 -235 -172 175 8 105 -150 -230 -35 164 56 -60 -18 58 247 205 29 203 -205 -50 130 212 -139 7 146 61 90 114 -100 112 -87 140 196 192 240 108 -71 159 176 99 131 82 92 184 -242 41 -125 -223 236 -156 174 -134 -12 5 -133 86 98 -239 -128 188 -110 -176 -113 134 89 21 -151 36 142 232 -161 0 -94 -109 -229 -130 -33 -8 -243 189 -144 15 -83 22 -211 -148 124 -124 -180 50 123 117 -193 -1 64 -171 -98 -188 -146 -82 107 -152 -116 -247 -56 -142 -91 -15 111 42 127 190 96 13 -170 148 -227 -210 40 243 -29 -137 -4 -216 242 -96 -233 248 44 -32 125 -138 -10 145 -127 -114 53 47 -141 -234 -111 -236 -185 25 214 -122 -101 194 -228 -204 48 24 -6 35 151 138 73 -248 -17 -28 156 -108 157 -213 16 119 -5 -84 -36 -105 -162 206 4 -177 180 -225 -168 -58 -70 104 211 -224 144 -196 220 122 -209 181 143 -75 182 147 -22 -197 -199 -120 -11 213 118 -218 -238 -95 137 -46 59 46 84 141 -117 207 -88 -220 239 -190 -73 -189 -74 -183 55 -136 37 219 75 -7 76 160 -184 -206 -195 -163 -231 1 -112 224 -63 110 -79 -97 -19 68 -86 -102 -129 -221 -178 106 -62 -69 -41 155 -179 150 221 116 -52 172 198 -16 6 51 -61 31 -39 -49 121 133 -78 -2 -250 -165 216 202 87 -53 171 -157 52 -55 -159 -226 79 95 -24 228 -245 66 -132 187 2 -23 -30 238 -143 -215 185 201 233 -92 -34 -201 54 94 102 -154 38 23 -182 225 3 93 -72 -90 -64 226 244 14 -240 10 9 -181 28 19 183 -203 -48 12 -164 83 -77 -175 215 67 177 249 30 -27 -106 222 186 168 178 -119 78 -160 -219 17 -167 166 -222 237 195 -43 231 167 -25 -93 -80 245 -169 170 65 173 -31 18 -26 -89 -126 153 43 -13 204 -38 126 57 91 -21 161 49 -212 241 11 218 33 -155 74 62 149 109 -192 -76 77 -194 209 60 -118 -244 -65 -166 -103 101 72 -54 -115 -208 115 100 -81 200 97 132 -59 129 -149 234 -246 193 80 235 162 27 -158 -174 -37 -45 -3 63 -107 -202 26 217 136 -104 -135 -140 -40 103 -44 229 227 210 -207 -47 158 208 139 20 -147 70 120 191 197 163 -123 -249 -145 71 
TEST 96 ARG:-169 -56 -200 45 181 190 87 -50 -203 48 42 213 -34 123 183 -244 121 -21 197 -224 -188 -27 -146 139 102 -122 -167 -250 -77 127 -68 -157 232 94 -248 -194 236 118 -33 -66 71 -88 17 -144 -145 171 -115 204 35 226 -1 -221 -160 235 -216 217 -162 229 -148 248 -81 141 -54 -26 -207 186 -175 -214 -236 -230 -73 180 198 -84 188 -9 -130 216 210 -226 8 227 -95 -119 -47 99 -174 51 -51 -108 76 -74 -243 5 -17 196 170 -187 -91 59 156 -37 -135 22 7 110 20 55 100 115 53 -177 -70 -31 -125 230 -63 173 135 -93 3 67 -155 -97 -92 89 151 54 142 91 237 161 119 -49 122 120 -48 159 -71 -52 209 218 60 192 52 241 -124 66 -136 105 38 -2 -109 -156 40 -223 68 182 -161 -100 -46 -14 -231 -103 199 117 -183 175 -96 225 -89 -237 88 -229 -196 -23 -151 98 -234 -138 246 -180 -159 44 -36 -24 79 -8 -85 -10 78 134 163 211 215 -41 -79 -18 132 -213 157 -111 33 -61 219 90 -38 -123 -118 177 -59 166 -98 176 -153 47 24 -39 112 128 25 -4 124 -247 -178 -185 150 -131 -99 -163 -105 -117 -72 27 -126 242 -107 -165 -94 -28 -171 65 43 -58 169 -147 13 97 0 21 -112 -20 96 -53 228 14 201 133 95 -40 -133 77 104 -75 -189 205 58 41 200 -208 247 195 62 -195 -206 12 208 245 -120 244 239 136 167 -164 46 26 -170 -29 -210 50 -42 -101 191 131 75 -78 125 -83 -152 28 152 155 2 -220 165 -242 143 113 -55 32 34 92 101 -65 -179 178 -7 -128 130 70 9 -142 243 145 29 -204 6 82 -191 37 249 -121 -198 16 31 -222 -67 -143 72 114 -127 -190 -212 19 -168 -246 -197 -3 85 185 212 -110 179 233 -16 15 -140 -182 -43 -199 116 23 184 203 -19 10 -45 39 80 106 -13 -205 -173 222 -141 164 -114 187 -32 -239 -102 -215 18 -176 -193 193 129 202 -201 -80 172 148 -82 108 -184 -15 -137 224 207 109 30 103 -211 -76 153 -129 84 174 -166 -192 -209 -62 -225 206 -218 189 168 -35 -113 -238 -86 86 1 -149 -106 -30 220 158 -202 194 69 -232 -233 138 -227 147 146 -172 221 -181 -22 -104 -186 -57 -154 57 -64 160 -44 223 -241 -132 4 -245 107 -6 -5 -158 111 154 11 -25 162 -12 -219 144 -69 -150 -134 83 231 36 -217 240 238 137 64 -139 63 -87 81 -116 -235 234 -60 74 214 140 93 -240 61 73 -249 49 -90 56 149 126 -228 -11 
TEST 97 ARG:226 148 141 -97 56 -116 -239 -76 149 -140 126 -27 -16 -37 -86 -65 -173 -36 -217 36 -70 -115 221 -139 -165 171 -105 204 -32 81 248 -103 193 91 172 212 -134 -63 50 191 -194 132 200 -42 -3 -136 -182 -12 179 -161 70 88 -91 -164 55 125 131 -106 118 -221 20 214 -222 -167 -155 24 -176 -104 79 -166 77 -77 17 59 240 5 -123 -231 -137 -28 162 -133 245 -124 -227 177 -41 -128 201 -39 -144 67 234 -107 90 -169 -44 43 -93 -31 -51 139 -180 -187 -172 -94 -96 -210 -150 6 169 -145 -147 -188 -4 209 230 97 -46 44 166 -24 94 -112 -19 127 10 -160 236 152 207 75 109 178 -7 -113 30 -225 -81 -183 -33 -89 -75 -52 103 238 -157 -142 -62 -2 135 -80 58 -17 -191 -56 18 242 53 180 1 92 233 -201 -242 235 33 -118 73 -87 211 129 82 206 -78 16 31 -5 158 -228 -60 -200 218 167 190 -204 140 -159 -224 -58 -213 187 123 130 147 25 228 159 -175 -95 -149 -88 98 87 -84 -90 192 -71 -163 -190 100 -248 -238 244 26 -219 121 -196 -119 0 47 74 48 175 -151 78 116 72 208 168 21 113 35 145 -111 86 106 39 -26 -246 -59 104 7 -72 -83 40 11 61 -223 -100 -237 182 153 -109 -85 215 146 110 -249 105 -162 237 29 -61 -226 -240 45 80 133 69 -6 -10 -241 -245 247 -179 137 101 183 -146 117 -243 66 -108 216 151 232 -212 205 122 -23 -168 -218 -244 -82 84 213 -74 -211 202 -64 64 -92 -66 -110 -220 224 161 19 -127 189 4 -20 76 108 128 227 -9 -153 -195 114 65 -209 -208 -131 120 -233 -250 -99 219 -198 41 197 42 -232 136 71 102 34 184 -48 174 223 23 119 157 -54 165 93 -171 -170 160 -236 220 231 -192 107 155 -158 185 -135 -202 51 -101 -148 27 203 -8 8 181 12 -98 -125 -130 -73 196 -132 -55 -102 -11 -178 14 -186 -121 112 -230 -214 28 -15 -141 194 -126 222 -117 -43 199 -184 -156 163 -53 95 154 -216 49 -143 -197 -247 -40 -138 -129 15 -38 115 -120 246 -79 13 -206 241 -205 173 57 -29 85 249 217 225 3 -203 -69 143 -1 -57 -177 229 68 -30 96 63 170 156 -199 89 -114 -25 134 9 83 176 -21 -34 -181 -18 22 186 -235 -47 -68 62 111 -14 -234 46 52 -22 138 -122 210 99 -67 -193 -174 37 54 -49 60 198 164 -185 -35 -13 2 38 150 144 32 -45 -207 188 -189 239 -50 195 243 -229 124 -152 -215 142 -154 
TEST 98 ARG:69 -193 145 -38 -111 149 71 -6 -44 170 240 248 -234 -58 -247 -39 137 102 12 64 -127 231 -171 96 -52 8 -229 -87 -49 26 249 -176 201 115 62 246 -151 -201 223 -106 -46 217 -156 -114 178 182 -228 -20 -182 55 143 -226 225 57 -231 -8 -12 -5 17 -104 183 83 155 -10 -92 45 -102 -227 -40 -85 -71 -142 -86 74 -66 -147 -233 141 205 65 -202 -100 -47 97 -115 233 72 -98 -129 -198 -124 -45 93 124 -168 198 -24 -94 -175 -126 111 172 -72 -241 53 -195 -189 -196 54 -64 -204 188 61 3 209 138 1 -166 -107 -154 40 200 195 -243 174 -51 52 -123 -83 -208 227 158 24 -160 -223 -144 82 -137 -172 -50 193 -246 -163 176 -219 18 190 -239 215 -143 -245 156 59 163 -141 139 232 -32 -30 -181 67 -222 -214 120 -132 41 -248 -122 47 -55 -119 -157 43 109 4 214 -187 243 32 192 19 -211 212 -69 -199 162 -109 -232 222 236 -148 -76 -36 77 25 -63 15 -217 -174 -164 -91 -68 171 78 -185 -191 -31 -7 -34 -56 56 245 -200 175 142 131 185 -120 160 196 -89 129 -194 -135 -108 126 -216 -19 -70 154 -244 37 79 -117 -203 -67 60 68 -90 125 -60 128 91 211 210 -134 -162 -14 207 159 -150 -78 75 -99 -82 -146 7 73 187 -218 -79 -59 -153 -57 -74 226 -138 85 127 -43 -249 -9 239 84 -236 -35 11 49 -230 -177 110 224 -130 -184 99 -235 135 13 108 -3 -220 80 28 -183 -118 -15 -133 118 -215 114 -25 -145 50 -73 -81 -152 9 166 -179 -28 31 63 27 33 130 -101 -238 -192 -186 -42 44 168 119 -95 -158 100 76 -93 -250 157 123 36 199 -190 89 112 -13 237 133 116 39 -48 -240 177 -149 219 -80 151 -180 6 103 -61 66 229 -159 21 -221 179 169 -4 0 81 191 220 90 98 92 -29 208 165 22 20 -125 144 -84 -165 206 -105 -41 107 -212 104 235 134 -116 29 -16 -97 136 -209 244 167 -26 -75 247 -96 105 164 230 218 -205 148 -136 -77 242 88 -139 -23 194 238 121 5 -237 -21 -11 228 -110 -213 213 147 204 34 95 -1 122 94 150 -65 -170 -155 202 -131 234 14 180 51 -207 -197 -167 153 140 -224 -225 86 38 -53 10 241 -33 46 30 -173 48 -18 23 117 42 70 -88 2 16 106 197 -27 -140 181 -22 58 173 132 -54 -161 87 -113 -112 189 -188 161 186 -103 146 -178 35 101 216 -242 -2 113 -210 -17 203 -206 -37 152 184 -169 -121 221 -128 -62 
TEST 99 ARG:-196 -231 -195 -103 -174 146 78 130 -184 -140 88 -106 31 -170 165 7 -176 107 -149 14 212 233 -146 228 115 248 -68 149 -99 81 127 -237 -51 -230 162 -17 204 -40 -134 154 112 104 -190 26 -31 168 -20 -63 8 -156 -49 -1 -193 95 -32 9 159 221 167 -105 179 -14 60 169 -15 -127 17 67 -16 137 246 -224 211 -163 -142 -58 -211 -242 -18 28 -74 171 79 42 122 161 176 -155 -234 183 83 41 -66 57 163 201 84 -65 214 -243 -147 68 103 -44 247 196 -73 12 35 -225 207 44 -35 216 62 178 -201 -203 -78 100 -97 -126 110 -81 225 -161 -148 -188 134 25 -77 -28 -228 -226 -90 -123 61 128 46 205 187 -241 245 -11 -131 116 -215 136 59 174 188 213 -202 -53 30 -139 -55 -220 132 -162 -238 -116 -233 153 -157 186 223 148 71 226 192 -100 -107 45 105 -133 -212 -29 235 -205 -36 39 -143 96 -69 -199 13 195 -235 -67 -45 151 155 117 -64 -247 138 -167 -7 -197 -151 189 -9 209 -54 -210 238 101 -154 4 93 150 70 80 -124 -164 -204 34 185 66 -60 222 -136 16 -182 82 227 -216 -165 114 190 24 -223 -75 89 144 21 -113 -179 -166 54 15 118 219 109 -250 77 113 63 -86 -171 53 -56 3 -160 18 -189 33 91 -91 -200 220 -89 139 -208 170 92 -191 142 99 145 -83 -85 -41 234 199 43 -22 131 -82 198 -101 173 217 208 20 -206 64 -118 -70 -94 -248 242 172 85 37 152 72 147 -10 55 -114 129 133 -173 -39 244 50 76 202 -96 160 -71 -249 194 -48 -125 -198 2 181 124 -186 -239 -153 -80 177 -227 203 -30 97 -12 -122 239 -43 135 74 -214 141 -232 -26 38 108 -2 111 36 -25 -130 -194 -47 -213 -3 -61 90 -137 -178 -8 156 -236 -221 -5 193 164 -229 241 166 157 32 -13 10 -50 -117 29 140 200 75 206 51 -59 119 5 -57 -33 243 -46 197 -4 -93 -21 175 -132 -72 6 11 -245 19 -84 102 -187 106 -37 -108 -177 -128 232 -175 -87 215 -19 86 191 236 231 -129 249 0 1 -27 -52 237 -141 -88 69 -150 -102 229 -119 -24 126 -181 -135 27 123 -92 -95 -159 -240 73 -38 -218 -219 22 143 -109 -111 -185 40 -180 158 210 -168 -34 -23 -42 -246 120 -144 -138 -209 121 -222 -110 56 48 -120 -62 180 23 224 -172 -104 218 -169 -145 98 -207 -183 49 -115 125 94 52 -112 -79 184 -152 -217 -76 230 65 -121 182 -192 -158 -98 47 87 -6 -244 240 58 
TEST 100 ARG:230 77 -96 -106 3 83 -216 -72 -219 126 -92 222 -180 181 -16 215 -27 236 -42 -191 -133 -175 -60 189 -151 212 -32 -117 -35 -114 99 -160 123 43 65 143 -98 -202 -196 114 -247 18 -186 149 70 64 -1 157 -155 239 -173 92 -23 195 110 61 102 233 -237 -152 84 -74 -11 229 -108 200 -224 -158 249 -75 118 21 -20 -70 145 109 155 37 -111 -65 160 57 -235 -68 -4 -125 165 243 5 53 182 29 -128 33 234 -24 -80 -130 184 -77 32 -97 -222 246 -91 104 -209 -221 -115 25 28 -126 75 41 -89 80 -183 125 51 156 -88 -136 139 93 -132 193 -226 -101 137 86 201 -181 -28 -185 34 204 -195 174 -122 -25 -201 26 -83 153 -78 133 -230 67 12 -90 -46 108 164 -156 142 72 -245 -95 130 -210 -177 -112 105 -49 140 -40 -213 79 210 152 -241 -26 -5 175 129 -123 -225 4 186 -39 -211 -124 -207 199 -62 188 -131 55 -179 -14 209 -150 -197 81 -243 -161 -36 -84 88 205 -215 40 -162 206 103 -43 163 78 20 242 173 -246 11 -8 -239 63 50 -13 -45 -102 235 224 244 217 -63 148 203 -33 161 167 62 -164 -47 8 -120 158 -30 -231 -38 -81 -148 183 -121 22 -189 -143 16 176 122 166 -15 -192 -166 -61 120 228 -193 112 68 -234 -169 -37 -194 138 141 87 240 -248 214 -127 -228 60 -170 -167 -188 151 -198 -232 -22 131 101 0 71 -18 76 -71 -53 9 -218 -79 225 91 -157 -134 116 58 -85 -138 -178 168 202 187 52 -137 -64 -9 -104 23 -56 -113 56 127 -217 27 1 226 -174 -172 117 19 6 -12 47 227 198 -67 -118 -129 -119 -105 128 147 -205 -154 -171 115 30 180 216 -199 42 46 -103 154 -187 177 213 -147 248 119 15 85 245 2 48 219 -19 -168 231 -203 -66 -249 106 -2 13 -149 -163 -145 90 159 -76 44 -153 -107 -41 170 -69 -54 238 -233 -190 74 -229 232 220 150 -86 -110 -212 39 -59 113 38 96 223 -57 192 -100 134 171 -227 -146 -159 241 -52 -50 73 135 121 -6 -214 -250 82 208 -3 -87 -99 178 144 -7 196 -206 111 100 132 211 -142 190 54 -135 -220 69 10 -93 14 207 -34 162 107 -236 179 -140 -144 -94 -223 -48 -73 -182 124 -242 197 -240 -82 7 17 -29 -44 218 -204 194 49 -244 98 -141 31 237 185 97 -55 94 24 59 -200 -51 -208 -165 -58 146 -17 247 45 169 35 172 -116 -139 191 -21 -176 -109 89 221 -10 -31 136 66 -184 95 36 -238 
TEST 101 ARG:-48 128 185 -163 130 -198 57 -174 82 -4 67 -51 203 83 41 -87 -43 152 -130 -209 148 104 170 -123 -217 103 224 118 -8 230 -216 98 229 -213 -181 -159 90 -68 231 -214 -160 -76 -44 2 234 157 110 -84 222 63 -135 133 125 96 -81 186 205 -129 -37 213 47 -103 -203 -239 48 -112 49 -50 71 -97 -219 -231 37 113 -72 245 -99 150 114 121 -227 145 -147 -96 115 105 102 -65 8 177 61 237 94 12 -47 -58 -6 42 51 200 53 132 126 -125 60 11 81 -162 184 -54 151 -235 -149 108 143 197 144 -185 -186 -207 -115 -183 241 209 -46 -62 -179 24 36 92 -195 235 -133 -232 193 129 -52 73 191 -158 -157 -89 212 -23 -205 217 -113 -10 -128 112 40 192 -124 198 38 -238 -3 -29 -246 -86 1 -197 168 -234 -196 -1 74 -154 124 -16 -15 107 -71 165 206 87 -122 -148 -177 -201 -121 65 135 -78 244 99 19 -222 239 -26 -30 31 176 -237 161 -61 142 -109 -142 -236 0 -190 208 91 243 62 131 -224 -106 147 -173 166 216 -193 -13 -17 211 189 -169 28 5 219 122 -225 -32 162 17 -202 -218 -187 221 -134 120 -126 29 59 226 -2 -85 -204 39 201 -155 -45 218 27 149 164 -111 93 18 21 236 225 79 172 138 116 175 228 -208 -67 -136 32 -66 204 -229 13 7 -5 30 -77 -161 -63 22 4 140 33 -247 -248 101 89 117 -240 207 -165 -244 223 -164 249 -166 55 -94 188 -34 -180 146 -182 78 -145 160 -170 -249 -90 25 196 10 171 75 -105 220 -80 -7 248 180 -120 119 106 127 -101 -38 -31 163 -192 -250 -228 181 -191 -151 139 -95 -146 -212 -171 -131 -221 -139 -137 232 58 -21 227 -189 210 66 -127 -70 199 86 56 -206 156 179 233 -210 -245 -82 -168 -153 -19 -79 -36 -56 16 69 -116 -57 -41 -25 246 -110 -108 76 -40 -117 247 159 167 -233 43 -200 178 -138 -114 -20 -243 -194 -143 -241 -42 34 -144 -140 -242 -175 -22 154 14 -98 35 -107 80 111 54 134 -28 -156 -88 85 -132 68 -178 72 -167 -118 183 -35 195 153 15 -102 -92 -33 23 -188 190 238 137 155 141 -93 194 9 -69 -100 -75 -12 169 214 84 -141 50 -211 100 -176 -220 202 -226 -91 215 44 242 -104 -152 88 -119 -27 -11 -55 45 -199 -215 109 -172 97 -64 158 -14 -49 -223 -53 26 95 -18 3 -9 20 -73 52 -74 -150 -83 187 182 -24 174 123 -184 46 -39 77 -59 6 240 173 -60 64 70 136 -230 
TEST 102 ARG:85 -219 -67 148 4 -96 -100 -161 -189 167 36 -191 75 -34 -238 37 94 -181 -74 115 6 7 48 -194 -247 46 -50 -105 -225 -58 -138 -176 81 -91 -59 -155 83 63 -136 -218 244 60 186 3 -60 -156 -33 107 -14 92 22 -182 78 -116 9 -28 -153 -164 53 150 112 -135 -27 49 -137 -175 -248 80 -23 -37 151 -25 -190 1 -20 89 116 34 -3 -234 -110 19 73 -63 -237 57 -53 -88 130 -97 -114 141 -89 -235 -127 -107 133 211 198 206 -52 114 144 -57 93 156 -242 35 165 -98 -92 -9 242 101 142 86 -228 -26 -244 113 181 43 191 -115 213 172 -193 -18 -131 28 171 -177 117 67 -139 111 -201 -43 -212 98 -78 -195 -68 -69 -198 -172 217 -150 102 -41 -158 227 -1 152 50 -82 -220 29 -102 -217 155 200 40 -171 212 82 -207 -204 47 -236 168 -132 237 -108 129 -162 41 -62 -187 163 249 239 -208 -104 -205 87 231 147 202 -111 204 136 124 -103 54 -169 121 -76 143 175 174 -174 97 158 -49 -180 164 -186 21 -38 230 -206 137 -44 15 17 38 -233 196 -4 -199 -245 247 -192 189 42 -70 -56 -216 -90 185 -30 214 -165 -246 -17 -39 173 77 -173 31 228 95 -119 193 -81 -166 -112 66 -79 -83 208 55 79 -65 157 -71 -133 18 105 -54 135 -148 -214 70 215 140 184 119 -211 226 24 -130 -188 -227 170 -226 -55 224 -231 -196 99 62 218 -183 -240 -243 146 109 118 240 -224 -215 162 110 -129 -163 -7 207 120 -16 25 -6 192 -160 -250 -51 -85 -45 -113 -106 -209 88 -145 11 -185 5 76 -232 -99 -2 127 222 190 44 45 225 -168 -15 -239 122 -24 223 -13 -86 -93 64 -22 33 -203 -210 -84 235 154 -154 -64 -142 20 -94 216 195 -118 -5 104 -46 179 8 169 -72 -121 -75 188 166 10 220 -117 -229 -66 -151 -141 123 203 -122 199 246 96 14 69 -31 -143 -125 65 -241 -249 -109 51 -48 16 221 -120 12 229 30 -184 -222 -40 -159 125 26 -11 71 153 -146 145 52 -123 176 23 39 2 -197 -213 209 72 243 219 106 182 -8 100 -80 68 149 183 -167 197 -10 -32 58 132 -35 -21 84 -47 59 61 210 161 -223 -140 -12 -36 245 -101 -124 0 108 194 -202 -170 32 160 -147 -179 177 -42 -157 -29 -134 201 248 178 27 90 -128 103 -73 234 -200 -152 -144 134 -178 205 180 91 128 236 138 74 131 233 -95 159 187 -87 -77 126 241 -230 -221 232 56 -149 -61 13 238 139 -19 -126 
TEST 103 ARG:181 188 -244 -195 -137 -53 -100 210 -235 -77 47 -236 173 239 5 146 95 153 -39 -238 51 -171 25 209 -23 -206 -1 164 -157 71 -220 170 -48 183 -111 -145 21 -155 105 48 111 50 29 -246 184 144 180 -132 30 96 165 189 -67 -70 -174 -156 147 145 64 37 -46 -27 97 222 -159 208 32 -179 -42 221 112 -188 -196 12 174 -12 130 -178 7 -43 -9 -59 56 -148 -60 -160 228 -7 -249 -232 -50 -133 16 118 -197 28 -65 -57 -129 74 80 -191 -108 236 -199 14 -6 -237 233 -183 169 126 171 -227 186 249 -229 -154 157 -130 224 -28 -230 -219 31 -22 -119 -92 -2 75 13 19 -35 154 187 35 -177 -105 77 -147 -226 -169 45 203 -66 182 -30 89 117 -201 124 -123 206 106 107 125 -216 133 -20 -3 -103 -180 116 -63 -71 -122 82 -83 66 10 217 242 247 -218 -224 163 -84 -96 83 4 -172 143 -194 -80 -113 138 3 193 -33 244 207 -162 -38 223 -98 158 22 197 94 20 76 91 -13 122 185 98 -5 152 211 -198 -131 -231 69 161 -144 -86 -215 166 68 109 -190 -142 -243 156 67 -139 -168 -239 -47 241 -240 -208 -187 175 -106 -212 -141 9 -189 0 131 -40 -68 -120 -126 -102 -138 -74 -114 -202 -89 -203 -234 139 214 196 -205 -18 141 135 -193 -182 -248 232 -54 103 194 24 215 101 -29 -73 -58 61 -210 -45 220 93 -175 245 -158 200 137 191 60 23 46 -135 219 237 -25 -104 160 121 -64 -51 -221 15 -93 229 -136 149 -17 -167 159 34 102 -81 151 -124 62 -152 99 -228 -90 -91 -41 246 -97 -109 -75 235 73 -115 178 44 -161 -8 202 -214 -186 -204 162 176 179 27 88 -163 90 -170 -56 204 201 6 -184 -37 -247 70 114 -26 -241 -166 -125 -62 -151 -10 -44 59 1 -36 65 78 41 195 -164 -134 225 -99 81 -78 57 199 -21 43 212 132 136 -213 -52 -245 205 226 33 -223 -110 -82 113 -140 167 -16 38 142 54 -149 227 100 -117 2 52 -34 -95 -14 177 108 -173 -211 85 198 36 248 238 -72 26 -79 58 -128 -32 -192 127 150 134 63 -31 240 -85 -101 86 -49 -165 -121 172 110 128 79 55 -118 -207 155 17 -76 -176 -185 -61 -242 -250 -55 216 218 148 40 -112 123 115 -94 87 -107 120 -181 104 49 213 -127 -233 -209 -87 -19 -150 -69 -24 8 11 84 119 39 243 -222 192 234 53 92 -116 -4 230 129 -200 72 231 42 168 -217 18 -143 -88 -11 -225 -153 190 140 -146 -15 
TEST 104 ARG:125 -201 231 -216 230 134 -163 218 236 -227 -125 42 209 88 150 -132 52 27 -49 -207 -182 -237 46 138 77 -147 -249 -179 142 168 54 160 189 -14 -108 164 122 199 72 -60 -116 -113 62 -31 216 22 246 -245 -225 -181 -20 248 110 24 -84 23 -197 32 115 -153 145 -59 -123 53 -131 47 38 -50 -143 136 -145 85 -67 36 83 -121 -167 224 -219 -65 118 -42 232 25 -77 -90 -144 201 97 131 19 219 -51 -234 -156 103 222 208 -164 93 -187 221 119 7 68 -150 57 -149 238 -223 16 124 -180 -232 170 132 -8 -114 -2 173 141 -122 -99 -222 148 55 -146 223 98 152 -53 -189 181 101 -64 109 58 -74 -19 -85 -192 -32 162 94 117 106 -199 -217 -9 -188 172 200 -38 -184 -11 -208 -56 158 188 -52 -72 -185 -58 166 -203 215 -75 91 -62 156 169 -135 -209 176 -54 9 213 10 -97 73 -137 -105 -228 228 -119 39 -10 -212 159 -12 51 -142 157 -229 -211 171 41 -231 3 197 33 154 31 -120 45 82 -155 70 -43 -152 -139 -3 -118 -18 -159 -129 -133 108 -247 143 -115 -93 -130 -233 -112 8 233 100 -21 -28 135 26 116 -61 149 204 111 139 -224 -238 225 -141 191 28 -87 84 226 21 -41 -170 59 65 161 -240 -33 129 90 99 195 -158 61 241 196 -100 203 -89 -186 63 245 -172 -243 210 123 -175 -98 48 56 35 -161 151 -37 229 128 -104 -204 175 180 67 -117 71 107 -107 155 242 192 -101 235 1 -26 -7 187 -71 -96 18 -148 244 92 -177 -183 239 66 -76 -47 -81 -178 14 -248 206 -23 11 -136 114 -154 40 -83 120 243 95 102 2 -16 43 -140 -173 -214 6 104 -24 -17 -30 -92 -63 5 -82 167 -94 -191 140 190 227 -213 96 -246 17 -226 137 86 -151 -200 -46 198 153 -109 -196 78 -55 -221 30 -80 -166 -218 174 37 -124 -27 -160 -69 -36 -25 -138 89 74 184 -79 178 183 -22 69 -95 -127 212 126 -57 -134 186 237 -88 -1 113 -48 127 182 -242 13 -195 -165 -236 -169 -198 -6 4 -241 -126 193 -40 234 0 -244 -194 15 -13 -162 -190 211 146 80 12 -29 -193 163 220 -4 50 -206 -202 -35 75 133 105 194 -220 214 -5 202 207 -111 -86 185 -68 -235 147 -205 240 49 -103 -39 -73 -110 79 -176 -239 -250 -174 -171 -102 -91 -215 34 64 -157 -15 130 81 60 -168 -210 20 29 -66 144 112 -106 179 165 -34 177 121 87 -70 247 -230 -45 205 44 217 -44 76 -78 249 -128 
TEST 105 ARG:-184 172 114 -149 -109 -132 -52 109 158 -88 -6 53 -90 137 11 -222 130 -152 -28 -100 -159 41 -38 185 129 17 -247 248 150 245 116 -32 209 48 -169 -139 182 -122 -185 -125 -14 -120 145 -156 55 170 211 122 184 242 -206 -143 144 91 176 -129 240 -197 -155 157 -128 -216 -148 -144 233 -106 203 115 71 90 -45 206 80 -10 -43 175 136 142 -12 127 -172 -91 24 197 161 132 202 -161 237 205 227 165 141 99 113 34 -20 33 1 -118 -7 59 -97 111 -58 235 89 -110 -190 121 -189 9 -160 -233 -94 -200 155 243 217 36 108 -167 154 -48 -146 -31 -115 134 190 -173 224 -18 -5 135 191 -137 -1 107 -95 -182 159 51 -57 -71 -112 -201 -19 160 -145 180 -77 -248 -141 143 -147 124 149 228 92 -37 -194 49 -228 31 198 169 188 128 181 102 94 -236 123 -193 119 -218 -123 195 -154 -224 -166 -113 -23 -16 -250 87 230 54 -76 -41 219 76 45 58 140 -126 -81 -108 246 -181 -86 86 -153 110 152 -136 220 29 -73 -69 103 112 194 50 -96 212 -70 223 -207 105 236 -9 -191 81 106 42 -187 -105 -232 10 60 47 93 -170 -211 -203 -186 -196 -117 -80 239 -223 -107 -220 52 40 -135 -142 -243 -183 -124 -61 88 -245 179 61 -177 -4 -87 -140 -60 -168 30 -180 -25 -235 133 2 -176 196 249 -111 163 -64 225 18 39 167 192 -44 229 -68 -231 78 -39 -234 -202 -138 5 -179 -121 -249 216 -13 -8 -162 -174 104 28 232 -240 168 -49 131 -84 215 73 199 -35 -46 25 -208 -217 32 118 -198 126 148 7 -164 -83 -241 75 -226 174 166 -205 63 -54 65 138 -85 -116 79 -133 117 67 46 19 82 -104 -239 -209 -221 57 98 21 173 -101 218 -195 156 238 74 -92 162 226 -63 100 20 -56 -130 189 -99 -163 -79 0 193 -229 -30 -244 -65 207 210 153 -188 -114 -22 -11 13 16 183 -98 85 178 164 68 151 -50 -199 -2 12 214 -119 35 -151 -55 -42 200 -212 -27 146 -150 96 -175 187 -21 -134 -238 -210 -17 66 56 -34 3 15 72 -33 -3 101 4 27 -78 -237 231 234 -102 171 -165 -227 -47 -246 -127 -157 -62 -171 221 147 -72 -178 -213 -40 -219 83 204 208 -242 -59 -74 14 43 120 38 -214 -131 95 -192 -36 -15 201 -158 70 6 -230 -29 62 44 -66 241 -24 -51 8 139 -67 -75 -204 186 -89 -103 69 77 23 97 26 125 -82 247 -53 37 -93 64 222 244 -26 22 -225 84 213 177 -215 
TEST 106 ARG:105 235 -248 -55 40 -155 133 23 -204 234 43 175 -33 -230 -142 15 -58 -172 53 116 -184 230 -215 -217 -14 -247 185 192 106 -68 131 221 -232 -89 -151 -188 21 -119 138 -143 -136 91 92 172 -180 66 -34 16 -159 242 -228 -245 -48 -203 6 67 202 -64 244 -219 -74 -21 86 12 205 -75 190 -166 -164 163 -150 243 -146 -130 209 -220 216 129 64 -94 0 113 -158 -29 208 -12 -118 114 -216 -73 -154 200 19 -108 102 -194 -84 239 32 -65 201 -133 -200 173 137 225 97 -189 -4 -3 -199 9 -39 18 10 -112 -128 231 -161 95 -223 220 8 -242 -97 167 140 -62 -171 29 61 22 -196 -115 25 -229 -81 1 -90 189 -26 191 159 164 81 -124 217 -222 -32 -221 -125 -129 72 204 -56 240 206 118 -95 -69 -120 -139 -31 5 -174 -87 -149 134 -77 -249 87 213 -237 -152 -246 -60 -10 17 77 115 215 174 -179 69 176 -24 194 73 -61 -17 -50 47 249 -197 -214 -182 -103 -22 -107 227 -82 -47 -11 -236 -79 -23 157 45 184 -78 141 -206 -190 -13 -6 178 126 -126 229 -49 -210 -224 182 -144 222 -185 -70 65 -163 36 -127 119 120 -211 -168 -67 -43 -15 14 210 7 144 -102 -225 179 161 130 121 107 -45 59 165 -243 109 135 -121 -51 -226 -140 51 -170 237 -72 232 -59 160 98 111 -175 41 214 101 -7 -209 -239 -44 110 247 -201 71 108 156 125 11 170 26 -122 -147 233 168 -165 -187 -19 -117 82 63 193 224 54 124 35 -169 90 207 -238 -191 84 -205 228 147 183 58 -207 56 -162 122 238 -113 -177 -212 -41 155 248 -138 -66 -8 -104 171 48 -132 -42 132 -2 226 -28 -110 -101 117 -231 46 212 -233 245 150 154 -96 -227 -193 -46 -30 78 -116 57 -92 76 100 37 -111 -218 -38 169 50 199 112 89 -98 153 188 180 146 94 88 123 83 166 28 70 -80 33 -76 -178 127 -53 197 55 -135 -93 -202 -100 -141 -183 80 241 62 -137 13 39 -20 -181 219 -208 136 -1 38 -134 -85 158 44 -198 -195 4 186 -91 93 -9 31 -71 151 -241 -186 -145 -40 145 -52 195 -16 148 -213 196 -5 -156 3 -63 -244 -83 60 20 142 74 203 -123 68 -37 223 246 -35 -153 139 198 218 -148 30 -234 -99 -114 96 -131 85 -105 -106 -192 211 -36 42 -57 236 -176 -250 -173 -157 -54 -235 187 75 128 152 177 34 -160 99 2 -18 -109 149 181 104 -240 -27 -167 162 27 -86 143 79 24 52 103 -88 49 -25 
TEST 107 ARG:-40 -13 214 246 -112 -1 124 -136 230 -154 181 107 36 -43 -205 178 127 -75 162 115 6 -190 -174 64 -45 -218 91 -110 -85 147 -107 12 -161 -11 86 -237 -57 241 -76 -192 47 30 -73 -5 -140 17 -178 -28 42 232 -247 -182 3 -81 -152 -238 -7 -211 -160 -179 -70 19 -61 197 -194 -15 -104 140 134 -210 -47 -105 -96 245 139 -115 145 223 -207 -51 80 -83 116 135 -2 121 187 238 -156 85 -145 26 -233 200 -222 -148 -202 195 -235 -123 143 -217 38 153 -49 82 -12 92 5 219 -193 228 236 33 104 68 53 149 69 -4 -185 73 -128 -54 78 -213 184 -119 58 -139 -242 170 -198 -171 188 196 -17 185 -166 125 -87 23 70 -9 -116 -129 54 28 -66 35 152 215 89 18 -86 25 -175 221 -169 -216 -125 -173 -79 -92 163 157 20 56 -98 -191 -209 -221 105 -158 180 -199 52 -46 61 118 -117 244 -106 -204 -32 24 -34 -14 171 -196 218 146 -59 224 242 -246 210 -195 75 50 -239 -114 129 -35 110 -48 203 -33 83 -197 -90 -250 138 126 102 59 177 -138 55 -215 40 151 173 179 209 -134 -44 39 -10 -102 16 194 -177 -95 161 -157 -130 29 -78 123 -62 -165 -29 201 227 198 -72 -124 60 43 -19 -214 -50 99 -249 155 -131 217 -25 212 -164 -55 -93 1 -22 189 -30 -183 -121 79 67 -189 101 -42 165 -228 182 249 -146 97 -248 -3 -18 137 34 -60 2 -220 51 -137 14 -113 44 176 -8 159 144 -38 -36 63 -77 65 114 -181 -227 222 88 202 234 84 7 -101 207 -143 -162 -100 15 -168 -97 -53 -172 -167 8 186 -64 37 130 205 -153 -63 -135 -67 237 -20 164 -80 32 94 -245 235 -6 247 -16 -244 71 231 -229 160 -225 -163 -108 100 -24 87 -58 183 156 -188 98 158 229 108 -232 0 72 175 240 -240 77 4 93 109 216 -109 81 13 -41 167 -223 -208 113 -187 -21 46 -176 142 213 -141 206 -89 -69 45 62 -236 -144 -120 150 -39 -226 154 106 211 -26 133 111 57 169 148 -132 -147 66 174 -99 -241 132 -151 -230 204 119 190 191 -170 -91 -184 49 226 -74 199 9 -122 -71 -142 10 96 208 48 22 122 -94 -111 136 225 193 -37 -231 -52 120 141 31 239 -234 21 -68 -88 -23 -201 95 74 11 90 -133 -65 172 -186 27 192 248 -203 -126 -212 -84 41 168 103 233 -149 -206 -180 -127 112 -103 76 -56 -31 220 -82 131 -150 -118 243 -200 128 -155 -27 -243 -159 -224 117 166 -219 
TEST 108 ARG:77 221 121 227 76 43 4 80 30 207 158 -173 -150 155 -112 -186 -239 -125 -198 -46 100 -129 145 22 -170 -93 -211 9 -137 -84 -221 68 245 71 171 151 -196 10 -148 15 52 246 -45 -88 66 -216 225 -55 53 106 -110 168 153 95 -243 -226 -189 74 202 -152 -241 -246 -27 -136 64 65 -34 -21 61 180 -147 29 166 -62 -126 58 -10 -82 -143 -146 -78 115 154 -114 144 130 -206 -41 -35 179 -138 101 104 19 191 34 192 -213 204 -227 -155 -209 78 161 18 111 -87 47 -66 209 186 222 -185 44 50 126 141 -203 -9 137 -248 -116 26 138 -51 -167 -182 87 -2 -242 -40 -102 -3 -120 -39 49 -13 -68 219 242 193 -135 -99 13 -122 -224 -105 33 150 -48 -180 -1 -240 6 187 94 -16 167 228 5 -11 -161 81 -5 -191 -17 203 174 96 198 39 23 199 195 226 2 238 84 45 215 88 -18 -106 213 3 -236 -127 -190 -20 -250 89 48 -160 -28 -47 181 -232 -124 177 -7 -81 233 146 122 -44 -63 -218 -61 -165 25 -202 -119 206 -36 -219 113 229 -212 -19 -205 162 244 157 -67 -111 -210 159 -225 160 92 -94 -57 188 124 -168 239 -214 75 -217 -142 -144 51 -169 98 -204 -195 241 -139 235 -134 -197 208 -215 21 132 -72 -37 -50 70 183 -64 -154 112 60 125 57 230 -73 -176 42 134 249 -233 -54 -42 131 36 -15 -92 214 97 200 148 129 196 14 -6 8 108 -115 117 -192 -107 169 237 -100 -96 -183 -151 176 140 143 -60 85 -207 37 197 136 -235 -65 139 -22 211 147 142 173 -25 35 -145 82 -56 -230 -43 -117 -234 -12 248 -74 62 -4 0 -69 232 164 114 -172 -174 178 223 247 12 -8 -187 -244 -164 -229 -32 7 -113 86 -14 -199 -30 -208 -247 -80 -133 -223 38 90 -90 -86 218 216 212 217 -132 -85 -162 220 -159 79 -49 -89 69 11 133 -109 -181 -58 -179 -59 231 -200 40 -141 24 194 55 182 116 -163 240 175 -53 -95 -77 -101 -24 -52 -70 20 72 -237 156 -184 99 73 107 -128 -130 110 16 -123 105 46 -171 224 -131 123 -245 -220 236 54 -29 -108 41 -33 32 152 56 -71 -97 -104 -26 102 -166 170 63 103 -249 91 172 135 127 -193 -79 27 -178 190 149 184 83 234 189 165 163 119 -75 -140 185 -23 28 128 210 -158 -76 1 -194 -149 93 -157 -222 67 17 -201 -103 -31 59 201 -231 -98 -118 31 -153 -156 -238 120 118 243 -177 -175 -121 -83 205 -91 -38 -188 -228 109 
TEST 109 ARG:-136 151 -58 -89 -145 41 -177 134 -93 -189 46 -61 239 -9 103 -185 -38 132 -20 -235 202 44 22 91 -167 27 206 60 -143 -42 160 99 66 -200 121 47 232 -102 48 30 -161 186 -173 136 -188 -201 131 215 -40 -99 -133 179 -96 -205 -107 -182 -87 -73 -41 -112 102 23 109 -32 123 97 -45 -222 -229 -208 -151 216 191 -181 -28 59 113 -244 58 -92 71 -147 105 169 231 240 -134 -103 42 37 230 17 111 -125 125 138 -230 64 21 247 28 141 34 -117 -1 -245 70 207 -94 83 -56 -243 -12 8 218 9 -144 -48 198 6 203 -194 -157 201 -149 164 -124 92 -218 177 35 -3 26 -75 -71 31 176 217 -192 -132 98 -138 -179 87 -79 -30 -68 117 126 -49 243 -163 -237 147 -25 -19 -174 248 -44 133 93 24 -155 -240 192 -119 -43 -169 162 -206 79 107 -184 -66 -97 -98 -234 178 43 -120 -63 -11 188 18 -109 53 -14 -171 -166 159 96 -21 222 -158 212 -141 82 -249 -113 -82 -223 168 -29 20 197 149 69 180 104 106 57 -209 -162 -53 84 -225 -36 221 199 -131 62 -70 -2 -10 77 130 74 -228 -212 68 -27 210 -78 -214 89 52 -211 208 -190 3 -106 -110 -178 241 -69 -55 88 67 235 194 143 85 223 -26 10 29 -51 -6 25 -216 -52 -152 -250 183 -176 187 45 244 7 -16 -213 -116 140 -193 236 171 -13 -77 154 226 122 -22 174 12 -186 127 -137 -221 78 144 172 63 -17 40 211 -242 -100 -247 55 -224 -65 94 120 158 -164 110 0 -239 129 -139 234 -74 145 213 -105 101 -198 173 61 -146 -248 -150 -24 81 -196 -121 128 -35 -160 -33 75 1 146 119 219 181 -122 -59 155 36 -108 163 -114 190 193 152 54 95 148 153 -37 -5 242 -246 233 -191 -62 -148 -215 -187 -238 142 -46 -204 56 -203 185 49 139 -142 39 -129 -227 100 209 -135 50 -202 200 -39 -67 -118 -232 114 167 -170 -231 166 14 -4 -95 -126 -7 -168 86 65 -81 -165 245 238 -85 -47 -72 175 237 -154 -233 90 -18 -15 156 -84 150 124 -180 -140 195 249 -197 161 246 184 15 229 137 157 165 -207 228 227 2 196 -241 -60 116 -83 -175 -31 51 170 38 189 4 115 -80 -8 -153 -220 118 -199 -50 16 -23 225 -236 -101 108 19 204 220 -128 -219 -217 182 -159 72 -195 33 -127 32 -76 -183 -91 -172 -88 -64 -210 -90 -111 214 112 -115 -54 224 -226 13 80 205 73 -156 -104 -34 -86 -123 5 11 135 -130 76 -57 
TEST 110 ARG:169 112 -181 -18 22 -241 -139 -65 207 206 168 -126 71 -76 -242 -131 -12 141 -103 127 -151 240 86 -137 59 181 -89 208 44 -155 67 -152 -184 -19 156 -174 11 -232 -107 139 229 74 118 -7 75 -166 -16 -233 -39 -80 -81 114 -211 129 63 -165 242 -53 -164 -245 -199 215 -24 -148 -36 154 108 -180 237 72 82 -172 -208 88 55 -150 -222 -247 -138 -29 -40 128 -59 116 41 136 -204 -223 135 -9 184 205 1 189 180 228 -102 -63 -44 209 160 94 29 -144 -193 244 115 33 -73 -153 0 -160 -33 -32 104 38 -224 83 -158 37 174 -230 -228 103 20 -11 68 149 -173 60 222 -134 -127 35 224 236 89 217 -159 172 109 170 -64 212 182 14 -235 95 230 -4 -100 -216 -51 31 -167 -54 -176 234 164 197 -35 -145 167 78 -97 -50 3 -119 -55 24 -45 -28 161 248 53 92 -132 -56 134 -168 6 -26 4 -13 96 -15 -94 -218 214 245 -213 157 131 211 27 120 147 126 178 30 198 -192 179 -154 191 187 -30 19 107 -38 43 210 176 -23 -48 -72 -79 137 -135 -27 -122 -186 -113 66 -161 -197 7 -42 241 -205 235 -175 -91 -182 158 -236 -229 146 64 9 -8 -203 -95 -128 -60 -169 -61 153 -195 121 -188 163 -248 -234 -189 93 166 10 -146 111 5 -49 138 173 -85 -237 -198 243 45 -96 2 -221 -142 15 221 -58 99 204 -34 -206 84 140 -136 -22 219 -93 -190 70 -231 28 -210 34 -202 151 42 81 150 -21 -141 -75 196 101 199 -105 -123 -25 -212 124 -226 239 165 -121 -66 122 110 -115 -31 -179 186 -214 -133 247 73 155 -20 231 100 -92 125 39 36 -130 195 -82 -140 -83 77 40 -41 188 48 -90 -70 200 -129 152 -187 -88 32 -69 -3 50 105 -74 -201 -104 -46 -246 201 220 58 -191 -250 193 162 -227 -67 26 -98 -52 -120 8 -240 -62 -225 -209 -196 106 -244 -156 144 76 46 18 -37 -178 -118 91 -219 -112 183 -68 142 -78 -157 -99 -106 175 56 -84 -125 130 -217 80 -207 -183 -71 -1 -117 143 -77 -220 -162 133 -101 98 246 -116 61 -143 148 233 213 203 47 117 17 -6 249 -185 218 21 232 97 62 69 -239 159 -163 -5 25 -249 -170 16 -111 -10 57 -108 -57 226 12 -87 -200 -86 192 23 185 -17 194 -47 85 132 119 51 -147 65 227 -2 145 -110 -149 52 -14 123 177 -43 -177 171 79 -238 202 87 49 190 216 225 54 223 -124 -194 113 238 13 -109 -114 102 -171 -243 90 -215 
TEST 111 ARG:189 -163 -10 115 -90 13 103 -113 -195 -41 -174 -83 -151 -204 8 5 -214 125 57 104 -74 197 -98 -203 -165 200 -249 102 31 129 24 -93 -46 -70 53 -197 218 -97 -128 168 -71 177 176 -239 -211 -54 -216 198 72 157 -209 -21 44 -57 169 108 9 -36 246 116 148 133 182 26 -13 196 -50 170 -94 92 174 249 -102 -3 -15 130 18 14 -187 207 69 135 132 -215 233 139 39 -115 138 -198 -186 -62 240 27 234 -145 -192 -25 -33 -191 -235 -164 -73 -44 -55 -175 230 54 19 105 -5 15 68 -58 -101 48 73 147 52 88 -158 60 194 41 -30 -95 243 0 -34 -96 91 -108 -23 -43 -63 117 136 86 34 -242 155 -180 -230 205 59 -156 -193 -205 -229 192 -149 -161 187 126 -37 -173 46 23 -81 -248 -228 32 223 -59 -89 -237 -120 -167 80 42 180 55 -130 79 89 83 -88 -107 -238 -144 101 -234 -65 -119 -208 222 -125 228 -200 162 212 -18 -9 -133 137 16 -66 -132 49 36 78 20 208 -170 70 -26 -139 195 199 66 -85 -11 -157 -61 158 -51 206 -75 -39 227 -150 45 -210 211 96 -91 -7 -148 -146 238 33 173 141 236 -8 210 -162 -20 144 -166 -172 87 -188 154 184 -1 58 247 237 161 150 -171 225 -143 -217 -185 -48 -84 94 -231 -189 -212 -77 10 -241 -109 -138 -244 122 -147 -4 -137 -153 -141 232 123 244 -245 245 71 -222 241 140 -2 -227 -40 1 -177 -169 213 -19 38 -27 77 -100 -118 -78 -38 224 67 50 181 30 190 51 -127 -179 131 149 76 17 167 203 -53 7 65 -82 -221 97 100 124 -22 -106 -92 -80 -121 119 -220 172 216 -69 -31 221 -182 229 -206 -64 75 -243 226 -45 63 201 -42 -60 242 112 106 107 -35 -194 219 11 -29 128 -219 37 -123 -87 215 84 171 -56 -201 61 -154 113 186 121 214 110 -131 143 114 -140 -117 -6 -233 235 111 175 204 191 -103 -232 -199 -207 -226 -67 -240 -79 248 -246 -152 -47 -126 -247 239 188 -76 -213 -159 193 166 21 81 -105 90 -14 164 202 3 56 151 -184 -196 134 -225 -135 85 -52 -32 165 -124 -142 142 -104 145 -86 -129 127 -224 109 183 4 98 43 62 35 47 64 -176 -168 -250 156 29 220 146 -183 118 -116 28 -223 22 -110 185 -218 -202 2 -190 6 -178 -114 -181 -136 -12 93 209 25 40 -72 -28 -99 -111 120 -49 -17 179 163 178 217 12 -24 74 -112 -122 160 82 -155 159 99 231 -160 153 -236 -68 -16 -134 152 95 
TEST 112 ARG:-124 -211 -118 -1 -53 -206 4 17 32 133 -16 -68 -178 149 216 176 -92 152 -8 -244 79 -125 56 -170 67 -56 -61 201 49 -197 -74 -190 226 106 122 -153 19 75 -96 -201 -99 12 -154 -208 -219 -243 -174 -152 -31 243 137 -81 -130 190 -131 -76 -149 241 -225 -247 -126 119 59 -37 217 -232 -77 -215 69 -102 -106 230 232 88 109 -90 -223 -227 170 8 97 99 -140 36 219 81 116 -110 244 91 -50 87 138 -186 115 -33 -194 -203 145 225 -70 158 -107 -147 -7 172 215 -62 -145 -13 82 248 234 -210 70 9 178 -171 -173 -86 74 -85 73 41 196 -2 -213 76 131 202 -128 -113 124 -5 -108 -195 -184 242 -89 -27 -226 -105 -229 -17 -78 -158 -246 100 71 -48 -217 6 186 -84 63 96 -135 52 26 135 -52 29 -196 -198 48 -248 -34 197 -234 146 64 -32 -35 184 163 -12 180 -235 40 -98 -97 60 -4 -240 -139 183 -28 -55 -22 -181 221 -25 16 136 102 -176 141 -101 165 203 31 39 235 -51 -141 -60 -82 -18 -239 -134 208 147 -117 -94 66 -148 -233 -177 -236 -231 -241 204 200 212 177 113 -116 128 140 -40 233 -146 -36 -133 239 78 171 57 23 132 7 -183 161 38 -204 -242 2 205 -65 -71 -63 11 -20 -175 -179 21 -222 -64 -136 -207 240 -10 -26 46 -23 -15 -182 148 210 156 101 -91 206 -120 -100 192 -80 58 142 -29 -168 247 25 194 144 42 168 150 -230 237 92 -41 -114 -19 103 130 164 -156 61 222 -59 80 5 199 111 223 129 10 -142 -72 44 54 -112 -162 -79 -73 33 -189 229 193 -155 -45 139 153 198 -218 14 -43 167 -88 214 -193 -123 238 154 -188 -205 187 85 -24 45 20 -238 126 -30 195 -44 -164 114 -157 -66 95 24 -9 94 174 43 209 227 -214 -220 228 84 -160 211 -138 -129 -54 159 -169 169 -83 160 -38 -14 -3 28 246 -180 151 185 -144 107 -200 55 -21 -69 -122 -199 -67 -150 117 -103 89 191 -58 236 112 -245 188 47 -228 13 157 207 110 -47 -191 3 -163 -237 -143 68 35 125 249 30 -127 -132 90 127 -151 37 134 0 -172 213 18 1 -159 -209 72 123 15 -75 -166 -49 -192 143 189 27 -216 -249 -87 -46 -119 224 -250 218 50 -212 77 -165 155 162 93 118 175 120 53 -121 -11 121 231 -224 -95 -167 104 -161 -137 245 181 -42 51 -39 173 -57 -104 83 65 22 -202 -185 -187 -111 -115 179 182 -6 105 98 166 86 -221 34 220 108 -93 -109 62 
TEST 113 ARG:166 233 172 -159 97 -229 114 210 77 -105 -133 237 15 -74 201 -197 80 231 40 -173 -22 -146 -185 -63 167 206 -68 -213 120 93 -178 137 -47 219 193 -83 63 -31 119 148 -210 -64 -122 -85 67 -243 -107 -182 -44 23 -134 -4 -135 108 -154 -43 -232 -170 -90 -108 -216 33 54 -158 -153 89 -215 164 -208 -19 -125 -52 141 62 -86 -114 -238 25 144 51 -103 -166 -212 -5 -53 176 65 -224 226 41 -27 198 147 -40 150 -51 -194 -45 248 -223 49 69 110 66 -190 -20 173 -32 -91 -203 45 -165 -126 -148 246 202 242 -97 -34 192 188 -112 -115 155 214 115 -200 -171 50 123 -76 -226 -41 197 175 -167 -94 171 145 -163 85 238 149 -192 81 -214 43 60 -35 133 -7 -136 187 -39 -219 135 76 90 1 -242 185 91 -117 195 -62 -228 -70 10 232 14 240 -195 -220 35 -9 -162 -67 17 -145 -175 169 -78 -204 216 -141 -101 -248 230 36 47 72 6 -244 223 -120 186 26 207 -98 -73 -150 247 52 46 194 24 -58 -80 -176 16 -15 174 7 -55 37 70 -104 -123 -131 -161 -246 -237 139 -249 170 200 86 -8 180 131 44 -111 83 64 -59 21 -81 -217 58 -143 -147 -71 105 -174 -65 124 -42 151 -227 -1 143 61 53 -82 -93 -110 -75 211 19 -109 129 183 -151 -21 -49 -156 190 189 -202 134 -10 227 213 235 -168 -124 98 -240 32 9 -230 -118 -13 55 92 229 157 -225 94 -84 -38 224 -72 162 142 -66 182 42 181 160 78 13 -50 -157 -201 243 -79 205 75 79 38 -89 -207 -28 -186 8 -160 3 -113 87 73 -48 244 -239 208 -183 104 203 196 -142 4 -12 -155 -17 57 154 -129 -69 -179 179 -57 -193 156 74 -241 -144 48 199 -54 121 -236 -127 -152 122 249 -250 -14 -18 -24 -96 -102 -128 -138 -180 39 95 20 -198 -177 -218 84 -164 28 -188 -189 184 204 -132 152 -116 239 126 146 -60 158 100 -187 -25 18 0 -245 128 -119 71 140 -99 -77 12 109 -137 102 -26 241 -184 111 -233 -234 -92 -87 168 30 -149 96 -3 -222 236 2 34 153 191 117 31 -2 116 88 -205 -37 -209 113 -100 56 234 99 217 220 -33 -16 106 -211 -30 132 112 221 159 209 130 -206 68 -6 125 -191 163 -172 178 29 22 -247 225 138 -23 -169 -235 177 -199 -95 -121 -196 212 82 5 101 127 -139 -231 -88 -11 107 -140 218 -56 136 245 -36 59 -130 222 165 27 -46 161 -61 118 215 228 103 -106 -29 11 -221 -181 
TEST 114 ARG:-212 -131 -176 224 130 -209 84 34 -47 178 122 39 -117 -148 46 63 184 237 5 -223 196 110 -173 68 -169 188 199 228 197 90 -116 201 -205 128 125 19 162 248 220 -182 64 -159 -198 215 70 8 183 14 -18 -27 -121 -70 -127 -84 -11 209 191 -228 99 246 155 218 -118 0 -119 219 205 174 225 58 -50 -144 -113 73 -98 -105 121 -214 4 223 143 -74 -80 145 213 -141 -61 -147 -215 67 -83 169 217 -137 -241 -115 -234 -24 -38 -189 -85 -15 195 244 -218 -92 92 -239 41 226 -58 -23 86 -179 -26 -114 -180 -177 47 189 -168 -166 -204 3 233 120 -42 -187 -245 243 136 171 50 -108 119 -152 18 16 -39 -123 -132 177 -216 186 -171 239 -196 -130 -66 117 -71 -193 -36 96 -76 235 166 -242 82 98 101 51 -90 37 -22 170 -49 112 -99 -221 156 -43 165 -160 182 -120 216 -7 -217 -208 114 -150 198 72 -183 167 -67 32 -100 -103 -63 -72 -219 -185 -95 249 203 -46 43 91 200 211 100 -45 -107 -200 -155 187 -87 -37 202 20 -233 -109 124 -225 -164 -191 234 -236 -138 -153 -28 -206 175 176 173 -243 -178 -4 66 113 -25 -97 -129 -165 -88 -34 115 134 -64 -30 138 103 164 -186 62 -170 6 -211 35 -227 157 -57 -154 -55 89 -91 -247 -93 60 -238 49 106 95 163 -78 -79 42 131 -125 -188 -33 -31 104 77 31 -199 40 1 238 -17 -9 240 241 210 33 -167 -246 24 54 146 133 -41 44 75 142 -145 -29 76 -142 87 -60 230 -104 83 105 26 -94 109 29 -1 -54 161 56 -156 -101 -68 17 27 -6 192 102 -149 -194 152 -133 -201 149 85 -139 153 108 57 214 -232 -128 21 -77 -8 172 -2 -52 59 -86 -20 28 94 -14 -126 181 -248 158 190 -157 139 -89 107 179 -65 -240 137 -143 -111 -10 -81 118 144 -53 7 -140 -222 2 65 88 232 151 -59 -220 180 -151 -175 -224 -16 148 160 -136 123 -250 -229 194 111 -73 -96 52 236 212 208 127 -44 13 -5 231 150 -197 12 -195 -102 -21 -207 -202 10 -174 245 71 -48 15 45 227 -56 25 -190 -210 -13 93 -110 204 38 132 247 -181 -203 -172 81 -51 221 48 222 154 55 -244 185 -231 -213 -40 -32 126 140 -146 -69 11 -35 -12 141 -249 -134 -184 -230 -161 -135 -124 36 80 159 79 9 129 -122 97 53 23 -19 78 207 147 -158 -3 -62 -235 -163 -226 -237 242 168 61 -75 22 30 116 -82 74 -106 69 206 -192 -112 -162 193 135 229 
TEST 115 ARG:151 -49 26 -47 -148 101 238 133 180 -89 -237 143 -119 43 -210 -86 38 -246 -113 158 64 -231 152 224 -17 150 -94 65 223 -31 8 -176 -36 103 90 -208 0 -28 -226 10 174 -59 -140 245 -160 216 -244 27 99 91 -138 93 22 44 66 165 -79 68 5 -186 177 196 -143 -97 -194 222 -42 211 208 84 -188 111 -33 -164 167 -99 35 -10 20 -162 -11 75 -174 95 -154 172 203 -23 106 198 219 142 231 -232 -172 -95 104 56 131 54 2 -61 248 137 -134 73 207 109 -90 -156 -87 52 247 176 96 -85 69 -127 76 -91 243 135 -19 87 220 -130 240 242 193 -83 -222 -236 -74 -71 160 -235 -16 161 -24 -247 -220 -190 -116 -198 110 17 82 32 -193 -109 28 -106 108 -108 -153 -13 -68 3 204 25 -212 71 -167 184 40 97 126 -155 153 13 -60 55 -161 -67 -64 221 81 -54 -184 83 183 -45 113 11 -185 166 127 -129 241 15 -228 -9 -76 -124 156 -51 229 45 -175 -73 -144 -206 92 230 -173 -135 -122 -159 215 -227 -43 -163 19 -179 209 139 78 89 -102 170 63 -25 -27 115 -63 -88 46 -147 -80 -203 -183 -98 -224 88 -240 29 144 85 -12 -223 214 37 -201 41 178 -117 -38 125 48 123 -204 -81 -225 -21 -104 228 -150 -100 187 -92 80 200 105 149 -170 -14 173 141 -132 -35 -2 47 7 -29 164 30 235 239 -243 -168 -20 169 59 148 94 192 163 -18 -66 188 162 132 -110 -211 72 195 206 42 114 -178 -133 171 -32 124 146 18 -1 -55 -149 -82 -218 -8 218 232 -209 -26 -187 33 62 100 -215 -165 225 23 -50 67 236 233 57 -131 49 182 -57 201 -199 213 138 -126 -146 120 39 -123 136 191 9 157 249 122 -105 -197 77 -202 -7 -250 -248 -229 -196 86 118 197 -96 194 -111 -58 -171 134 -53 -145 -216 -125 -182 -214 6 102 -101 -78 -77 -15 -65 -34 -192 -221 -115 -75 202 -169 -93 -137 244 -200 -72 -120 4 -242 1 -39 -239 31 227 159 -70 147 -30 -121 -219 155 -107 116 -245 -142 -5 175 61 51 -158 117 212 -166 -152 -118 205 -141 -205 237 -128 -189 -213 -48 -84 185 74 -230 21 -136 226 145 234 154 -238 24 98 -44 168 58 189 36 -6 12 210 186 246 -114 199 -191 -4 -103 179 -180 70 -249 -52 -62 16 -22 34 -177 107 130 190 -234 -69 181 60 -157 217 121 -56 -139 79 128 112 -207 119 -112 -195 -217 -241 53 -3 50 -181 140 129 -46 -41 -40 14 -151 -37 -233 
TEST 116 ARG:-228 -118 31 -125 -5 160 93 -208 -217 -226 188 -136 -149 200 -224 42 -121 -18 64 -55 -200 -223 173 84 -35 6 -62 -220 -185 223 -135 224 191 48 -105 -165 -180 164 -216 211 -222 -141 -33 -2 -9 130 32 177 182 -47 122 -168 -21 -123 71 237 22 -85 -211 -155 165 -39 -139 -235 4 -245 170 151 74 72 175 183 -205 -69 241 -151 -161 -42 68 238 -209 51 113 -38 219 104 -44 -175 -108 -237 -138 -132 249 -130 -157 -4 -19 -122 -28 -67 169 -126 -250 126 119 161 -87 -190 77 210 -84 125 -225 97 -140 150 -57 -231 -214 18 86 195 -63 -52 -14 136 244 -102 -86 -142 193 -79 -92 -94 -230 44 222 -8 -177 180 -17 -127 62 118 -158 76 217 -192 43 -119 -16 124 232 -207 145 -249 -76 143 -30 -73 91 179 181 153 132 230 -153 94 -201 -83 201 156 248 92 -247 138 57 -51 -72 0 -189 -159 240 154 61 -82 -95 229 190 2 111 172 208 -93 -212 -221 -50 15 -143 -243 -162 -109 -1 -24 96 78 -166 186 -60 -41 162 -146 133 221 -186 -110 140 33 -120 82 214 10 47 -20 212 218 -117 83 -246 41 234 135 -29 -164 247 176 56 -104 87 129 -170 88 120 205 -98 -147 -48 -206 -197 197 49 139 -70 -232 -49 -66 14 13 199 -150 203 -31 141 198 -191 -61 187 185 107 159 5 12 -163 -65 60 26 100 246 11 -34 23 37 59 116 206 79 28 -167 -193 -116 34 52 -23 189 174 -213 -112 -173 -3 -26 -90 -75 -144 -229 137 -59 215 -54 109 184 158 19 95 -238 -234 131 -100 103 -36 227 16 -80 54 50 245 -202 -178 -56 1 -74 209 -215 -218 -40 -129 36 -53 -171 65 20 167 127 -236 101 46 -179 -106 70 239 -131 -169 -176 115 146 226 147 152 98 -113 -81 117 157 236 -183 235 -45 204 -114 213 194 123 -128 144 8 -198 207 63 55 -88 233 85 40 -22 -184 73 216 -6 21 -172 -174 -12 58 202 -77 -152 -7 17 -96 142 -242 -203 29 25 231 121 -145 -187 24 220 168 166 -194 -156 -15 114 75 225 -46 -181 148 -107 -97 106 -248 89 -188 66 -101 108 163 -199 69 110 196 -133 -182 105 -227 -103 -244 -37 -195 -124 -99 -154 -32 -241 -43 -239 128 -196 30 99 -68 3 67 171 38 -219 -71 -148 -10 -137 -27 155 178 -160 -89 112 45 -240 -91 53 7 27 -134 -115 90 149 242 134 243 -25 -11 -13 102 -111 -233 9 192 35 81 80 -64 228 -210 39 -58 -204 -78 
TEST 117 ARG:154 -224 -81 -190 -62 -156 110 106 -210 196 210 -67 -17 -122 183 -192 -26 124 -204 -232 249 161 17 -90 10 -39 -54 -239 112 179 -124 -131 98 28 27 -195 -41 -133 246 -234 -249 -82 -247 215 62 47 140 -207 208 -243 -27 -163 -74 -40 240 184 157 -94 39 101 -201 14 -76 -212 31 -194 175 22 26 -19 -140 76 2 206 -46 111 71 248 97 167 -170 237 233 7 230 -245 -2 86 -108 -151 193 -48 241 -59 -165 12 219 -9 40 51 -238 -152 144 104 -102 -137 -44 91 -174 221 -8 -216 228 49 148 0 243 195 63 209 134 -93 129 -10 -229 180 -147 152 25 -104 -11 186 204 8 34 -116 -149 138 -45 -175 135 227 -157 -49 -36 -33 123 151 93 -117 -129 -3 -63 -96 44 -66 -87 80 -132 -61 72 -80 -218 -176 85 48 9 -4 -112 -42 -32 3 122 36 42 -100 -114 -126 -106 -158 -168 -79 -241 59 -200 166 -141 -228 173 211 125 108 185 -130 15 147 192 207 -191 242 109 -83 -72 188 -219 81 -110 64 -12 -220 87 213 163 142 37 127 56 238 96 159 222 182 92 21 -144 78 -208 -135 -127 205 116 -38 100 -166 -14 77 -123 118 -188 170 117 -31 -169 -240 -43 131 -209 -28 -13 -95 -211 -172 -223 19 176 218 23 54 132 226 169 52 189 203 -146 -222 -227 -197 38 187 199 121 83 202 32 -186 153 -150 5 -161 -55 141 57 -68 95 -217 231 -58 45 -6 212 133 -138 -29 24 43 120 -78 84 -92 -213 -125 225 -107 232 -203 -198 -206 146 88 156 149 150 -21 114 235 -119 -115 -237 20 126 79 -85 198 145 70 -236 -84 244 -153 -89 1 67 -120 201 -71 -109 168 190 245 46 164 41 -244 -189 -221 200 119 223 -18 -65 224 94 113 66 -250 162 -23 -139 -142 -5 -181 35 -37 239 -51 89 143 90 -215 177 -128 -97 50 -50 -57 61 -69 -160 155 -105 -24 234 -205 -101 -196 13 -136 130 171 -248 229 -16 -30 194 69 -154 136 -173 -86 18 139 -98 -34 217 -56 53 -155 -159 -1 102 -179 115 -103 29 -148 -231 -91 -242 99 216 103 128 172 -22 -88 -121 -25 -113 74 -178 -52 -202 -7 -226 197 -193 -171 165 6 -20 -77 -99 75 -70 -134 178 158 -233 -75 33 11 220 55 82 -73 -15 236 -164 -167 -235 60 105 174 -184 181 -143 -60 137 -230 191 -47 -64 -183 -177 -145 -199 -162 -187 107 16 30 -225 -118 4 -182 214 -35 -246 160 73 58 -180 65 68 -214 -185 247 -111 -53 
TEST 118 ARG:-53 77 100 204 72 3 -186 94 -226 237 209 73 1 121 95 -18 -35 142 45 231 -26 -223 -233 136 -31 -248 -203 -245 242 178 60 185 -160 151 -2 8 0 2 -234 -44 86 -202 -198 43 -25 -235 188 -137 -72 14 -138 -80 -125 -135 -48 156 -172 112 -231 248 -192 -34 -127 76 -103 163 150 113 17 -108 75 -195 -153 88 -225 149 51 235 -164 175 -98 -20 222 -110 135 -126 -151 228 -236 28 -150 -115 99 85 -89 -165 -91 -175 217 -181 -209 -208 87 238 210 27 5 -116 18 -242 -217 -141 166 108 -163 31 -107 65 218 56 -73 174 10 -247 126 -132 247 -118 226 63 -170 -7 229 -128 -180 147 -76 -220 223 152 206 111 145 -238 169 -36 38 -222 -159 54 187 -94 103 -183 -206 167 194 7 4 -90 -216 79 132 -27 200 62 120 189 -74 161 -71 -42 -22 -45 -78 195 -212 158 -124 106 -219 162 -213 168 57 128 -152 -214 130 -179 23 -85 -162 -104 -62 125 -227 -52 -117 22 170 -250 -113 47 -145 -70 -143 205 212 -109 214 16 -92 122 -4 225 -46 -201 -169 -106 181 -171 180 -41 -83 -243 9 -154 241 173 -111 -57 19 -221 -88 -207 -100 216 116 55 -14 -129 157 123 177 234 -232 115 -144 182 33 207 64 118 179 -211 221 -142 41 171 -3 133 74 96 25 -224 -119 124 155 78 91 -239 -241 58 -5 140 191 107 -10 -49 89 141 69 -156 249 98 243 165 -177 -17 -19 -131 213 48 90 -82 154 -121 -13 -229 -133 52 -56 -147 12 -134 -191 127 -6 67 -218 24 -215 13 -58 164 -84 -210 114 97 -60 -86 -75 146 104 -185 101 -196 -189 -204 32 -173 -69 153 -97 11 -43 -40 202 190 39 46 144 -167 -184 -148 220 35 172 -199 26 -105 66 244 -68 -81 -197 -1 203 208 -23 -237 198 -123 -155 -166 193 84 -187 192 -188 227 93 -38 -139 -66 -28 232 59 -87 236 -114 -47 134 -244 -174 82 -200 -15 233 61 15 -29 -9 81 -54 245 71 -30 176 80 92 224 -178 199 143 36 139 -99 -193 129 -168 -140 -228 183 102 -67 184 -59 -112 37 -190 68 -21 -149 196 -194 49 109 160 201 105 21 83 44 -102 -249 -120 117 215 -130 40 186 131 6 -24 53 -182 -65 -32 -61 -158 -50 -205 230 29 159 -77 110 -161 246 137 -146 -11 -176 -122 30 -230 -79 -64 -39 -16 -63 197 -136 -96 -246 42 -95 219 240 -157 148 -93 239 -101 -8 -33 -37 211 -51 -55 34 70 -240 -12 119 20 138 50 
TEST 119 ARG:138 70 71 -82 -236 -170 -37 -127 228 96 9 -75 11 213 -249 157 19 10 -123 -96 -147 -162 -106 -85 16 86 60 204 235 -222 -87 -213 -159 206 -47 -184 119 108 -229 102 -24 196 114 209 -246 -113 -95 -141 -25 226 -245 -176 -17 -210 131 218 215 149 14 39 88 -51 -202 -244 -149 46 189 132 221 -187 229 113 195 -81 -166 -198 -42 -134 -144 -19 -150 172 78 -138 54 13 128 122 -180 117 -71 59 -154 97 -98 -67 167 -158 85 182 -7 -188 81 89 -209 -174 -59 -40 -27 -122 21 177 -130 -46 -224 -104 -203 109 147 -156 73 -178 -13 -77 -109 -20 134 -86 158 143 -72 -211 187 156 26 -191 211 200 207 34 173 104 216 -197 -242 -201 -161 145 -66 58 -54 124 -116 15 130 -99 238 -12 -80 133 198 -69 99 20 -208 69 48 -57 205 -145 242 237 197 -219 -2 -175 -148 -165 236 -135 144 -44 -9 -171 -240 -207 65 91 -168 166 223 35 -125 -182 -94 -36 -105 -79 -60 41 -73 192 214 125 -55 -248 -65 -84 -177 179 -92 159 -21 -39 -235 -64 -78 154 -107 -232 240 -247 222 -110 -204 53 57 40 -206 -132 90 169 233 42 -194 95 -114 174 -140 171 56 22 -118 -93 18 1 31 210 208 68 -6 5 44 220 -185 -172 100 -61 4 72 163 -155 63 82 225 185 -238 -234 118 43 -14 110 -233 -3 -223 146 -230 -120 183 190 -227 101 129 -45 217 234 -74 6 142 -241 -163 -152 -88 -5 55 176 66 -129 -221 27 84 151 -28 232 -193 51 164 79 -32 168 98 -137 191 170 155 175 -26 74 80 32 -215 249 -108 188 -89 106 239 -136 -195 17 139 -237 -226 -38 -200 184 -167 199 77 136 -160 246 126 -146 -8 -90 245 -111 212 -173 203 194 -169 -62 103 -117 -4 107 -181 115 64 -112 -49 121 -34 193 -63 201 152 24 150 -48 -30 -212 -23 161 -11 -190 178 61 -103 -164 -58 38 243 -239 -68 -128 224 87 33 -41 -216 36 49 -139 -228 -179 153 8 -1 105 -10 231 137 141 -29 120 29 -35 -143 112 75 148 241 -183 30 181 -214 -97 52 2 -186 -243 -218 127 -50 230 135 -52 -33 -157 50 -126 186 -124 47 247 -133 -53 116 62 162 83 -91 -189 244 165 202 -102 -131 -205 -18 28 -217 -192 3 -231 160 -196 140 -250 180 94 227 37 -100 -70 12 23 -83 -101 -31 -225 -115 -199 45 93 248 219 -43 -142 -153 76 7 -22 -76 -121 -56 0 67 -220 92 -16 -151 -119 111 123 -15 25 
TEST 120 ARG:-135 166 30 184 47 4 -31 -161 197 36 186 61 165 181 -145 188 -194 -235 -56 74 138 -159 -246 73 223 174 59 93 94 -247 -42 -92 -1 216 -147 -243 85 70 11 179 214 -132 88 128 37 -203 58 -240 -27 -163 117 22 16 -84 87 140 126 178 194 247 -169 -71 -141 222 64 -21 98 -225 120 -148 220 96 205 141 112 33 -186 229 218 -91 238 125 0 191 203 185 -41 -136 -242 221 -117 -83 24 116 -47 -67 -179 -43 -172 215 231 171 -202 -223 -188 45 103 -128 -199 -212 167 25 -233 -180 78 242 54 206 -121 -190 -167 -17 -109 -107 132 -72 28 228 60 84 -65 -60 -5 227 -63 236 -181 -2 34 -9 -39 -140 -73 157 -222 -100 156 234 -216 -244 14 -12 -200 143 130 92 2 -55 97 -11 -150 -96 -87 123 -104 -118 -101 -249 -182 158 -74 50 -154 -207 183 80 163 -32 217 136 -130 121 69 62 -114 -152 40 150 -178 219 211 107 -134 -215 172 248 -193 -238 -201 49 108 -81 -76 77 198 210 -151 151 232 -177 175 -97 -137 -23 -36 240 -16 3 244 153 8 46 41 35 -248 -3 111 95 15 160 -111 13 -105 53 -99 177 -8 249 -46 -98 -22 -171 200 204 -227 133 100 66 -122 56 139 -230 -40 55 -110 148 44 -25 7 -19 6 17 -82 142 226 233 -6 -57 -138 -229 91 52 76 -30 -20 71 31 -198 -26 -185 -53 -164 173 176 119 145 -51 -85 -4 -79 -213 -44 -183 -191 82 -239 -197 29 104 -120 -45 -232 -69 -237 -211 -231 154 32 -61 -103 -236 243 114 147 -35 102 -116 20 -184 -108 -38 -93 68 199 -166 -187 -173 -59 -228 -123 23 -175 -160 -217 144 135 -221 -10 192 18 -165 106 -112 -18 213 180 -220 189 -49 -144 -139 -52 99 -205 127 27 -192 -70 72 134 -129 79 -143 -149 -226 -15 -88 -75 239 -115 170 -66 -34 146 -168 131 89 21 48 -50 -33 51 65 26 -54 -14 115 -106 110 169 195 -124 225 241 5 162 -86 122 -142 187 193 101 -133 86 155 42 -204 201 -157 -153 209 245 -13 -224 10 196 230 -241 -89 237 212 38 -209 -24 67 -170 -125 -196 -195 113 -162 -62 -146 202 -218 -78 -245 -113 161 207 -156 105 43 -210 -37 137 118 -58 -95 -155 235 -28 -208 57 19 -234 -94 -219 246 129 -206 -68 39 -127 -80 81 -250 12 -214 -158 -189 -119 -64 164 63 -126 124 -29 109 182 208 -77 159 -131 -174 -7 75 -90 168 190 1 152 -48 9 83 224 149 -176 90 -102 
TEST 121 ARG:18 145 195 -128 86 -167 -217 -58 -53 249 -147 -18 -200 -103 -245 -92 -187 -224 109 -85 134 -129 112 51 123 174 -154 228 214 -6 14 -207 -238 -143 80 -78 -106 -127 -138 247 90 72 240 173 -13 -155 -123 -213 -11 42 217 44 235 52 -149 -198 181 99 -201 102 -165 -110 12 138 163 -22 -184 -248 63 -29 154 -189 20 48 179 21 110 -19 -250 -145 57 159 -152 -30 100 162 89 -45 -20 -109 26 -70 120 149 -100 -190 -33 -214 -77 114 -41 -188 25 180 231 88 -148 122 164 -3 98 61 78 146 -124 161 233 65 -42 35 -202 83 -221 96 101 116 155 -247 238 34 -59 -162 43 121 208 -90 29 58 193 -137 199 227 0 -144 -71 220 67 62 -52 -51 -142 -153 -234 -55 -156 203 -140 172 -132 201 137 236 -180 85 81 -223 -230 209 -35 -163 79 22 91 221 232 -25 132 207 13 139 -249 156 194 -194 33 59 -125 41 237 -236 -56 219 135 150 -183 106 -222 -27 -81 -206 -136 -101 74 -116 75 -240 49 -244 73 177 243 175 -75 -80 224 -169 -104 -215 -141 9 -76 -216 40 -54 190 -95 131 -23 -98 56 -69 -175 119 -120 3 104 19 151 -168 53 147 -232 2 117 45 -97 36 196 198 185 -86 -205 -67 -212 -112 -228 244 -133 -61 38 -115 -62 222 76 170 64 169 -135 27 189 188 -46 5 24 166 113 157 -89 77 70 -57 -150 -161 66 11 55 -91 -73 -96 30 93 -181 187 -66 -94 -15 242 -7 -195 47 -16 -231 213 -226 246 126 -177 -72 -203 -10 192 -157 -130 165 -242 -208 -119 -173 125 202 -83 141 -220 31 -84 17 39 230 225 -171 -235 69 87 6 -24 -241 127 54 212 -185 -172 -43 -31 107 -26 211 -134 -178 -36 142 206 -40 152 -32 46 -209 216 -131 -39 197 -48 -117 60 -37 -28 -47 124 16 -225 -176 -211 191 -126 92 -151 167 -219 234 1 4 -88 -196 -121 71 -4 -118 182 68 -49 200 -122 97 -114 229 -170 82 -82 205 -210 -179 105 241 -63 -79 8 -246 248 -108 -186 -174 -12 -21 -164 215 226 94 32 153 -192 -87 -60 50 7 218 210 -8 -227 168 -159 -233 -199 -44 148 133 -197 -64 28 -93 -160 -191 -17 -113 -2 -193 -9 204 -243 37 -14 -38 -65 95 136 158 108 223 -107 84 -5 115 -204 -68 -34 -105 -229 -99 111 -50 118 10 103 176 128 -239 15 -146 239 186 160 -218 245 -158 -139 -237 -74 183 140 129 -182 -102 178 -1 23 171 130 184 143 -111 144 -166 
TEST 122 ARG:-55 -33 -225 209 74 133 245 -11 248 -212 -24 -81 149 168 14 64 68 -168 -3 174 159 216 107 4 235 -67 -176 -73 -72 -142 35 92 182 -100 152 179 119 -1 94 82 241 -146 3 -214 122 -218 -191 -229 -119 -95 147 -129 -26 -147 -39 175 190 -45 -207 -122 -71 -155 -29 246 -137 -150 223 -92 -243 -227 156 66 -19 220 153 -242 -38 29 -87 -199 79 -76 6 110 73 126 87 132 22 0 -200 -245 240 58 211 33 -52 -20 118 203 207 32 -135 13 163 69 -149 -136 88 -180 -210 215 -233 -166 108 -40 -173 210 -35 229 143 -158 116 61 -178 -190 105 -69 201 54 -64 125 2 -161 -192 -128 189 -98 -250 -103 -23 -219 -12 -111 -132 -164 -131 30 -209 -50 -240 76 172 -27 -213 -59 -88 44 -105 -86 -30 12 -127 231 173 -99 109 89 19 -32 167 188 -115 -57 198 -125 48 86 -44 -151 -51 -68 -102 206 -104 57 218 -204 -107 51 111 217 -41 158 96 28 151 -22 -75 -84 181 15 -117 83 184 -202 -108 139 -14 214 -234 -61 102 127 183 37 45 -211 141 243 85 -179 93 202 237 99 24 236 103 -18 8 129 230 -172 -134 -223 -58 -216 186 -2 -5 242 -8 -63 -246 21 -221 62 26 -226 43 205 187 -114 10 23 65 161 17 -232 18 7 -66 -201 -189 -228 95 226 46 -62 -113 157 11 -85 -118 138 -183 -194 137 208 41 185 -77 -91 90 71 80 160 140 -48 228 195 49 225 193 -78 -196 130 -163 -65 77 -123 165 -140 -16 -159 -6 -17 -193 47 1 -239 -7 -94 200 -230 -141 -28 100 -4 -9 -156 53 -215 78 -248 -224 -126 -97 -184 -106 131 -74 -90 191 -244 84 112 145 -53 56 204 72 50 34 -49 136 227 194 -42 213 -238 164 25 81 117 -109 -46 192 -153 -197 -138 -54 212 9 -170 -222 38 -249 -182 -144 -82 59 97 16 39 121 238 -220 -165 -112 -34 106 224 67 -186 221 31 176 -13 135 -154 -15 52 -175 146 -89 -37 -174 -56 -208 150 5 -145 -60 -205 171 -120 -187 70 247 -160 -124 232 134 -25 -169 -139 -47 -36 75 -237 -101 -143 177 36 -133 -247 115 196 155 -181 113 144 -79 -148 -110 -70 170 239 104 123 234 -121 -152 40 91 -231 222 114 -198 98 166 -236 63 -83 219 -31 -241 101 199 -157 -162 178 180 197 -43 42 249 -116 -130 142 128 244 -177 -188 -185 -96 27 169 148 -167 -195 154 -171 55 -235 20 -203 -21 233 -217 -93 60 162 -10 -80 124 -206 120 
TEST 123 ARG:-163 129 83 182 137 199 -153 -165 0 -18 193 -131 -195 -146 -222 -182 240 -127 -155 51 -168 -172 -78 120 -223 -161 -245 -180 -58 -54 -62 200 -110 -204 -99 -2 23 -128 46 -149 87 -224 14 -244 -66 82 -34 148 145 59 -184 -70 90 222 197 239 -114 -231 -77 105 -243 -193 -158 109 -35 104 -207 121 149 170 -154 147 -60 -218 -64 -97 -81 -68 78 93 132 -113 -240 -167 178 5 -93 -75 198 -202 -197 -216 233 183 -169 196 206 -212 -209 191 62 52 -86 -48 172 -80 -236 179 81 241 -166 -122 13 -20 66 43 -91 -9 -103 216 -200 184 242 65 213 -41 17 -102 75 -129 -232 209 -227 161 28 -16 226 -40 -87 -13 -190 -10 223 11 -249 -196 64 56 -33 204 -176 103 123 39 -36 -83 107 -61 18 -92 -118 -25 -220 -183 215 243 -6 166 -14 79 -235 110 45 -26 -139 -4 96 -7 29 -198 -116 -162 1 210 22 30 232 -140 -234 55 -28 203 -214 113 -132 -201 77 33 -211 47 -226 -178 -208 -136 169 89 44 -22 -32 -191 -150 -233 -142 164 138 31 155 -123 -67 220 41 133 -96 235 -188 -107 119 76 125 173 84 192 -24 124 -38 150 -246 73 236 187 71 -8 154 -49 -134 -247 -181 72 98 -74 12 -101 15 -15 40 -89 35 -69 -124 32 38 195 214 26 208 16 136 115 49 -219 231 -120 -119 219 -138 218 -43 -238 -192 -170 -1 237 -73 -112 114 -46 126 57 144 36 249 -141 -189 6 -56 177 97 -217 135 229 102 -47 -151 -164 245 -37 -88 224 127 -133 -125 246 -55 -108 -239 189 -71 -115 171 130 -215 -210 -205 60 176 -111 194 -135 141 -179 92 158 -228 -39 -185 -242 -17 175 -171 186 -29 108 118 42 2 -147 207 -160 -157 -84 227 248 -105 205 152 -187 225 -137 74 106 143 -229 112 -230 153 70 -159 212 86 -177 -206 63 27 100 -85 -94 -12 101 202 -194 238 3 4 165 85 -52 -98 131 -3 -65 -186 230 111 19 8 -45 69 -30 -90 -82 244 122 228 34 168 -95 61 162 -130 80 140 -79 -173 -57 -19 157 -59 -44 58 167 -27 247 -237 160 91 174 95 10 -31 181 21 234 -126 -213 -152 -121 -174 163 -11 221 -250 9 7 24 -109 25 -51 185 -21 -5 -143 188 99 -76 -23 -106 180 -221 -199 67 54 -248 -203 -117 134 -225 139 -156 20 88 201 117 94 128 -145 68 -100 -53 -241 -144 -72 217 142 146 190 -63 53 156 50 151 211 -148 -42 159 -104 -175 -50 116 48 37 
TEST 124 ARG:1 -117 -87 -113 244 249 -127 -197 -138 114 -120 168 13 59 -223 195 -211 47 183 -198 -225 224 -77 -213 -133 -55 131 -73 -3 160 -11 -93 -123 -178 -157 -189 0 98 3 -67 -82 128 -187 -233 -141 232 -116 8 -111 -37 196 -106 184 17 130 -173 -241 107 103 -151 172 -110 74 46 -64 116 97 179 -2 11 22 2 -46 214 -9 -149 16 29 -183 -215 -190 138 202 -234 216 10 -70 15 -227 215 182 -222 -62 -104 19 -244 -193 188 -48 -130 -137 -214 -41 -153 247 235 186 43 248 -168 39 205 -201 212 21 149 33 -146 54 99 174 171 30 89 -128 -102 35 -1 -125 57 -103 -112 -84 126 165 -47 71 -169 229 83 -83 241 -90 112 -174 152 34 -107 221 -17 -167 -238 53 -162 225 -129 -172 -143 102 135 -57 245 111 -54 -65 222 139 -101 91 24 25 84 -86 170 -226 26 65 67 36 -105 73 28 92 120 -182 -69 76 189 -58 -206 104 187 -184 -25 -26 143 82 85 238 -147 -136 88 93 134 -250 -22 -13 60 -171 -16 -94 42 -74 -216 -38 194 -209 -221 175 -79 87 210 49 -194 151 -114 -89 118 -60 233 -52 -4 -210 -199 -237 243 -78 132 -53 -186 40 -163 185 -230 100 166 137 156 -28 96 -235 129 -243 141 -204 144 -91 -180 -224 -39 239 191 101 -85 -185 61 -248 -242 181 142 64 -219 161 -109 56 -247 80 113 -34 48 217 -61 169 117 -161 105 146 203 153 198 -45 50 -229 -31 178 237 -99 -8 -80 7 -63 75 193 -115 -158 -36 148 51 -30 176 -5 -131 208 -220 108 -191 230 95 -205 -23 -232 164 14 18 -33 -35 219 150 -145 124 240 6 192 -246 -71 -59 70 -75 58 68 -231 -135 -49 158 -152 197 63 122 -18 -202 45 -196 163 -98 -21 -132 228 199 -92 -50 -240 -156 -43 -148 44 177 86 -208 155 -176 -81 -95 106 -42 -100 213 -144 55 -96 -29 119 226 236 -88 79 -217 -6 190 66 204 -66 -192 200 220 157 -142 218 -228 -170 32 227 -32 -207 -97 -236 -118 -150 -245 -212 -12 81 23 94 -20 27 173 109 136 162 -10 9 -181 37 242 145 -249 -124 -24 62 207 -160 -166 -56 -140 -239 110 -164 -195 -44 121 -134 206 20 -165 147 -139 -200 -76 12 140 231 -121 -177 -68 223 133 -51 72 -188 52 -218 234 167 125 78 38 4 123 246 -179 41 -119 -72 127 -19 -122 5 159 201 180 -108 209 -154 -14 -15 77 31 154 211 -27 -159 -203 -40 -126 -175 115 -155 -7 90 69 
TEST 125 ARG:-215 -24 -34 203 79 42 226 -128 -103 137 -147 52 49 188 -102 215 -241 -20 -166 158 -142 85 230 -156 56 53 -56 83 89 -123 -27 149 -105 -225 154 -29 20 -11 -91 -227 -143 -239 -43 -235 -50 -133 172 117 104 86 -146 30 153 -136 194 238 -36 -64 231 -117 186 198 32 -186 -208 130 -132 -164 -162 -94 -81 -130 206 -46 151 -37 223 145 40 5 -3 -10 71 129 139 -6 44 211 122 82 -242 -183 -62 236 -31 80 7 -178 -195 -175 84 -90 168 1 182 -7 -194 -106 -163 2 -204 -161 -228 -109 78 127 244 -129 -207 59 -240 246 -86 -145 -23 176 118 -66 248 -217 110 102 -182 -154 97 -110 217 -137 227 241 -58 -49 135 187 -213 239 60 31 18 -78 100 92 115 -79 -134 216 93 33 -35 -96 -2 -187 25 74 81 -197 6 -100 -247 -173 143 160 76 -181 -107 -122 64 48 -59 111 147 164 -151 -179 -112 177 -126 9 -210 16 173 185 -177 -95 196 41 210 178 -159 -57 195 -155 -127 -74 212 -53 222 103 58 -14 128 -141 -68 -157 134 45 12 -250 156 -72 142 39 163 43 -38 -202 224 218 -93 -198 -5 -99 -32 -248 50 -18 112 -171 148 -75 220 88 -233 -47 -15 -193 28 -150 -98 -131 -1 27 -139 -4 -224 -41 116 -234 -30 -16 -169 -28 -121 109 180 -214 150 -249 -153 95 -12 13 120 -26 -246 162 -111 94 170 -158 171 166 3 54 66 65 200 90 62 197 165 113 138 133 240 234 75 -124 132 192 -55 37 -138 -42 131 157 -212 -118 208 169 87 14 36 -77 98 70 -185 99 -236 124 249 -148 -89 10 -200 -188 179 -92 -196 11 -104 -119 235 23 4 8 247 -25 -167 -244 -108 -184 175 67 15 35 -51 105 213 -221 136 -52 -8 181 106 -205 -116 167 -114 -170 152 -60 199 -63 26 72 245 -168 -140 -211 -209 55 202 -97 46 -160 38 -189 -84 183 63 -76 -174 -39 191 -9 214 146 201 -220 -67 101 232 0 209 126 -88 -223 -226 -21 -222 161 51 -201 -229 119 237 207 73 -219 -87 233 107 123 -232 61 24 -44 -82 -192 17 -218 -216 -19 114 -85 68 21 243 -33 219 225 193 29 -22 -245 242 96 77 -69 47 -115 140 -120 189 -80 -231 144 -125 -61 174 108 -54 -203 -176 204 -149 -199 221 -45 -113 -243 -135 -70 141 -73 -17 -191 -190 -172 121 -65 -180 -101 228 -152 155 -83 -238 -40 -13 190 22 19 -206 159 125 57 91 -71 -230 -48 229 34 69 -144 205 -237 184 -165 
TEST 126 ARG:-241 76 -201 -5 -15 -153 -211 64 -219 34 221 -179 -51 -147 -105 -21 41 -161 -189 -199 -121 118 -140 -119 -109 -222 -31 183 -82 -200 134 58 9 -8 -213 87 114 -10 -217 -198 225 120 26 103 226 217 135 -101 236 216 239 201 45 21 82 119 -78 14 -215 147 -142 182 -156 -134 -43 -53 -229 78 107 86 79 -135 -172 -210 180 162 -27 -94 -250 -92 -33 -157 169 -244 -192 -220 31 -17 75 -102 -30 199 100 -197 69 124 3 -62 227 65 -203 -81 -50 -28 -144 121 104 -209 -48 71 -193 -207 175 -132 -235 149 -113 -164 -171 -104 142 -57 -110 -166 -174 -214 -9 156 94 93 243 -238 148 -115 81 88 25 -160 196 -111 -29 -42 212 -225 95 -3 144 -173 84 -26 20 -245 67 -106 132 181 15 249 190 -35 70 -233 -218 -122 -108 1 -52 -11 -83 -165 -146 -154 -59 -139 237 152 213 234 -136 -149 127 96 -224 106 -68 -246 -186 -93 13 17 -97 -72 -19 22 -195 -227 -133 -22 -249 -248 205 -130 -80 -212 238 108 153 48 -116 -168 245 -77 194 -40 -87 8 -74 98 -6 99 -162 -70 -86 220 74 140 -151 52 235 -39 23 -170 30 141 63 219 -183 -49 -176 170 91 191 230 -25 233 2 184 126 -188 68 115 -45 11 -143 97 -148 16 -89 -14 -239 200 59 73 -100 -114 -4 109 29 27 -177 159 -36 150 -120 24 185 60 -1 -79 -13 -125 160 40 137 -152 -69 168 83 240 62 -54 209 -107 197 198 203 105 49 178 -137 -112 246 157 -202 186 -216 -155 5 171 -65 6 -64 37 -126 172 188 229 -124 -158 55 195 101 0 -76 57 111 4 -234 77 244 -58 -18 50 -182 228 -44 -159 -103 151 47 -206 53 80 -191 28 -243 122 187 89 173 -190 -117 -169 -71 110 102 -240 -145 -150 176 51 -90 -73 -236 66 -223 215 -20 161 -56 -75 165 -16 -24 -85 -23 202 -237 -184 -7 189 -60 19 -47 72 123 90 -247 85 -187 39 -61 -228 -167 232 -180 224 145 -55 -196 154 139 158 -98 155 231 248 138 146 36 210 46 -242 -37 -96 -118 -99 -194 -175 166 207 130 -127 117 -95 -34 44 128 -226 214 7 -208 133 -230 129 116 -67 204 113 131 10 -181 208 12 193 -205 61 218 -38 42 35 -138 222 177 -232 167 -12 247 206 223 136 163 -46 164 -204 -131 192 -128 -91 -231 -41 -141 54 241 33 -129 18 -2 -32 56 -221 211 43 -123 143 242 125 -163 -63 -185 92 -178 32 112 179 -66 174 -88 -84 38 
TEST 127 ARG:139 133 -70 -74 -36 -17 115 244 27 -73 32 98 120 238 -168 -118 -86 -218 83 -231 201 -249 -136 138 -216 -114 -115 229 216 -8 -167 150 23 9 64 178 66 -18 22 -181 -69 -49 -141 230 54 -233 -243 6 -105 -225 -150 70 85 231 -77 -241 82 -75 -196 -191 -50 107 84 -12 180 -78 112 43 -87 68 -146 -180 -79 -84 75 223 143 67 90 164 103 -2 246 186 80 13 -56 77 -71 -113 40 -148 -13 116 189 -144 15 96 -240 100 110 14 -103 224 195 76 156 212 106 -121 79 132 185 -155 211 -182 -185 41 71 -53 26 -111 134 -1 245 -174 -62 -211 182 -193 -25 197 -27 -32 109 113 249 -47 58 78 36 165 -24 -72 52 114 -55 -227 -165 -40 -45 -224 -156 248 -235 177 218 -21 -92 151 237 47 -104 210 -208 -246 -68 179 213 191 10 -242 -122 199 -188 -178 243 33 72 205 214 -201 55 35 233 -222 -213 34 49 -51 -60 -214 29 232 87 -119 17 -187 24 -116 42 226 -91 73 -194 123 -7 159 -160 -109 -19 -54 91 7 44 162 -230 215 235 -140 -189 11 102 88 -76 -83 152 -117 -131 -34 -20 184 -221 -134 119 -28 -237 62 -217 -229 108 -164 -209 -163 -82 -39 51 149 130 167 153 173 -106 99 45 -130 202 -154 -175 57 127 -199 -88 46 -212 137 -179 -132 222 -205 -195 -102 -138 25 38 -127 -145 -176 -30 -41 187 -46 124 126 166 148 -152 39 -143 48 158 -161 -124 146 160 20 -108 -158 -94 163 56 -204 -170 3 86 240 -6 -48 -97 -14 141 -58 30 -64 -172 176 59 131 206 105 128 -29 -43 247 -162 228 -120 -210 -3 -123 -125 -166 -11 1 239 196 -190 101 174 65 183 -206 -197 161 -85 -66 -10 -99 19 -137 171 -22 -250 203 31 -232 -147 129 155 4 175 198 -26 142 -157 204 2 -35 -112 135 172 -96 89 -247 188 -44 -9 -186 -133 -153 16 157 168 194 217 -142 -223 95 -184 147 -4 -110 -198 144 -31 104 -128 208 117 193 -239 -149 74 -5 -202 -226 225 -67 37 -65 -81 -98 -238 136 -38 18 94 -129 69 209 220 -183 -171 207 -236 121 -151 200 234 -177 140 97 53 227 -126 -100 93 -90 -101 190 12 -173 118 -80 154 -234 -93 192 0 21 -61 -15 8 181 -63 -228 236 -16 -139 -169 242 -203 125 92 -248 5 -219 -192 -244 219 -59 -200 -95 170 -220 50 -135 169 -107 145 -57 -42 60 -89 -37 -159 28 -215 -52 241 63 -23 -207 81 122 61 -33 221 111 -245 
TEST 128 ARG:-123 -48 -247 221 43 224 142 181 48 -189 -185 -188 144 -205 -144 -149 150 -22 26 -133 220 98 113 -65 71 -243 112 -66 5 -27 -181 249 -219 229 54 -89 167 -226 122 -222 216 -125 -155 -221 -211 -191 -177 40 49 -200 -16 -138 -13 -19 -46 217 32 -108 12 34 93 -85 -207 81 180 -215 -186 -152 -84 -35 -167 131 135 41 -235 121 154 132 242 166 -119 146 -36 -62 -238 -162 201 -198 169 164 -25 152 6 117 173 50 225 -10 -5 222 45 -210 -64 -135 -193 136 236 204 -3 170 243 115 -12 -82 85 -136 78 -86 86 -245 -58 58 -237 60 148 -174 30 -246 193 -93 -234 -151 159 -61 -216 -229 -98 -190 133 190 -159 -183 2 -41 126 105 95 239 119 124 -18 -1 118 -99 -137 62 -228 -9 104 14 65 92 -77 -11 -197 147 215 145 72 13 140 -201 -113 -158 128 -156 182 90 -118 244 234 -166 -202 55 174 139 88 188 172 186 212 -69 226 -76 156 127 52 -91 67 134 -143 0 53 227 -42 -160 149 248 -154 -214 -30 -184 246 -145 75 -28 -78 165 -33 4 219 199 97 -7 241 -20 -115 116 -34 -32 -87 -170 -194 -106 -14 209 25 102 -217 -39 -179 179 -88 198 76 -249 176 22 70 47 238 -112 -161 210 -75 -169 -127 -109 160 -139 -168 -231 -38 -96 168 108 -150 -104 18 -163 57 -204 -49 -45 -171 -187 8 -134 -195 223 100 -173 -44 161 205 11 -240 110 -233 130 178 68 20 35 211 228 -23 -60 -114 -15 66 46 237 -47 103 -37 -172 69 106 233 96 -124 -206 -67 -244 39 111 -126 44 -220 -121 -51 -192 84 -21 141 -97 -100 -103 240 16 138 -131 -232 -29 -176 59 77 -40 37 -31 -208 -203 -50 -236 -54 -24 51 24 89 184 42 114 -148 -2 129 -102 192 -107 10 -111 -213 56 157 162 3 231 155 -72 187 -4 99 -122 214 153 19 -199 64 -73 -43 -92 194 218 177 -63 -140 -17 -53 101 -105 107 137 -157 235 -81 61 -130 -230 -223 -212 -175 197 80 -95 9 -225 -110 -120 -250 -8 27 -196 33 -239 -57 158 245 -83 73 195 82 163 232 7 171 -178 87 -180 196 -209 94 -146 203 -164 -55 120 31 -70 200 15 -142 -94 -153 63 -242 -59 -227 -129 -165 207 175 -71 -52 -101 38 -26 151 -68 206 247 -117 202 143 -6 -182 -128 208 28 -90 17 191 230 -79 79 -241 -56 91 -218 83 23 185 29 -224 -132 1 36 213 -248 183 -116 125 123 -141 -80 109 21 -147 -74 74 189 
TEST 129 ARG:-82 -36 -54 -98 -137 -72 215 -63 182 -140 -65 152 107 99 -80 -166 2 -33 -237 85 -159 88 98 82 -146 39 -218 213 -115 -74 -11 -248 118 -147 29 112 -128 194 105 -249 52 106 206 -222 209 28 -197 13 -200 225 14 -41 245 -58 26 145 -22 -193 217 -12 228 138 76 -152 246 198 -130 8 101 -185 -86 113 231 -62 7 71 90 -42 -100 104 -10 -229 -97 247 244 55 11 -106 32 12 -241 -233 96 -89 -23 -76 -96 132 53 181 66 229 133 -46 -209 10 102 46 -118 173 160 -17 230 0 183 234 9 -81 -184 115 -127 86 -170 17 -47 57 -195 -188 -171 -105 33 248 238 -124 74 -39 -61 -223 116 178 -114 21 110 147 211 -183 -224 212 -225 -27 -25 163 -21 75 22 171 207 119 170 94 150 -178 154 -69 184 237 161 -213 -202 70 -189 -194 5 -227 93 124 65 -133 -136 -129 -243 -172 42 -108 97 -55 131 -174 47 -103 142 -173 168 -135 197 4 -78 192 136 165 -148 -157 -31 -35 -8 243 92 -77 109 16 -138 -4 -13 -102 201 -117 72 -29 -179 -150 58 143 1 -32 95 -198 -246 -143 40 79 -95 -84 -85 202 158 -247 210 242 -71 83 -217 -169 -149 63 -212 -93 -60 24 191 -122 166 241 27 159 -110 162 -6 -132 -228 -16 61 -37 56 208 -161 -49 203 227 -245 -20 -192 141 224 134 51 50 -79 120 -112 169 121 81 -24 140 -50 223 172 -59 -15 -236 108 -162 103 -167 157 195 -57 185 139 -207 41 216 -221 -3 -151 218 -92 249 -87 -216 44 91 49 100 -186 -141 146 3 122 -153 221 -232 -165 -120 45 -205 -52 -91 -164 -175 -203 199 -64 37 233 77 -116 -142 -145 -9 54 59 174 -51 -210 73 117 -2 38 34 -75 -123 -144 235 69 -158 -18 -211 180 -231 6 84 -26 -30 -191 -176 -40 -196 -5 -14 -177 188 -154 -119 -181 15 -208 -204 -107 204 68 148 -131 130 -73 196 123 -7 -238 -101 220 151 67 -43 -90 78 -155 -230 -182 222 200 -226 214 144 -168 -163 240 -70 -99 19 -56 -45 128 129 62 -104 -125 -83 -68 64 -187 226 -53 43 114 187 20 176 31 -139 111 -234 135 -88 -160 -134 35 193 80 126 149 -244 232 -239 205 18 -156 -34 239 -214 -44 -1 -242 -48 236 156 189 -109 25 190 -206 36 -220 -121 219 127 -19 -199 -126 -240 -219 89 -111 125 -201 -235 23 186 -67 155 -190 -38 179 -94 164 -215 60 -66 153 167 175 -28 -250 30 -113 48 177 87 137 -180 
TEST 130 ARG:154 -227 -50 -33 -95 235 -113 -206 -43 122 -73 19 -19 24 -151 -228 -99 9 52 -224 11 -10 61 13 201 -161 -219 -56 -9 -70 -79 -23 -124 169 21 205 -146 -91 183 -62 -225 80 -7 159 87 38 88 115 -111 -108 76 187 227 -198 211 231 133 233 228 202 48 -242 -14 -3 180 109 -68 131 -177 -229 -90 -207 164 141 -166 243 63 103 -232 46 17 -18 -240 -76 -172 0 -120 158 -30 113 31 -115 -97 -142 -129 60 -164 -230 -154 -69 85 -238 207 -147 116 45 -107 -157 -87 -241 -153 238 -186 -119 -40 166 -181 -169 -178 199 -75 175 66 -27 91 -46 161 58 -214 -15 25 -158 140 -233 -81 -114 95 100 50 -57 15 -34 -180 -197 -247 -44 -2 -24 -210 -32 155 195 -173 -13 -168 -139 14 108 -20 78 249 -159 27 -187 54 196 90 192 -243 118 -51 -216 236 7 -231 165 -208 209 146 -41 130 -16 69 102 -191 -246 -45 -112 208 -135 198 -249 -28 -55 170 218 172 152 234 114 239 173 123 -235 216 220 182 -136 -42 10 32 -212 -170 -215 -150 128 203 73 -162 -71 -222 222 121 -163 -6 34 -218 188 33 149 241 -121 178 79 248 -1 -137 22 40 -193 59 217 214 36 -106 86 144 67 -8 -12 6 -21 184 -182 72 -184 -213 -140 53 41 -38 -100 -149 68 212 81 -60 -190 -123 -4 134 -59 127 242 -25 -35 70 16 20 2 -5 -156 -116 163 129 -194 210 137 111 -48 -78 171 168 4 -199 219 -245 -221 -155 -53 190 -96 -196 -217 138 104 26 -237 245 142 -104 94 37 -165 223 143 -131 -145 -220 191 -84 145 117 -202 246 -175 244 89 93 240 -98 -102 -192 -132 -74 176 -138 65 -209 84 -77 139 57 -26 -80 -29 124 98 5 62 186 -248 -223 -244 -127 148 -36 181 -52 -110 -185 135 -189 92 -179 18 -143 -236 71 96 -204 30 224 193 -72 -183 106 75 42 189 -86 206 -171 51 8 74 119 -239 200 -63 167 -250 232 -103 125 -176 49 -200 -133 -226 -37 -105 97 23 179 -31 -47 -144 -167 12 -109 194 101 -85 -67 77 -188 204 221 56 213 -65 247 -195 3 -148 -141 -64 132 -134 -117 110 215 185 162 -118 -201 -61 28 -101 47 82 -88 -92 -160 -234 -152 -83 44 151 -49 43 -125 136 126 226 157 -89 35 64 -128 230 237 -126 105 -93 120 174 150 229 -17 -94 -82 156 225 112 -211 107 -205 55 -174 29 99 -58 160 -11 1 -130 197 -203 147 -122 177 153 -66 39 83 -22 -39 -54 
TEST 131 ARG:171 -218 -59 -76 -79 -16 -73 -230 3 247 -126 143 178 -195 -128 -93 85 74 -23 217 220 -14 78 -149 -159 -8 52 -205 38 -134 -26 152 -142 49 -208 -109 36 243 -212 25 -80 37 -249 -6 56 169 -216 58 -68 144 51 -202 -85 42 206 -189 -185 -187 200 -98 21 -231 20 89 -200 105 -22 -226 -151 95 172 224 139 31 244 5 -60 150 -63 -56 -37 -21 236 -127 47 199 191 -225 -46 155 -1 159 -100 -229 186 -117 -94 -102 226 -18 44 121 -15 -198 -148 11 223 -55 -113 -33 -240 -171 -201 15 59 163 -169 -217 -236 -242 77 141 64 -131 -161 54 -122 -4 -176 86 -19 100 166 160 34 175 -144 -3 185 98 -123 -160 -32 192 104 -57 -20 -54 -105 -157 -224 124 -27 218 -162 99 -17 110 -138 -78 -53 66 -221 93 60 205 233 48 94 -154 214 8 10 -152 -129 -197 4 132 -141 27 231 102 222 39 -140 -181 183 -172 198 -103 87 -143 -213 164 -246 211 -110 194 184 50 -111 79 114 -146 -65 -203 -137 -5 -7 126 -241 -183 -155 209 -204 151 -194 -232 -186 210 202 122 207 17 -233 173 137 232 65 -178 119 113 -38 70 -87 147 221 162 -52 170 248 69 -245 -34 -214 -2 -210 -184 -234 -48 -91 -96 -175 230 -89 -119 -84 216 146 -67 -66 80 165 187 -9 197 177 -35 33 90 241 -118 75 -150 -108 245 118 228 -180 142 -40 12 -207 40 -247 117 -114 -174 -219 41 229 -199 215 -25 -81 0 -211 28 -237 -193 57 111 68 -250 -71 203 -64 76 82 204 -83 -124 -11 156 -238 -173 -188 238 129 -168 225 -167 115 -86 107 -164 24 145 242 -196 158 -51 -13 -179 14 249 -165 35 -177 91 -29 134 -24 108 -182 81 -235 -136 193 43 -106 -92 71 130 -239 1 83 103 -50 174 9 -215 140 109 -43 157 -112 53 -132 -74 -69 237 -130 -191 -62 -156 13 23 212 106 -192 -58 -228 -166 -147 179 167 2 128 190 84 7 -243 127 29 22 -75 189 6 45 -45 72 213 -36 -97 -77 182 133 -206 -10 235 -190 -139 61 67 201 196 -88 -244 16 -42 -70 73 -223 -101 -107 -90 -222 18 -121 97 208 -220 168 125 180 -44 62 -116 -135 -145 46 135 123 -158 32 -170 -41 112 -104 -99 -95 -12 -209 161 227 234 -61 -133 -47 55 246 136 -120 239 120 176 -39 88 96 -153 -49 92 -28 101 181 -125 30 154 148 -115 -72 -227 153 188 -82 219 149 138 63 19 -30 195 -248 131 -163 240 116 -31 26 
TEST 132 ARG:173 75 32 -47 56 -21 93 44 -203 -73 48 -41 -50 -231 118 6 66 -212 -53 36 -35 126 212 -101 -24 211 -233 -61 141 -28 -4 -46 51 82 153 -42 168 166 193 -228 -225 59 107 -122 -3 188 -176 -172 24 88 225 217 58 45 151 -154 -5 237 16 -234 69 183 -98 213 214 -244 -91 167 71 -214 86 22 -84 159 -189 97 84 11 164 -8 106 -221 123 249 -219 -177 -168 -182 113 160 -237 -86 -173 -113 -235 -167 -163 10 -161 -63 99 122 37 181 194 78 -170 -108 -43 133 -65 232 -246 190 25 218 -211 221 -83 -215 -100 0 -193 92 135 -166 158 228 43 29 39 169 -226 -26 -125 -130 134 -106 -217 -6 -17 -66 238 98 -198 -58 -138 -147 110 -69 246 -104 145 115 226 -151 -97 -241 143 89 234 -120 150 -49 -39 222 38 -205 -33 74 101 114 132 -45 68 239 41 127 -37 4 -77 2 112 -40 -197 -51 171 -247 94 216 137 109 -82 15 -56 -78 -123 -27 -132 23 240 210 -111 -230 -149 47 -55 200 18 -137 140 223 243 -9 129 57 152 124 206 -207 91 224 178 1 -96 131 53 -185 242 67 144 3 162 -2 -140 197 198 186 62 -70 -160 9 95 -195 -126 -158 -128 230 128 196 52 -110 -245 -178 -222 205 -112 -80 -238 -131 17 14 50 247 80 -121 142 203 -194 85 -184 -213 138 -190 -248 -157 -95 21 -196 73 61 199 -144 -208 -229 -201 -186 185 -34 -62 -68 -15 -223 -139 -29 -129 147 -59 165 136 102 163 -72 -87 20 -141 55 161 -99 79 -118 -71 -18 -105 -209 207 40 63 -119 54 26 -162 -127 -31 174 -136 -44 -165 175 34 233 -11 108 229 -188 -103 60 204 231 -14 195 -76 245 146 96 -249 -240 248 -135 177 49 227 -134 155 83 -64 -88 -89 90 -143 191 105 -180 182 -171 8 -243 -74 184 -85 -174 120 -93 209 -153 139 -67 -142 -133 -16 -115 -13 -20 244 -32 -232 -124 -145 -227 28 33 -175 65 70 -242 -48 13 236 -159 156 119 5 170 154 148 -210 -19 -191 -7 -60 111 76 176 -199 220 -152 -109 -102 -220 72 -107 -169 116 30 -187 -25 -54 -52 -79 104 -57 -36 235 -38 215 -23 -156 77 -10 117 35 -239 -183 -250 103 -92 201 87 -206 -22 -236 -148 180 202 19 219 -204 -181 179 -200 -1 149 208 46 -155 241 -116 172 -224 7 27 -114 157 130 125 81 64 -218 121 -164 -179 -150 187 192 -192 -12 12 -81 -202 -30 -216 189 100 42 31 -94 -75 -146 -117 -90 
TEST 133 ARG:-184 177 -210 -207 85 46 -128 190 -18 33 86 27 -13 -197 -202 -113 -199 -75 -176 32 -11 -62 212 -32 158 -44 54 180 -170 58 -240 -52 197 136 217 -189 150 175 -98 162 -125 66 204 172 148 -229 57 126 -77 232 -244 -241 -20 182 52 -224 138 -8 22 168 0 105 -193 222 60 216 94 161 -118 -141 47 220 141 -45 -145 -231 -246 41 166 -147 72 -86 -172 -178 -109 62 -187 -19 -192 225 247 -111 -247 -47 -226 211 29 108 87 44 2 -25 -174 149 -213 70 -2 -139 -146 -49 -112 -110 188 -9 199 -121 -181 145 92 135 -106 146 -81 49 -214 -158 207 226 163 -37 -215 -36 -92 -3 249 195 -211 -16 219 -228 246 116 147 90 224 228 69 109 82 -151 200 -35 -7 67 -60 80 -89 139 50 -51 -115 243 -41 -29 -71 48 110 21 53 -87 -50 -66 184 -243 98 -83 4 -205 201 153 -249 112 38 208 -95 205 -153 1 5 -161 93 -134 -126 -166 114 -137 102 178 123 73 221 -152 -103 215 3 192 -78 26 -104 -159 142 198 25 -65 -57 7 125 6 -237 -165 -70 -102 167 -191 -14 -142 -42 -171 -219 37 111 -168 -188 -190 -15 -122 -140 -76 -58 104 223 143 -185 -53 -105 91 63 -209 229 -180 238 169 -129 -183 218 -80 30 -160 -230 -64 -233 -43 -198 -169 -138 -55 -242 213 -107 124 -124 165 107 174 65 -155 137 20 -223 203 128 16 120 -232 189 171 234 -238 118 -97 -212 186 -245 -31 9 185 237 245 209 -173 -220 -99 127 34 -195 -90 17 -144 -177 -201 24 -236 191 99 113 81 129 -157 176 39 240 68 -24 -54 -94 106 -194 119 -248 83 -33 193 -156 235 -179 10 187 -96 194 -12 55 75 -131 -204 -130 -206 181 -216 159 133 -150 -203 -5 196 -22 -186 -154 78 -73 154 -136 -59 227 -21 23 -239 -167 179 -143 -227 -40 -38 241 -74 -27 115 64 155 -69 -221 183 18 -222 -23 156 -123 11 239 -67 -39 -4 8 -120 -164 36 -196 -79 248 97 35 28 14 79 103 -68 170 -1 -182 56 242 160 -17 -34 -28 15 77 -135 206 -48 -162 144 -88 214 -234 122 -116 -61 -46 19 100 -250 140 84 96 121 42 230 -30 -148 76 -10 -26 -208 -101 202 74 -82 164 -100 130 -133 152 -117 -72 -217 43 -200 151 31 131 -175 -114 233 59 -85 13 -163 173 -91 71 45 -84 244 -149 101 210 51 61 -108 157 -93 236 -63 117 95 -225 -56 88 -6 134 40 12 89 231 -119 -127 132 -235 -218 -132 
TEST 134 ARG:-1 -201 -37 80 -137 209 -63 -122 22 -24 -107 -235 -184 -160 122 -154 196 57 88 165 -231 -74 -3 7 -208 -57 132 169 68 -133 -16 -197 182 -214 148 -98 160 -229 -189 -228 194 87 119 47 -222 -209 216 -61 -176 -70 -130 -211 -17 111 243 -192 118 98 -129 -141 -113 181 -64 -204 -186 72 -14 -100 192 32 -191 186 25 -245 123 -213 143 104 14 -54 109 81 121 -18 -78 231 198 163 -182 219 -6 -71 233 -145 232 133 110 -27 147 248 -236 48 155 -104 -4 -40 156 207 -241 214 222 -151 -50 -238 141 40 172 115 -89 -119 246 35 152 -169 140 -183 -55 69 158 82 -156 -32 195 -173 199 16 2 91 -210 33 -46 -164 146 -159 -219 -155 -247 145 -206 -153 -72 39 220 38 -5 -33 -224 6 -68 212 -59 -45 -138 -81 89 75 124 -243 -146 -109 8 -234 -51 -187 134 -111 193 -62 239 66 51 180 -87 -216 -227 43 -83 -28 136 44 177 125 -195 5 153 -147 76 -196 -92 -149 34 200 -49 -12 24 218 188 224 -103 -157 -127 -118 240 -101 64 -56 4 162 -110 -207 144 -239 -140 -174 -202 -120 -225 -220 -131 27 -139 46 -178 79 171 9 -52 93 -124 30 -203 53 -53 -123 12 78 -10 -135 -2 19 137 -93 -73 86 225 -134 1 173 21 -240 101 95 -95 -91 67 179 230 -102 149 185 85 -67 -8 191 203 -221 -205 -116 -249 -172 -244 -193 -22 -180 -143 -165 167 55 50 -7 241 -9 244 -82 -161 242 154 190 99 -80 100 -23 164 52 226 107 -84 175 28 245 170 -198 37 120 -185 -250 63 176 -60 -31 -171 168 135 210 -11 -179 113 -39 -232 65 201 -142 -200 -66 -126 112 -88 45 0 139 -86 31 -114 -106 211 -96 -105 206 105 83 217 -212 178 229 58 235 -226 102 -194 -43 -162 213 26 84 130 54 -218 142 223 -163 131 -170 138 -125 60 -230 11 73 -79 41 204 128 106 -25 77 -190 -175 20 -148 59 159 13 29 108 221 90 166 187 23 -108 -217 -65 -166 -177 117 17 -242 18 174 -21 -158 -115 -144 61 94 -35 -77 -44 189 -248 202 -237 62 -90 -246 97 -75 247 151 -42 -85 -233 184 15 150 -215 10 157 228 116 96 127 -136 114 3 -30 -19 -48 -152 236 208 126 -199 103 36 183 -76 -121 237 -112 129 92 56 -34 197 -26 161 -181 -150 -132 205 -58 249 -15 -36 71 -20 -128 234 215 49 -69 -38 -29 -47 70 -99 -97 -94 227 -13 -167 238 74 -188 -168 -117 -223 -41 42 
TEST 135 ARG:186 30 8 -247 -154 55 202 -120 194 -223 -194 -233 -87 -167 -244 205 244 -5 -150 195 234 -189 -36 130 178 -114 41 3 -57 198 99 179 -211 -41 -140 -192 88 243 -118 -210 108 -97 235 -55 -248 77 -138 -160 44 25 42 -129 172 138 15 -133 232 75 144 -37 215 240 31 207 67 -71 -141 -42 136 -124 -38 94 -70 171 134 39 -209 -60 111 28 -121 212 -236 46 -100 63 -105 -246 101 7 149 210 6 -155 122 225 -159 217 145 -82 137 158 -250 -193 -181 -51 233 -173 -34 -94 -22 -81 -29 -127 135 -92 84 -33 -179 -163 -213 127 113 96 -139 -214 -242 -144 -182 -226 -58 -116 56 -207 -79 53 -43 -190 -199 60 109 -191 106 98 201 119 -229 37 151 87 185 -205 -4 -49 188 241 -220 9 161 -218 -25 -64 11 -1 -16 112 142 -131 -90 -206 48 -128 192 -30 35 231 86 124 -26 23 -7 -66 -231 100 213 -98 120 209 90 -115 2 191 105 -117 -137 -75 150 -136 128 208 -45 16 -95 -224 -14 97 59 152 -56 -32 -215 13 -221 154 -208 157 -217 43 116 -80 -165 32 81 -110 -93 -234 -122 -126 -171 -162 -175 -178 -52 216 52 -153 227 -78 103 164 -151 -77 117 -96 204 189 239 91 238 -74 -39 -99 82 -76 104 -185 20 230 206 50 -72 14 74 10 -12 54 115 -8 -188 -83 -123 0 -68 126 -158 -184 102 -69 -147 140 27 -177 -102 -130 -3 -198 18 -107 65 -183 -104 247 62 70 21 -241 -63 49 -146 79 -89 156 -53 -204 -46 -134 -20 -180 139 72 -17 -91 162 169 -186 -149 17 177 -31 125 -28 -164 -125 -73 133 -15 -112 -111 214 -119 -27 -86 190 141 -44 180 -101 -106 118 246 175 146 -103 -240 -212 -54 -2 -169 71 -142 203 229 187 -11 -156 -10 228 132 76 -249 -61 236 176 -113 155 38 68 4 220 131 -9 -6 -48 -203 222 -239 47 -145 170 184 224 -232 -21 -195 51 -109 193 -84 -166 78 183 129 -143 24 199 69 -62 -228 -148 -216 197 -152 -172 160 80 85 58 66 92 -13 64 89 242 45 -161 -230 -67 19 221 5 182 83 -176 166 -88 114 -132 93 248 -225 -197 143 218 147 110 -187 -59 -50 -108 -235 -18 196 -135 12 153 -196 -24 173 -168 107 123 249 -243 -170 -157 36 22 167 -200 -174 26 -23 245 95 163 237 -85 57 33 -35 219 40 -238 223 1 29 121 -222 148 168 61 226 34 73 165 211 -227 159 -65 181 -245 200 -219 -40 -201 -237 174 -19 -202 -47 
TEST 136 ARG:-162 -12 -132 100 7 224 -171 0 168 -204 -100 179 -139 246 -172 -17 -235 -186 104 140 -76 -23 -199 228 50 -107 -31 -85 -129 -4 -43 -223 -222 -49 -42 63 169 160 22 44 -123 199 -242 -126 -59 -189 210 3 239 -218 -93 -155 98 -243 38 -127 172 -195 211 -238 -28 74 -203 -120 85 33 -184 49 163 -119 91 -52 132 -20 42 66 108 173 -148 -25 80 -102 240 -71 -166 71 206 102 12 -168 216 99 -159 -5 59 162 -219 -244 -118 217 133 105 -67 -74 248 -108 -138 241 226 -245 -83 56 191 -181 -134 153 233 -180 -106 -248 -188 -165 207 247 64 -185 -3 -69 -104 -206 -164 -234 -125 -10 137 141 234 13 -19 -225 -116 -115 40 -124 242 232 -214 178 -246 213 167 212 53 164 55 4 54 185 -215 -77 -82 -122 136 -224 -207 69 208 -163 43 -79 -39 -14 111 46 20 -197 34 142 -11 -97 -94 92 -156 -142 -230 129 227 -40 -80 -35 -211 58 225 106 -136 62 -161 -24 -140 -109 52 -182 -73 30 -177 -53 72 -228 -174 126 -26 -22 -87 -196 181 -27 -241 -212 -9 -29 -143 182 15 -220 122 131 218 -1 177 -61 -170 -6 73 -50 193 -47 114 -110 -158 -190 103 -95 -144 -249 77 67 -98 -57 51 184 176 -130 18 -63 146 -111 -201 39 93 97 17 -205 194 -154 112 -60 187 -226 26 -45 -62 219 -187 -213 171 87 37 -32 -209 28 -178 -133 130 198 -18 229 143 200 121 -233 127 115 -55 118 75 -72 204 165 -169 120 -216 243 -112 -64 -121 86 196 -89 -75 -193 -157 138 123 220 109 236 -70 -137 -117 107 221 156 25 149 -200 -36 -128 -152 -191 11 119 -30 29 -91 152 201 205 -88 158 36 183 -145 45 68 -101 -90 151 -194 189 16 175 5 -8 82 117 -41 -34 96 -135 -78 -141 -21 90 -92 -210 -231 -239 32 190 -192 48 -202 -217 -54 -105 186 88 23 197 -96 -179 249 159 41 231 157 2 -173 -149 -131 203 47 79 -183 125 222 57 235 170 -48 -84 192 9 215 -86 -237 -7 -33 65 -229 245 -247 -147 -37 70 6 -44 14 -2 76 -51 -160 188 144 237 83 60 -221 21 202 150 24 -13 -151 27 124 113 -65 155 101 244 180 145 -15 -68 166 81 128 230 -150 -46 154 78 -146 139 238 -153 -167 61 10 -176 -81 -227 195 223 -16 -56 8 94 -114 214 -236 116 95 -240 -198 89 -208 19 -232 -58 -113 148 31 134 -38 161 -250 209 135 -66 -99 174 35 110 84 -103 147 -175 1 
TEST 137 ARG:-175 -236 -130 233 131 -21 173 -246 6 189 -114 -70 -143 177 199 86 101 32 62 -181 185 121 83 67 222 216 103 210 46 -241 -117 -48 -51 206 192 -152 -144 -170 -10 -31 92 54 65 4 -242 147 -177 -39 58 -210 217 212 -77 -138 80 202 -171 -47 -4 -81 -1 141 -88 -91 223 -191 169 -62 -12 127 249 95 -61 -184 57 -120 56 104 96 -124 -187 -180 -238 -229 -99 106 -65 -15 59 -8 -128 39 -127 -231 -172 198 -105 130 70 -115 -209 145 -104 -74 75 -188 -160 -100 -199 -174 30 -54 215 -212 224 33 234 -63 -93 -67 205 -28 -126 -43 -18 -30 214 188 79 -3 163 -208 -94 -154 97 22 -161 40 -58 176 5 -90 207 -204 -40 -24 -157 81 78 178 -132 -83 -111 48 13 36 -224 -163 167 108 -13 126 -192 -73 221 47 -223 100 94 84 140 200 -165 144 115 148 -201 90 160 -85 -110 44 61 -84 8 226 149 -80 -109 153 18 112 142 -228 156 239 -38 197 -234 -122 194 231 137 -243 -227 -89 -164 -249 -195 -151 -220 88 193 -219 -153 -248 -86 -60 -20 3 -148 -145 242 179 203 85 247 138 118 -206 246 128 -203 114 175 -75 -35 31 -167 -244 99 143 134 -69 23 -55 -37 -102 -23 20 -141 -168 -101 11 -27 159 -82 -76 190 -140 -247 238 164 225 71 35 1 -196 -169 181 -36 -139 125 174 201 219 150 82 116 172 87 186 10 50 -194 132 -156 245 -213 117 165 119 -106 -87 170 -178 191 98 -235 -44 -97 -22 211 25 161 109 12 -159 122 66 91 -190 -142 9 -96 195 228 28 -92 168 -119 -2 -173 -95 -179 -33 -182 -45 -137 -185 -53 -26 -205 183 55 232 102 -41 -131 68 105 7 72 -16 -240 110 -134 182 19 -123 204 -136 184 -5 -217 -11 -6 241 43 -216 124 -50 -42 -215 -98 151 -7 24 38 -34 -214 120 16 -78 -221 111 37 152 -57 -176 244 -125 133 60 15 -25 171 -14 208 236 -232 -72 -9 -64 157 0 52 -29 -149 162 42 113 -32 -226 -230 34 2 -66 -121 -183 21 89 14 -135 154 -233 -198 45 209 -193 -218 -118 227 240 146 49 -112 229 29 -222 -166 -211 73 -162 63 220 -158 -189 -207 -202 -186 -237 17 76 -147 -17 -146 135 27 51 243 -250 -116 248 123 196 -113 237 77 -56 26 41 -52 187 107 218 69 155 64 -68 -108 -59 -71 93 136 -155 -197 53 139 -200 -150 74 -133 166 -79 -46 180 -19 230 -225 -107 -103 -239 -129 213 -245 158 129 235 -49 
TEST 138 ARG:227 186 -161 -189 -243 -3 -139 -174 -235 -175 -120 -163 -35 18 150 -67 114 45 42 -60 -31 -239 248 98 146 105 14 -50 -237 -160 -17 43 228 77 19 -232 -77 196 64 247 -133 70 139 -32 -247 -38 56 181 -25 36 182 -182 202 -93 65 132 -46 -230 -68 -183 -129 -28 224 189 -143 -144 -150 63 -26 -90 144 -184 68 -191 138 218 -75 -248 -181 193 34 177 -6 -20 147 153 -103 -204 172 122 187 3 -154 191 -216 -84 57 175 -45 -4 -203 -10 92 -126 -166 44 -171 -2 245 222 53 -27 -11 164 220 190 230 16 -81 -162 159 -132 108 -66 47 -178 -195 -185 -157 140 49 -197 125 -159 -223 -170 90 -72 229 -71 -73 -155 -85 161 121 -41 -200 149 62 -156 173 -1 28 167 -110 -47 130 20 78 179 -140 -69 104 -225 -55 -63 -79 244 -213 -108 -114 -172 -8 84 -82 154 -48 -78 235 48 9 -141 -29 -112 -59 -217 151 113 238 242 166 -44 109 -105 -13 117 -137 -218 -51 -226 176 -33 -62 99 81 180 74 -23 -186 118 240 -210 -40 213 -118 185 208 110 80 -94 -134 40 22 -111 61 194 -12 -52 -113 -100 137 -21 134 -15 -194 162 116 -125 60 237 31 -244 -34 -229 -240 -130 -88 -202 -222 111 79 -249 -242 73 -173 -119 -74 46 -227 126 115 205 39 50 -61 -115 24 209 -190 -121 243 129 -245 -128 210 -124 -149 -106 -86 -7 -187 -101 219 -153 -177 206 54 178 200 -142 201 -89 -138 -221 207 -5 51 -192 -122 -201 94 195 127 -220 -96 226 123 170 67 76 160 -188 38 -83 -167 142 -246 214 203 -180 -136 171 85 26 -80 145 100 135 72 -234 152 95 -214 -104 -146 93 -54 216 29 -16 -127 215 -193 128 236 204 21 0 82 233 17 69 -164 155 8 107 -233 -151 133 197 23 212 -107 -206 41 71 188 -87 225 83 87 198 -241 -205 223 -198 165 27 169 91 -211 -9 221 -95 -250 239 -58 -169 -116 15 217 -36 86 -97 -92 -98 -215 -24 -64 -99 157 -152 -208 131 -135 -209 -117 -231 25 10 -131 -91 35 -102 -176 32 -224 4 -109 -42 55 -199 168 58 246 -57 120 6 -14 148 11 -43 97 -179 59 231 -212 156 101 12 174 211 -49 183 -228 -76 232 136 119 -37 -30 -39 234 249 -196 -158 33 -19 141 89 -123 -147 106 -56 88 -145 124 -219 13 -165 -65 184 -238 199 37 1 75 192 -53 96 -236 241 -22 102 -207 52 163 5 143 30 -18 7 -70 2 112 158 -148 66 -168 103 
TEST 139 ARG:-108 -106 105 58 -140 -247 151 -27 -138 -248 -219 119 216 30 41 214 139 -225 27 66 -249 -241 168 -156 -16 -67 -166 57 -33 79 244 218 195 50 -160 -174 -50 16 -57 187 235 -170 215 -15 -210 113 -222 -224 106 60 111 -226 225 167 -97 -202 -197 246 51 239 -110 7 -30 11 -14 -121 90 10 137 -181 -24 100 229 -65 156 -114 -36 -143 -28 -85 77 -115 -157 -134 148 -126 47 -48 231 184 -191 -123 2 116 74 -84 115 9 -216 -81 35 112 -7 -180 14 89 102 -223 165 124 -178 134 -167 -220 95 61 12 199 -51 109 -83 -38 64 -72 -234 190 149 130 -145 243 -23 -107 25 91 183 45 83 -91 -127 44 -137 152 33 -87 99 59 -112 55 46 34 -245 -244 -171 205 222 144 -230 -64 -189 -227 -135 71 -105 -71 181 -132 -95 161 245 92 -144 157 -62 43 -149 -163 15 166 162 18 -148 96 189 207 -128 -43 -5 223 135 32 -147 -69 186 -44 -10 26 49 -194 -184 -56 -1 232 201 -49 87 85 -70 93 -124 -42 -217 28 -243 -75 226 -142 94 5 -104 -172 -150 -193 182 63 233 -204 230 -153 20 -102 188 173 104 -47 117 228 -6 234 -129 -236 72 202 -99 177 212 -165 210 -118 70 219 -188 -190 -82 -111 -208 146 -187 140 -169 -45 -94 128 107 211 -60 -173 -120 -205 191 -80 -139 -203 237 -59 -20 220 164 -198 -117 192 170 -13 153 127 147 -221 203 248 159 208 169 -152 158 -159 -155 84 48 221 19 -113 -39 -212 101 42 -3 -233 -125 -211 -35 -8 122 -74 1 -201 -77 -183 54 62 227 -78 163 -34 -63 103 -61 56 67 -136 88 -54 249 -200 180 -19 -228 217 65 247 171 155 150 -146 -46 -96 -186 -206 8 39 120 97 -12 -122 141 133 -158 -199 142 176 -93 17 -238 -182 -2 -31 98 185 -22 -133 86 -218 -213 80 -141 145 -53 242 -242 -164 -98 -88 241 37 40 -215 129 193 -79 136 -32 -29 -168 -237 -101 131 238 52 -55 -162 -41 69 22 36 178 24 73 -161 -116 -25 -240 -246 240 -177 68 174 108 -103 -21 -119 224 -239 198 -26 -195 21 118 -58 -76 -207 213 23 125 82 200 76 138 -18 13 154 236 -131 -192 -229 -4 -109 179 -73 3 -185 196 -214 -11 -232 132 81 6 206 -89 121 110 -176 -130 209 143 -250 -196 29 75 31 204 123 -154 -92 -40 -68 114 -179 172 -151 175 38 -231 -90 0 126 -66 -17 -235 160 -52 -209 -86 197 -9 53 4 -37 -100 194 -175 78 
TEST 140 ARG:57 7 123 201 -245 -239 36 -104 208 95 -59 200 130 -77 44 19 224 106 -102 -45 -29 -185 -117 -231 1 78 -79 102 -242 20 -31 -233 -158 -178 -170 -88 -134 163 144 -208 193 -1 73 210 226 -99 212 146 -236 229 -96 -48 98 169 -110 97 112 227 156 -143 68 -6 -2 -11 -207 184 164 -119 205 -26 -130 198 234 222 81 129 -192 157 122 108 12 -33 61 149 221 62 37 187 -61 142 -47 -215 -181 235 -219 -164 -153 -128 82 -136 -180 10 49 190 -12 75 120 240 -230 137 -179 -165 -20 119 168 31 162 -237 -4 -107 -27 -189 -125 103 148 -105 -98 -87 -89 -25 -60 233 -58 -74 -244 188 -121 140 133 -177 -222 -69 -195 -97 -146 -132 -229 -44 -54 114 -145 5 50 -22 236 -13 118 223 -155 -213 -144 -34 115 18 53 -201 42 160 24 79 91 52 -5 -100 -95 -108 27 32 228 107 -51 72 45 -63 -147 -7 139 -238 -127 141 242 -184 219 170 192 151 191 41 -190 138 0 232 -149 143 134 132 -193 171 -93 -212 -84 -129 -152 -30 83 -191 87 29 14 209 -171 -223 206 154 -16 -151 110 230 -161 -210 11 17 166 194 249 116 -126 39 -139 -52 204 248 65 -214 -209 67 -122 2 101 124 155 -49 109 -9 239 -188 -198 -216 -227 220 -46 4 -183 71 -92 159 -135 -114 202 94 -240 -113 173 158 -232 6 -200 54 -14 216 196 -203 96 40 241 -176 -23 69 35 56 -3 77 189 186 -196 128 -67 23 213 80 99 174 -248 3 136 -24 217 -83 70 48 172 -197 121 -217 21 -10 195 -39 64 -8 -32 203 178 -249 180 161 -65 58 93 104 -41 33 131 92 8 165 -86 25 84 -250 89 207 218 -194 125 86 -220 -224 105 -19 237 -211 -85 -43 -225 30 -159 244 59 85 -206 111 153 214 147 -156 -76 238 113 245 -73 -90 43 26 -131 246 -154 -150 -204 176 63 66 51 181 177 -101 -106 -35 55 -68 -116 -62 199 -91 9 -138 -38 -112 185 -94 -42 -141 74 182 179 243 -186 -55 -36 -50 -123 -202 100 -187 247 183 -21 -218 -64 167 -228 -133 -162 -53 -241 -140 127 22 -66 38 -80 46 215 47 -182 135 -40 -173 -109 -56 34 -70 -163 -168 28 -142 231 -160 -103 -169 -28 -175 175 -246 211 -82 -72 225 -17 60 -57 -235 -120 13 -15 -18 152 -37 -118 -78 -167 -205 117 90 -148 -75 -247 126 -243 145 15 -157 -174 197 -234 -124 -137 76 -111 150 -81 -71 -115 -199 -221 -226 -166 -172 88 16 
TEST 141 ARG:88 -139 -245 -147 -125 -246 -2 106 -81 -200 38 -74 147 209 46 247 111 130 11 -142 16 -250 -144 117 239 -187 143 -6 44 -23 -156 220 -4 134 153 -43 166 -46 242 82 -56 201 124 -227 171 -87 -243 23 162 -105 -226 -158 -141 -219 14 61 -21 72 10 95 167 24 -97 70 41 -18 175 66 218 -118 -102 179 2 85 -238 163 -196 -241 -131 -182 -214 178 60 53 -126 -104 -45 204 -163 -179 -155 -19 -228 -206 198 -65 67 -40 45 40 190 -135 -157 249 83 140 64 191 200 -160 237 -173 -92 -68 52 81 -5 18 -154 -119 199 -128 34 69 -209 -235 -186 -91 -49 112 160 224 202 185 -53 123 221 -194 100 13 230 -13 151 146 192 15 -183 -1 -185 -88 -59 183 216 -83 -3 136 3 156 -124 26 -153 127 74 -164 -108 -90 -63 -48 236 115 49 232 -114 107 80 -12 133 -211 -28 -202 -73 125 84 231 -208 -177 122 -109 148 35 -71 -152 119 32 -94 -188 -203 -8 -113 5 210 28 164 9 -69 213 -234 228 126 -236 -240 116 226 121 -192 159 -86 -189 -162 -60 1 -146 -20 248 99 48 75 144 -58 47 240 97 196 -66 -140 -224 217 -50 12 -101 -107 141 86 184 -199 -103 -47 -229 -76 -151 25 109 -7 8 -221 92 132 -85 90 113 214 -233 -170 -38 -223 4 182 -121 30 -99 219 225 98 -62 -77 -222 63 114 -52 -98 155 118 51 96 145 108 6 19 149 50 227 -33 235 229 -148 -27 -137 -134 -57 -225 56 91 137 -215 129 -204 -117 211 161 -248 -82 -36 -93 -191 -180 42 -218 238 -143 20 -70 -54 -217 -172 -25 -197 212 -178 195 27 -80 -30 -9 -55 -232 -96 -120 68 110 165 -24 189 170 71 29 152 -123 -237 -22 31 -34 87 -75 139 -110 208 131 43 -29 89 -15 -216 104 -176 -127 -190 -84 -242 79 246 176 -111 215 -159 197 233 -10 -26 157 -181 -129 -132 150 102 73 76 193 138 -212 135 158 -41 -11 55 -78 186 54 -31 -67 -44 241 -193 174 -184 234 -167 188 -122 -61 -42 -95 -130 222 187 -17 -39 58 21 78 36 33 93 59 120 177 -230 -231 172 245 -116 -213 -100 -112 -207 154 -72 -165 105 -145 -64 -210 -168 0 244 -201 -133 -149 22 17 -174 207 206 168 169 -171 -175 77 57 94 -35 39 -169 243 -32 -136 65 203 -249 180 181 223 205 194 62 -37 7 -166 -16 -138 101 -150 173 -205 -51 -161 142 37 -106 128 -239 -247 -198 -89 -195 -14 -79 103 -220 -115 -244 
TEST 142 ARG:80 -80 62 -136 189 171 93 22 -237 9 237 71 72 176 -153 -109 -69 -18 229 -169 -232 112 45 -164 31 -151 11 -212 36 148 -137 -159 184 -228 -226 -73 213 151 -26 85 82 153 -120 137 103 -230 -60 221 166 -209 224 29 -203 236 -240 105 138 52 -218 232 -56 50 155 41 149 -123 -37 -216 20 -138 144 -42 -207 140 -171 -3 -40 -152 -248 -154 209 -229 130 -82 187 95 136 -206 92 68 -87 8 -155 200 239 150 -86 64 35 207 -214 -17 -27 -130 125 188 69 107 56 238 -22 42 163 170 5 100 214 13 -163 -215 94 211 10 -55 39 -115 167 173 114 220 218 77 55 217 195 234 58 -197 -204 156 183 -192 -167 37 199 46 -193 -127 -189 206 -219 -202 -11 88 -51 -90 -95 81 141 -121 -117 212 -48 -180 -141 21 227 -227 -2 247 202 235 -210 175 73 219 -46 -150 -74 228 -222 -8 -70 -126 186 168 -62 223 -174 -20 -16 -71 63 -140 59 4 172 -239 -238 123 -59 32 216 -125 -1 -15 231 12 117 204 -106 -61 -190 28 -88 -96 102 177 26 226 -103 244 139 215 -142 152 196 44 -7 17 -224 -225 -98 -176 -66 -53 -148 -21 86 -242 -52 -94 104 -97 -221 -19 -241 -211 25 -170 -201 154 -187 57 -133 -161 -124 90 194 -5 -205 -162 -139 -54 -33 -128 -149 -64 -110 147 118 178 -84 15 -134 -132 -29 191 -14 185 233 53 -131 -10 126 -23 -135 -157 -76 -34 -146 -249 -113 61 -217 201 18 -24 -35 -147 -195 129 -31 38 121 -114 -116 145 47 110 -101 241 43 79 -9 74 -83 -181 -111 -173 210 87 -235 143 165 97 40 -41 -243 -85 67 182 -67 0 -38 131 159 157 65 16 -172 -108 -177 -118 132 51 78 -158 -145 27 -156 -198 -183 135 24 -194 -166 133 -81 120 1 127 83 48 -186 -30 -13 -191 -246 -6 34 70 248 -160 -57 -213 -122 -244 190 14 142 -4 -175 -77 96 160 192 205 -44 225 -168 -79 108 54 116 -199 -63 -107 30 -12 111 -220 174 230 -49 240 -58 -68 -234 115 -65 146 23 -223 -25 3 98 -102 -93 249 -72 -47 113 -105 60 119 -43 89 208 122 -99 76 -184 -45 -200 49 -75 99 91 -32 134 -129 -178 -92 193 198 -196 -233 84 -250 203 243 -50 106 -143 -188 158 75 -247 6 179 -78 -179 -208 -165 -104 181 33 -144 -91 -245 169 -112 197 7 222 -89 180 101 66 246 -185 162 19 -236 -28 128 109 245 164 161 -119 124 -182 242 -39 2 -231 -100 -36 
TEST 143 ARG:135 -83 -105 93 140 -141 -115 -54 171 121 247 129 147 -192 162 34 -8 -220 -85 -134 200 -157 -154 -72 76 75 7 104 235 -1 190 174 -166 -37 -14 26 -7 4 -18 -246 137 -74 6 -137 -194 222 139 8 17 39 -135 31 -143 -95 153 155 -97 150 86 -242 179 -226 198 71 -12 -180 -64 143 -199 -31 226 -4 -207 70 -22 -49 21 180 -47 35 114 -146 28 -190 -56 -122 -243 89 -205 205 165 141 58 48 183 -10 98 -35 207 14 221 92 80 177 55 -209 103 12 -174 242 42 62 189 241 -30 -193 -236 23 173 182 -237 36 218 18 -131 -216 -90 -172 130 -177 -60 -164 152 -241 -221 -223 -15 188 -203 -77 148 -150 -33 -144 -219 119 157 52 27 -42 203 -116 -26 -9 -248 100 213 181 87 96 159 -13 -50 -233 167 63 -45 131 172 -165 -214 184 84 149 -67 102 85 -66 43 -123 136 41 -25 -65 -229 38 13 -98 246 0 22 -23 -61 229 206 -51 158 -161 -130 -228 -84 128 -53 -201 -245 -198 107 210 95 -101 146 -183 105 122 236 -148 195 10 -58 54 178 88 -20 145 -88 -110 11 -149 120 -224 106 -94 -189 -38 199 -191 -121 -78 -185 196 117 82 60 244 -100 -156 108 109 20 -39 33 -160 115 -57 83 224 -147 47 126 -227 25 -41 217 -36 -182 29 99 -92 -184 232 -32 220 161 -158 216 59 169 40 -59 81 -140 239 214 134 138 123 32 -125 -81 116 51 30 45 -46 -114 56 156 9 -170 -163 223 -124 -176 -91 1 -152 110 -16 -103 94 -55 113 215 176 3 170 -168 -111 74 132 -107 -204 228 -218 245 -169 -234 -173 -119 212 -171 78 144 -68 101 -24 -21 -222 230 -62 -133 57 -138 185 209 -132 -206 201 -128 -211 233 187 15 -181 -118 219 -93 -108 -63 -28 -113 -5 -44 154 133 -195 204 -213 -244 168 -82 -80 112 151 -186 -76 -208 -27 -238 240 175 127 2 163 -86 -52 -231 -112 197 53 -249 -11 -153 -175 -69 238 -225 -89 -240 97 186 -96 79 44 118 -104 -155 -70 192 -188 -239 73 225 -129 90 227 49 -48 -200 237 -232 -75 -136 68 -117 -73 -212 160 -109 -126 -142 193 -250 142 -6 66 50 -127 -167 -215 72 -230 208 -196 211 64 -179 -197 -34 -99 -145 -3 61 -217 -247 16 69 111 -87 37 -19 -2 191 24 248 19 -40 194 46 67 -178 231 125 166 65 -71 -102 -162 77 -139 124 -17 -202 -106 91 -187 202 -43 5 164 -235 -210 -79 243 249 -159 -29 -120 -151 234 
TEST 144 ARG:-88 244 228 -169 142 -150 -166 233 -168 -141 216 -151 -174 168 -69 -66 -17 184 -36 -12 235 -164 69 5 -148 -90 120 221 -56 1 -118 172 -51 -245 249 -83 -161 -5 138 -3 -212 -153 182 -231 34 -9 -171 -15 -229 -134 59 -226 102 194 76 -185 27 13 -138 127 -248 -133 -175 -71 -97 -178 -49 -75 192 160 117 143 -28 144 29 121 -188 174 108 80 201 -243 22 23 18 140 -139 -104 -98 -105 212 96 -225 -84 -124 43 -44 -208 -1 156 -72 -6 -100 -213 49 -237 -228 -85 196 82 229 -203 -250 220 204 -230 210 -13 187 105 -123 110 133 -122 39 -211 95 -238 205 -232 92 122 -239 -152 -31 -2 81 111 -246 -30 -48 148 91 55 -115 115 -96 -249 -201 219 73 -23 -73 106 242 -220 -91 230 35 -146 -198 236 -38 31 -186 186 191 150 -109 -191 -221 -145 -197 9 12 245 26 185 -112 170 -35 146 99 240 74 -204 198 84 -227 -160 62 -80 -14 -156 -27 -131 151 113 58 -180 -183 -206 -159 112 -157 -19 -11 -207 63 -200 -114 -222 -110 -70 128 169 215 -199 237 -111 -103 60 200 234 -216 -32 -10 70 149 -21 -244 209 155 -158 -193 161 -58 -149 103 -53 2 51 -190 180 147 -46 33 56 -155 178 16 -29 -7 152 116 145 -179 179 -63 52 86 88 137 79 -126 -240 -65 -24 223 -64 214 -233 57 77 83 61 -210 -214 -170 -57 159 -181 -129 -127 75 -67 135 87 -120 -136 206 38 -43 -247 -173 37 193 48 181 -89 6 -62 203 -60 -194 -117 239 175 -25 154 64 -33 42 -147 -177 183 -162 -182 -50 -92 -165 -45 197 232 -99 -87 226 -93 158 53 -42 25 125 -61 -196 248 7 167 141 94 -184 -68 36 131 -95 -241 -121 132 -40 134 -135 -224 72 -130 3 129 -107 -189 19 -143 -215 101 107 176 -154 40 -37 -144 153 -8 -219 -18 231 211 243 104 -47 189 8 207 -132 28 -41 4 195 -101 68 -59 -94 -172 89 225 -218 224 -106 -77 -78 119 -202 177 30 -79 124 114 -119 45 -81 -176 126 171 -74 24 -223 -205 46 -22 222 227 -140 -86 20 218 162 -20 54 208 90 -242 165 217 14 -192 202 188 -4 -142 -235 -116 213 -137 -128 -125 -102 139 85 -217 118 130 164 136 0 97 247 -39 78 98 -163 163 -54 -187 100 -82 10 -195 47 41 65 17 123 -76 166 -234 -108 44 50 66 157 -52 199 -209 11 71 241 -113 -167 67 190 15 -236 109 238 21 246 32 -55 -34 93 -16 -26 173 
TEST 145 ARG:16 72 63 -246 175 174 -135 -57 -155 222 -118 49 208 -6 15 -239 23 -36 -148 -207 43 -145 139 70 -60 -176 57 157 217 190 50 -213 241 -190 126 107 -78 -28 -228 -88 74 -211 -43 -26 -95 -42 -29 21 115 -70 -14 -120 171 -221 -40 10 213 -53 -38 113 -237 -162 156 230 -49 71 -84 -80 -64 -98 -146 88 58 -139 -115 154 2 105 -245 -127 44 -130 -52 -185 -116 4 20 60 -32 152 123 0 -107 235 -10 134 -205 -3 149 96 -220 -195 -44 -227 -244 93 55 -182 -226 144 95 -96 -170 64 -175 -82 181 -147 -48 -141 31 128 100 -37 -74 8 -89 226 198 -97 102 -83 -17 -25 199 163 142 -178 -250 -241 -165 -31 -188 7 -79 76 -209 -152 207 -186 -224 -149 -51 -66 56 -134 -157 -128 29 187 42 -21 -163 -103 48 189 -202 -219 -8 173 220 125 204 -71 178 -105 90 -4 -23 246 237 -86 40 -225 -215 121 26 193 -24 -39 80 52 -210 38 -90 233 11 -19 61 188 -94 -34 249 27 147 -76 24 -18 -136 3 89 -101 -121 240 33 -20 -247 119 -99 234 210 -131 232 -12 -100 244 -72 248 -87 -153 -104 184 -193 143 -68 -1 195 -191 34 186 59 -102 -233 -137 -169 146 -200 -117 200 196 53 -61 -56 9 -179 78 104 -124 -140 -106 242 -166 109 -91 -160 239 -77 -62 108 112 -58 141 202 215 -229 191 -69 225 -222 -197 -5 39 243 -180 -113 65 -173 22 180 160 -55 -206 -65 -93 -235 117 -174 106 158 5 -189 -27 183 177 -231 -150 30 -2 98 170 -85 245 -199 206 -217 92 -232 -223 176 227 -123 124 138 86 -240 -183 -249 -158 -204 81 -45 -208 84 -194 -109 35 159 -198 -67 99 -16 218 -143 -75 169 221 185 122 120 131 19 -216 209 -142 -201 -110 231 -168 179 -156 79 155 68 135 203 103 -154 75 -108 -242 -214 161 136 -138 137 -46 -41 228 -112 219 145 87 -50 67 85 -159 -236 166 82 -11 101 -73 -230 -181 -248 77 -33 118 110 151 -212 -172 114 194 162 -22 -177 140 247 54 47 -92 -119 -234 -125 -167 12 -243 168 46 133 212 216 -47 153 150 -81 -129 69 -114 201 37 197 164 111 148 132 -164 -218 -122 51 -133 62 224 -184 -35 -63 -192 130 205 -13 127 6 -187 172 -54 -238 -126 167 91 -132 -30 66 116 -59 -151 -15 18 17 -111 73 14 238 32 214 236 -9 -7 -161 223 165 25 28 -171 13 129 94 -196 211 229 192 -203 97 83 -144 45 36 1 41 182 
TEST 146 ARG:-24 -86 -218 227 68 185 -124 -233 -194 104 -243 23 -54 110 140 165 233 176 -248 -106 169 30 -48 -115 157 -26 -205 88 -214 26 -154 -152 -184 -45 -3 37 126 155 48 15 -157 -221 -114 -72 31 102 225 101 170 228 -59 -209 187 61 -70 29 117 221 239 95 201 119 177 54 214 -187 -222 -2 -90 -80 -200 -234 5 59 47 -171 -99 -235 -89 125 -242 -203 -55 -94 -216 96 179 -95 82 -22 -9 245 51 -14 43 -19 149 -6 220 27 -65 212 -168 202 -160 21 -135 152 -143 -85 164 45 234 142 64 242 147 124 222 -228 111 -66 -77 -98 -122 -172 -20 141 -244 22 85 -11 -229 -140 -164 -173 -8 162 39 -5 144 167 -213 -195 87 -227 67 -1 60 -105 58 65 -102 -75 91 -232 -28 210 -186 -60 -73 -127 -76 193 -139 -199 80 -178 -37 113 -149 -58 151 -153 135 -69 -249 83 -174 -155 25 -104 -4 206 150 6 -212 198 123 175 -217 197 -129 2 218 -51 -23 -78 -79 -32 86 -208 -18 -92 -82 -12 -109 180 -132 -163 -131 -91 -97 -197 -41 97 114 249 -230 -145 133 -125 16 -40 14 -188 79 -68 -29 -150 -219 62 -239 28 174 -53 -198 -7 196 -56 -223 143 -64 -183 38 128 -201 -57 -112 -113 158 -211 207 73 190 160 -116 -15 35 122 208 -215 -146 -81 -191 235 103 -185 19 -117 -101 153 34 -46 -30 219 -181 181 163 -158 238 168 -121 33 243 182 -141 -179 106 244 99 186 213 -231 50 148 -207 -162 71 -84 -31 178 -220 -43 -237 120 4 166 13 215 94 115 -180 -52 -166 232 -47 72 246 184 -177 -123 41 139 108 -83 12 200 129 -175 93 191 -103 -202 -110 -247 230 105 70 145 -236 192 74 -88 205 46 -111 -96 203 98 -21 -159 -100 159 63 237 -42 -142 -210 -196 247 -134 81 107 -250 -93 -25 42 -128 138 154 17 20 -206 161 -182 -170 229 92 -246 118 172 10 195 -107 66 -49 -147 44 8 -169 90 248 -167 53 217 -35 211 -119 -39 -67 -38 -245 -151 189 57 -33 1 156 -63 -120 84 -176 231 109 -36 240 -238 -226 7 -189 -87 40 -126 -241 -71 127 236 -108 -136 -192 -240 -118 75 132 116 224 55 -44 -13 183 131 -193 36 137 -148 -204 -27 -16 -165 146 24 199 -190 76 226 188 216 -10 -156 241 136 69 121 204 -224 134 -161 -61 100 11 78 171 -62 -34 209 223 0 3 52 -17 -133 9 173 130 -138 -50 -130 77 -225 32 49 -144 89 -137 112 194 56 -74 18 
TEST 147 ARG:-191 172 -107 204 -175 206 104 -131 -80 -133 13 -242 -114 -71 -182 -211 -35 124 65 196 -235 143 215 123 -13 -18 21 -115 72 61 -194 90 38 -128 228 -86 214 -69 -221 245 242 29 -149 -4 -87 101 231 -187 175 -220 -134 108 15 -150 -228 229 -63 177 -217 -73 -52 -62 56 180 156 185 -127 -74 7 113 246 -85 -200 23 35 147 32 122 112 -206 162 -90 135 126 37 -12 236 -208 -5 82 8 -27 -162 105 134 -173 52 163 -96 164 -167 -157 219 -23 42 4 -104 171 -102 119 -65 128 -193 138 24 -159 -169 -89 -147 -233 -239 -164 -32 -160 -55 -156 110 84 73 2 53 -7 -48 -126 -234 46 235 -33 -129 17 233 -68 -143 -214 76 -243 186 -166 43 -142 -153 64 -241 71 174 -138 107 -44 -81 -11 158 -225 -218 115 182 88 -113 -183 36 -88 -121 130 216 0 139 184 -117 151 -137 33 92 -207 224 148 11 -39 -109 100 -21 -195 165 -148 140 103 -42 -3 203 28 141 136 -92 48 22 209 201 -246 -238 41 -146 -125 -249 -130 -57 -201 -135 27 87 -58 117 69 -103 3 169 116 -124 181 49 -226 -227 97 249 211 -16 155 173 -66 114 150 -155 159 133 168 -93 -50 210 191 68 -198 54 208 -14 14 -136 -190 157 -177 -210 -118 -145 -224 93 -24 106 -197 -99 240 60 -202 -95 -119 -106 -216 57 195 -28 62 -49 44 -184 111 -158 176 -6 131 -64 -180 137 -132 -223 -31 -60 -174 -100 127 -43 179 188 79 45 -250 6 -219 95 205 -8 154 -46 -101 18 47 -248 -204 -203 -244 178 67 -240 -54 -176 183 -247 -51 -245 129 153 39 -181 -236 -186 142 -97 146 247 -25 1 241 19 187 83 234 149 63 91 -215 225 -9 31 -140 -82 -112 132 59 238 -78 -75 -20 -36 -83 20 -30 170 51 -70 66 -2 -168 -141 -196 40 226 -98 -192 99 -230 -123 -171 96 -47 200 202 -185 152 9 160 -199 -110 -213 -212 -72 98 30 -163 -59 5 166 -178 121 192 161 -205 -26 81 167 223 120 55 220 -29 -232 -56 -41 58 -179 144 232 77 75 -10 -84 86 118 -17 -108 34 222 213 248 -231 74 -116 -189 -45 -144 26 -15 94 221 217 50 10 -170 80 239 -53 -237 -1 -34 -151 16 -209 -122 -19 244 193 -172 -222 -38 -77 199 198 78 125 -120 227 -188 -161 145 85 243 -229 -165 -67 237 194 -111 207 102 -94 218 -105 -40 -91 212 109 -154 -152 189 -61 -139 -76 70 197 230 -37 -22 25 190 12 -79 89 
TEST 148 ARG:-71 -14 137 184 -168 114 -191 186 -229 -226 152 -106 150 143 244 -94 145 -241 -9 200 -75 95 -130 17 159 44 172 -89 -204 -69 26 91 -31 -46 51 34 193 89 -87 247 -245 135 47 223 50 182 63 -44 127 245 -107 -228 166 -157 20 -1 -134 198 27 207 162 36 -126 -93 -108 -194 -79 -127 -109 -45 46 170 -6 -181 -131 -84 119 -140 -182 185 -202 -21 -40 221 11 -206 7 -133 -247 -83 111 42 -135 -200 -190 -76 -149 161 -193 45 -139 102 96 0 -146 -169 -128 -10 -37 -38 -110 -91 -203 -48 -13 -51 31 -97 82 126 212 116 -118 99 158 13 106 -67 197 -132 -15 239 -125 86 220 60 -248 61 225 -73 -160 83 -123 3 -210 35 156 -63 173 107 168 171 -57 236 -62 202 41 -223 -86 233 -166 213 125 85 -162 209 -189 -103 48 -163 -56 -239 93 103 40 112 175 214 235 -111 54 -72 -80 -59 58 192 -161 -120 -18 -24 -104 226 -137 66 -225 -208 218 -244 -177 -100 24 -41 12 -214 87 43 -102 157 -43 243 -199 -167 -142 -148 -180 -242 78 -218 -124 -117 70 -96 -12 -50 -224 190 234 219 124 -185 -116 108 65 -22 136 -8 -221 -156 -249 10 176 -237 217 188 -36 -49 -25 232 -152 -113 -7 -136 -30 -159 -17 25 72 -183 -58 -227 53 240 -250 -246 133 199 165 68 205 -217 -70 75 64 -195 -39 62 248 -34 -147 155 229 -192 -66 191 -231 201 194 224 -186 -174 110 187 -201 -238 -141 164 -184 19 77 39 67 -145 -20 -101 -35 146 141 -179 -233 8 -172 183 138 80 -216 9 222 -27 154 196 73 -90 195 -11 163 113 210 55 189 -81 18 241 -151 -53 131 117 14 -154 -65 174 -215 22 -74 16 128 -105 203 30 180 -112 69 160 -54 59 -95 98 -243 -240 -42 1 38 -220 -129 -19 140 227 -60 -211 122 228 -82 29 -205 -198 -187 -64 -234 -138 215 -119 57 81 -178 -29 -153 177 -98 -92 76 -232 129 84 -175 37 123 242 246 204 52 208 211 -165 169 -121 121 134 32 -4 101 -219 249 115 104 231 -212 5 -213 -2 -99 -236 -77 -171 -78 -158 100 -88 -68 56 28 -230 216 -176 238 -170 -47 -26 130 -52 -23 120 -222 -207 23 206 105 167 149 92 -61 97 132 74 88 71 90 -114 -209 118 -155 33 -144 144 49 -196 153 -115 -197 181 -55 -28 6 -32 15 109 -122 -188 -150 4 -235 -5 178 -164 -3 139 2 179 237 79 -16 21 148 142 -143 147 151 94 -33 -173 230 -85 
TEST 149 ARG:6 162 9 -175 116 -112 -182 207 -36 20 -163 40 24 150 223 -148 -207 -43 42 165 96 -201 170 61 224 -107 101 -246 -204 140 -132 -122 -215 81 73 63 215 -69 111 187 -179 -177 -212 -127 237 -202 -97 48 23 100 -106 27 -221 179 -225 -20 -173 -197 -18 242 -152 -130 -3 -53 -27 43 59 65 205 -49 195 -5 -133 -91 -188 129 93 95 -98 32 102 206 -29 -21 83 -235 85 67 167 156 -47 17 169 180 -16 -238 122 -191 -52 84 218 112 89 -4 -185 26 -170 7 12 193 -243 159 118 -26 -62 -66 -100 186 148 -11 80 -14 -172 136 39 212 109 211 -150 29 -236 154 11 123 108 228 35 -13 -103 131 -67 196 -166 -157 78 28 52 -93 -114 -155 -42 57 60 115 25 -134 244 232 -79 124 -241 -57 -151 -94 -228 -186 -174 -22 -110 -169 -233 -180 92 -78 -77 149 234 204 214 56 -24 22 -28 153 77 -111 -231 225 -19 119 -220 105 130 133 -81 -88 69 231 -149 142 184 -145 -219 -71 171 -124 174 -2 -160 -44 166 217 -216 -119 158 209 66 -128 -15 141 34 -156 -184 82 178 -242 -147 163 -46 -249 -142 -10 -245 -92 202 74 44 233 -218 127 -65 -198 -248 49 -115 90 75 13 -192 164 -80 125 135 -34 -37 -176 -226 143 138 213 -162 -187 160 58 -223 31 199 210 107 201 37 -178 18 104 117 -51 38 -113 -48 188 15 -244 64 86 -33 -161 -168 -137 -8 -138 230 192 -208 249 98 144 -193 -83 -131 -31 -234 -211 -240 19 54 -153 -30 -121 -217 -63 -203 -12 -40 247 46 145 -38 106 239 -143 120 246 14 152 50 240 91 -60 -117 -55 71 -136 -56 -72 216 55 -95 -129 197 -126 241 -139 70 -73 -141 -118 -181 -102 -199 -85 -194 128 -86 -58 99 103 203 -90 134 238 146 110 53 -74 51 245 190 -144 -41 72 227 -23 -45 -59 176 -50 -68 1 -229 87 -159 222 -164 226 36 137 114 172 -154 -32 -120 -183 -75 -123 198 -116 -6 139 161 2 -70 168 -109 243 30 5 -213 -222 182 -247 16 229 88 -9 157 4 41 -1 68 47 -239 -7 194 220 189 173 191 -87 10 -35 219 -227 175 79 -224 33 -232 -250 235 -206 -64 -61 155 -82 181 132 -140 -89 62 126 -189 94 45 -158 -209 185 8 221 -135 200 -25 -167 -210 -205 0 -84 -108 -39 21 -104 236 -101 -200 97 -125 -230 -54 76 -17 3 147 -105 183 -96 -190 -99 -165 121 177 -146 -237 -195 151 -76 -196 208 248 -171 113 -214 
TEST 150 ARG:63 82 157 230 118 -56 -232 -146 -29 190 234 130 -246 -18 -83 -78 -236 -196 154 148 40 -137 -99 -217 -219 -7 -58 -74 61 -2 -114 222 -132 -45 66 48 -216 -90 -65 151 -173 43 70 83 9 -69 74 102 123 -97 -209 202 11 -33 145 -73 -183 -118 141 -164 -207 -5 -21 133 -82 188 249 -235 204 158 -47 32 227 22 -141 -100 30 136 64 -178 90 -231 160 -176 -17 96 149 108 -16 -51 -46 -175 -182 110 13 -205 -160 -172 235 16 104 -229 183 197 -72 -193 75 -171 206 -92 -222 60 95 213 93 -117 -62 -168 107 -144 134 194 -190 62 224 -112 -125 -188 -113 -41 -123 3 192 38 199 156 -34 -130 -85 -170 131 -43 138 -76 246 -15 -135 -129 1 12 124 -91 211 28 201 24 -223 89 -195 -220 111 -115 59 242 79 37 -244 -55 -202 155 203 4 181 -36 -79 58 135 243 -38 -126 -110 -198 103 -103 -169 0 -230 228 49 214 144 -32 132 -35 88 -138 163 127 -1 -77 217 80 39 -208 116 52 -60 -40 25 207 -201 23 -185 178 -105 247 -248 -98 113 221 18 -158 187 -152 -28 175 98 226 150 -66 -151 -247 105 -50 -145 76 31 72 33 220 36 229 -106 -159 100 26 -23 239 -3 -119 177 125 -80 -200 -134 -101 71 -116 -221 121 216 140 -197 -179 86 -250 -242 92 -52 91 241 233 -142 44 143 -140 -70 -107 68 34 -215 -156 169 -104 -153 -25 55 -20 189 -87 -30 126 -93 17 -67 -167 51 8 139 -27 19 244 -204 -12 50 -61 65 6 223 85 -226 -71 77 191 209 168 45 -194 -199 -143 7 -128 -233 -155 153 -210 -206 21 -157 114 -177 -81 205 -75 -149 -225 225 -245 -211 -243 -94 171 -122 54 -249 -131 27 -148 -54 -203 -111 -95 200 46 -165 -84 165 152 101 162 120 179 -59 115 57 41 161 106 -174 -68 248 29 -214 42 -10 236 -13 -234 147 -133 -109 180 122 164 128 -147 84 212 -108 -213 231 87 81 5 210 -53 -218 2 -154 -162 -64 -4 -49 10 117 -86 -9 -44 -181 -37 -48 -189 185 -14 -120 99 -19 47 -161 232 196 -42 176 35 -241 237 -228 193 -11 78 15 69 137 94 167 -186 -39 -121 -166 245 215 97 173 -22 240 -136 -212 218 219 -31 -184 -227 109 20 -124 -238 -89 -180 -191 -187 129 -127 186 159 -224 -26 -192 238 -24 195 -139 170 53 112 67 14 142 -96 172 -239 174 56 -240 198 -6 -63 -163 166 -57 182 -237 -102 73 -88 184 208 119 -8 146 -150 
TEST 151 ARG:-177 42 -154 65 35 -139 -112 84 -217 248 113 34 -188 -61 47 -236 -163 86 164 -207 73 -34 -248 130 -134 -167 -206 -31 -81 107 40 236 218 -86 -148 -3 -48 187 206 1 108 96 -11 -6 103 -9 -192 -108 205 -103 -67 32 31 69 -25 171 -69 197 -247 -224 244 -7 77 139 109 -200 -89 8 -116 -93 -151 -201 -79 72 190 -187 4 75 -58 152 -119 181 15 -107 74 -165 49 -227 -2 191 214 -18 0 -118 -195 26 138 -88 -198 104 192 148 -199 -32 -144 13 237 -55 -171 -96 24 -121 -239 5 196 -63 186 -133 235 134 -39 -54 -164 -166 -202 220 161 160 -5 162 27 -180 -120 -131 -183 -57 -233 243 -115 184 133 241 -73 114 -87 -49 -123 -56 -19 -100 7 88 18 -104 -128 216 -117 105 176 -45 185 -210 228 170 247 -156 -250 115 225 222 -82 -168 -36 82 -110 -241 207 -101 -197 -196 -137 166 64 189 -203 -147 19 87 -12 93 -75 231 158 46 78 -141 217 227 126 -244 -21 174 -158 -145 -219 54 -170 -235 37 -66 202 -99 58 -213 147 -194 -136 -155 -23 155 -157 -8 212 61 -205 219 120 177 118 -152 25 -214 -172 -13 -191 76 -122 -215 -245 141 -76 182 43 165 52 -33 -138 -174 2 -77 208 94 168 -111 245 98 -24 -85 -105 -162 -14 195 -113 -184 45 -249 232 121 101 38 -238 -142 44 -185 198 -234 -44 230 22 3 -94 -175 -243 -95 117 180 131 211 70 -91 -179 226 -143 233 60 -176 -211 39 92 -132 128 -28 -240 -53 -209 -92 -230 144 -80 95 97 -146 59 -72 157 -17 159 57 169 -186 -27 -71 106 -231 102 178 -68 90 20 10 100 122 -46 -52 81 -15 55 153 28 -26 -129 -140 41 -51 -20 48 -84 -124 239 -160 -35 -102 234 -78 -29 -41 201 112 79 36 -1 188 -109 242 229 -204 -246 209 -169 156 62 -130 -237 -42 136 145 11 -135 33 173 119 111 -221 -30 -223 -225 -90 -181 -38 150 246 124 240 -159 -232 223 -216 203 -37 -208 215 129 66 21 -60 -149 -16 -218 6 -10 194 -229 -178 116 167 149 -173 85 175 16 213 -70 12 -193 -64 210 -190 50 83 -212 140 80 110 238 127 -97 56 17 172 89 -65 146 -125 179 183 29 123 -114 151 -74 -22 14 -182 51 154 -59 249 68 -226 -50 53 -189 -228 221 204 -40 163 -98 -222 193 200 -47 -106 135 30 67 -126 137 -43 -161 132 71 -4 143 -220 91 -83 199 63 -62 -242 9 -127 224 -153 142 -150 99 23 125 
TEST 152 ARG:208 -145 -52 68 -44 -117 1 217 -134 -84 -79 -33 233 -161 -226 17 -144 -151 -225 90 -221 -239 -217 -215 -186 105 110 204 195 -18 -86 44 205 -126 -164 -60 26 168 -15 -148 -27 -182 213 -178 146 -211 133 -223 99 -201 222 203 -212 -94 -146 170 -210 -196 93 135 174 -169 30 119 96 -32 -132 23 -190 -246 70 67 166 -47 34 108 132 92 82 48 201 -163 -157 210 184 129 72 36 89 100 -194 -244 -83 -97 164 -101 145 49 -56 182 -192 128 -185 225 -191 122 -64 -69 -230 16 -197 9 -172 120 -229 40 66 -106 8 -142 -168 -170 45 2 149 131 117 180 -5 -219 -7 -82 87 27 134 249 -199 -8 214 202 -179 -51 -110 -131 158 56 121 -129 114 -96 130 3 7 150 -249 -24 104 -113 247 88 -59 -180 -137 -99 -36 -42 -19 231 -38 -2 -174 -78 -193 -12 -91 -154 113 221 -237 33 127 14 -222 -9 181 50 142 -31 -77 179 53 107 172 -20 -228 -166 -214 215 -55 -250 -54 227 -116 -6 51 -203 -127 242 189 -122 -152 -216 -73 -171 4 200 123 243 39 -67 115 57 239 -35 193 10 -81 -130 -198 216 71 -16 159 167 42 -63 -102 -23 -232 111 -29 154 75 -17 220 -162 -112 -235 143 -208 241 54 139 -89 -105 -104 192 41 -100 -40 -11 13 -124 -80 -204 234 37 -1 -243 229 -141 -70 86 -34 -209 -74 52 118 148 -167 -189 245 209 -139 15 137 63 152 161 21 -120 238 101 -109 190 73 -125 60 -247 -108 -184 -49 -21 176 -50 -71 103 -218 -173 78 -28 162 -53 -103 126 -68 206 212 -14 -115 211 -241 196 -150 65 -156 240 24 248 -72 -119 -88 -181 6 218 199 -39 138 19 171 -175 -43 160 83 140 224 -37 -93 156 -202 155 194 31 -13 -66 183 112 237 236 -87 -140 -155 244 79 -133 226 151 -149 -220 -233 -136 -85 -205 -224 11 163 185 124 -195 -183 74 246 85 -227 -57 230 -118 153 198 186 81 -160 -165 -75 147 157 -26 188 5 -98 61 116 76 -177 -128 -107 -153 -147 178 95 55 232 12 -48 -236 -135 175 22 -200 69 -111 -76 -114 -92 207 136 191 187 -231 -176 98 -45 77 -123 -248 -242 102 -61 -188 223 -95 -240 28 91 177 94 -206 219 -238 -207 228 -213 -30 169 -158 106 -65 20 64 -143 235 -41 -187 165 38 -58 0 109 29 -46 -10 35 -62 -90 32 -22 144 197 -159 -245 62 125 141 -121 -234 -4 47 84 173 97 -3 43 80 -138 59 58 18 46 25 -25 
TEST 153 ARG:90 44 -232 -113 175 -233 -97 25 180 219 -172 33 215 105 122 -202 187 -163 -45 188 45 174 223 -63 -17 -31 224 60 113 7 -125 -169 203 -1 -176 147 63 -150 81 -133 72 -110 -22 3 -53 0 74 200 -93 -111 -65 -216 146 115 -185 204 178 42 -23 -35 -24 234 -13 -212 85 -215 -12 -221 -137 99 -222 -219 194 121 13 -49 156 -68 183 235 -95 106 -77 110 -15 162 186 6 233 102 -144 71 -239 -243 138 -242 -143 -81 -151 95 149 -48 -39 245 -33 -142 -3 77 177 -166 -115 14 114 -32 -135 -147 164 -5 171 79 226 185 143 -87 24 103 153 -193 213 83 48 -7 10 -92 -54 -11 -16 201 47 -19 148 2 -75 -211 70 196 -28 -174 192 -10 249 -47 15 93 -71 -226 -240 -178 -124 -43 145 -60 -204 -181 168 -69 202 -244 75 -197 132 -168 222 -249 -90 190 163 -61 -177 118 73 22 119 35 52 -141 151 101 78 -157 -159 243 240 -85 28 191 -123 -189 -192 -250 -126 232 165 -79 -84 170 231 -223 84 -4 220 221 26 208 127 57 -184 -140 -46 82 -64 19 139 -27 108 86 247 131 -191 241 -160 193 -108 -38 -209 -91 179 -66 -148 38 124 41 -109 -180 198 -62 -40 217 -132 -205 218 211 -94 -107 117 -138 -145 -228 -128 -127 129 -122 -67 -198 -225 -78 -106 -41 152 97 136 68 -235 -72 -112 154 -98 -210 23 37 -105 -8 126 -195 -99 -80 159 -171 49 242 236 -227 -214 30 -206 80 -200 -104 -156 248 -83 39 -246 4 -186 21 195 -173 88 -146 -199 133 205 161 -134 -42 158 107 -58 -26 12 -231 125 111 29 135 -183 -139 207 -25 150 -234 -201 -236 20 209 -114 176 140 96 -167 31 155 225 172 137 -18 246 166 -164 -175 -245 -103 130 34 89 54 87 53 -76 -182 229 -203 160 17 182 -136 -153 104 116 230 -2 18 237 69 -86 238 -152 -120 144 189 -218 91 92 -187 181 -154 142 94 -238 40 -44 62 169 -229 -73 -20 -224 -89 -161 -21 -190 36 55 9 -131 -55 -149 43 -6 -129 -179 67 -121 51 59 -119 -230 -220 227 -100 -196 32 58 244 -70 -155 120 199 -116 -118 197 -101 -29 141 -213 109 206 -130 157 239 173 -248 -217 -207 228 16 100 128 -208 76 -194 -88 11 1 -34 -158 -82 -188 -170 -237 -59 167 184 -51 64 -74 -117 50 -241 8 -37 -102 216 -30 5 -165 -96 65 -52 123 -162 134 -50 -36 -57 210 -14 212 98 27 214 66 61 46 112 -56 56 -9 -247 
TEST 154 ARG:-132 184 -237 46 245 8 124 -72 -143 112 -238 -219 -154 197 -210 31 -192 176 -140 150 -111 79 -79 224 -61 -249 -15 209 -16 -19 -246 -106 -14 188 237 -156 199 89 163 -127 -46 203 -51 212 -100 -175 -214 23 -31 -222 -226 -123 -115 217 239 70 -242 -33 18 17 -247 -203 76 -184 -91 65 5 153 -94 -20 -57 166 -170 35 11 68 -69 242 -172 106 -85 -133 -86 -34 -158 131 -137 -197 -250 -160 -232 0 -47 162 -8 -37 108 182 94 4 50 -118 28 -101 -202 -124 114 -196 -77 98 -5 -181 -98 -81 -213 216 -179 -52 -55 141 61 198 227 218 -163 -27 -155 -148 -244 -138 3 -64 -212 -65 -218 178 -245 -90 -220 158 165 102 236 -109 194 75 73 189 196 -116 173 169 219 -103 37 -195 9 77 115 147 66 101 -2 82 185 136 45 -117 191 -169 -83 -135 104 -53 186 -114 29 -131 117 -130 80 -80 71 14 220 247 -145 -105 -43 43 119 107 -78 -49 -189 243 172 92 -23 142 244 69 234 32 7 57 59 -7 -48 -110 -173 211 152 175 49 -164 -224 22 168 180 -165 -180 105 56 -206 118 -6 126 26 103 128 -166 19 74 -35 -68 -153 -194 -32 -21 90 -208 226 -190 -74 91 -84 2 -41 193 -9 -58 127 -75 139 109 -113 21 -38 156 -217 -241 -134 81 159 -112 229 210 -146 201 -149 -201 38 -107 -82 155 200 -122 -229 48 154 -129 -45 225 -26 249 15 -71 -88 -121 151 -176 -233 -167 -188 -207 87 -136 233 55 16 123 -186 171 164 25 116 248 20 160 10 232 -92 -187 231 -171 -144 -70 -28 241 58 -239 -162 34 143 72 240 -119 214 181 -227 36 -93 63 1 -185 93 -73 -228 -108 202 -161 -174 135 -215 187 51 -234 -87 67 -11 122 -24 -97 121 132 83 -36 -126 -30 -225 -25 100 149 -199 88 -29 -10 41 204 -125 138 -211 24 -216 -204 44 95 -240 -3 -178 -141 -99 -230 148 -60 -236 192 85 -54 -152 33 137 39 -182 130 -177 -17 -235 -22 174 215 78 146 145 -205 223 144 111 120 -157 -223 -231 62 -12 99 238 228 -44 167 -193 -50 177 230 -159 134 86 208 -147 -40 222 -4 -104 -183 -198 -59 125 -120 -1 60 190 -221 -42 -151 47 -89 161 110 -76 64 207 53 42 -13 -62 30 96 -128 -248 -66 -96 183 206 213 -243 54 27 -39 52 246 113 221 -95 12 -102 6 157 -209 -168 -142 13 -200 84 205 -139 170 195 -150 235 40 -191 97 -56 179 -63 129 133 -18 140 -67 
TEST 155 ARG:181 -27 -45 -3 -182 93 249 -137 194 -175 21 150 -165 -186 227 2 90 -48 70 -139 -130 -198 226 19 175 -59 -193 210 177 48 46 161 238 182 18 -231 82 -73 76 72 -154 192 79 -86 -50 -113 25 -107 103 -212 234 -215 117 101 -119 -140 -161 -121 115 -155 -159 125 98 -102 -132 7 -55 206 -179 240 185 -85 14 73 193 15 -181 -211 -94 -243 141 -169 11 229 35 94 -183 151 -108 -62 178 75 -167 10 158 -235 -148 4 160 1 62 165 -104 -160 -114 -191 100 -206 47 -138 -40 171 202 -241 186 -245 135 -244 -166 -24 -80 -4 63 -88 31 36 -29 137 201 207 33 223 113 244 -240 105 -213 -16 134 45 -217 219 80 -177 -35 -126 154 -146 9 -25 5 30 -117 -101 -202 -145 -171 -23 -125 -87 -142 -153 121 -226 -22 95 6 112 -228 -39 -79 -99 -149 106 -150 164 187 23 -38 -37 -8 50 -144 -185 -164 34 32 -75 246 39 132 78 -78 12 -106 84 243 97 -230 241 -204 233 -196 -90 -63 -72 236 -58 231 38 170 -5 -224 -14 -127 225 221 -6 40 220 -12 169 49 -168 232 216 166 -143 247 20 204 230 66 -32 -116 -236 8 116 -82 -214 -2 -51 149 81 -223 -172 -100 138 -173 -44 -187 -152 -221 109 85 179 212 147 -98 67 239 -129 188 245 -147 -128 214 114 123 -120 190 -246 146 130 -118 96 118 91 195 197 173 -26 -64 131 162 -70 -158 -131 215 -20 -67 -210 107 203 -189 -49 -61 -218 -105 -71 -233 51 -123 127 -77 -229 -46 -199 -247 60 119 139 200 92 69 -157 26 -205 -133 155 -17 237 -47 -28 71 189 0 148 -163 -232 -170 191 196 -184 -84 -250 -195 140 3 -65 -174 168 -30 -207 -93 176 61 152 -83 157 54 142 -112 -216 -56 64 -54 -162 43 -96 111 -122 65 -248 37 120 184 -103 205 -156 167 -219 -97 -92 -21 86 -41 128 -42 -239 145 -33 129 110 -249 28 29 235 -81 -227 124 -151 -134 -74 -190 -180 248 242 102 -192 -13 -242 24 -53 -9 55 -209 126 199 41 -238 -31 -225 -234 -15 213 87 104 -237 56 -201 183 57 108 -135 44 156 16 218 -124 -11 74 -178 -7 -52 -220 -110 -89 222 198 143 136 211 224 68 -1 208 -34 228 77 -43 -66 -109 -91 -69 88 13 99 217 163 52 58 -200 -60 159 -208 -10 -115 -111 -222 17 -18 144 153 172 89 27 -203 -68 -176 -188 -57 -194 209 -19 174 122 -141 133 -136 22 83 -36 -76 42 59 180 53 -197 -95 
TEST 156 ARG:-129 -156 128 6 18 -36 -155 195 73 -91 -110 117 -157 -6 -170 -10 -65 34 -165 152 -147 -125 80 -131 157 -167 8 107 -227 70 67 141 20 175 -142 -171 17 -187 233 -208 -168 23 89 91 -23 248 -81 -59 127 -152 43 126 135 227 215 87 169 -221 -196 -52 39 -123 -101 -70 13 -250 145 5 44 -193 -182 46 180 -121 98 -45 99 134 213 75 -177 245 97 -126 -13 -173 131 219 95 -158 36 -232 -105 16 147 164 -93 -183 -204 167 -226 223 57 40 83 115 246 133 -95 -229 -203 -124 142 55 -212 9 185 197 4 207 208 -219 -153 -60 -184 -35 -73 178 -215 -130 108 189 172 -15 139 -99 -214 -164 -57 210 199 231 -41 -51 194 -205 -82 -88 121 0 -76 69 174 -118 45 226 190 -116 90 31 56 162 -78 -2 -25 -148 -176 35 165 -246 -22 -61 14 63 -84 156 68 111 -209 146 81 -16 235 -133 -30 32 -127 96 33 161 -181 224 -145 149 -241 103 -197 -179 184 -143 64 -74 221 119 -191 228 -44 -114 -55 58 -136 206 118 -242 244 -198 -146 -224 -149 30 -166 10 -104 62 -77 243 176 187 -206 220 60 26 -85 202 -43 -223 242 -185 -26 76 53 -83 229 -112 59 -80 1 -17 -38 -139 72 -140 -132 48 -231 54 -64 -32 -144 -86 -174 138 -169 -120 -117 104 -56 216 37 186 -5 150 42 52 214 -97 12 -194 181 -53 -9 -150 151 -162 29 61 -47 -18 177 21 -202 -12 -69 -199 -213 109 50 140 132 -96 153 -161 -141 160 22 -135 -107 51 -109 -19 -134 -190 27 232 170 154 -159 113 3 -188 -128 -46 143 123 85 65 114 -249 183 240 -160 94 74 148 -243 -89 -3 -175 217 -230 -211 -245 -216 -234 -62 166 -4 241 173 182 239 209 -228 144 -87 -186 2 101 188 -154 92 247 -33 203 218 -172 -100 204 -137 -236 -31 129 -102 -34 -163 -75 88 163 -247 -235 -225 -29 100 -71 -217 49 38 47 122 24 136 193 179 116 82 -138 234 -40 -192 236 -210 71 41 86 -39 191 -48 -14 -79 125 159 -119 -207 105 -218 249 -180 -72 -11 102 19 -239 -66 -8 -201 -27 -63 237 -58 -240 110 11 -1 -90 211 201 -54 225 -220 -189 -24 66 -21 106 -238 -115 168 15 28 -42 155 200 158 -37 205 120 -248 212 77 -68 93 -67 -108 -113 198 -20 -233 -151 -103 -195 -92 230 79 -106 -200 171 130 124 192 -50 112 -178 -111 -49 -244 7 -122 -28 137 78 -7 -222 238 -98 84 -237 222 196 25 -94 
TEST 157 ARG:-47 -46 10 165 -237 -151 -241 -40 119 147 26 80 -244 27 89 -103 -171 -185 102 -73 -146 -42 221 -152 -230 156 -100 161 55 -229 67 162 -20 78 -218 186 -164 -97 -201 211 -242 -173 201 -17 14 -147 -145 -72 -221 109 243 164 45 207 28 231 5 60 -134 -130 54 235 20 11 -198 -234 -44 -223 53 -39 -213 -246 -232 212 -4 240 197 160 -200 -18 230 -80 97 246 75 -98 59 -129 226 83 -194 -60 190 94 -69 232 191 -216 -45 198 -95 -226 -157 -224 101 -176 -65 132 68 38 -56 -121 -238 -15 -9 143 -153 -12 -190 -191 -172 141 155 22 -62 -212 -90 62 -116 -132 113 73 -139 29 -231 128 153 -104 93 118 81 79 -219 -236 -195 -143 -71 -217 42 -149 71 -14 219 8 -192 -161 96 32 57 -184 104 185 -175 -248 -222 65 -108 -179 -123 -128 126 -210 110 25 -182 30 171 189 72 135 -188 -2 -205 33 -122 -114 63 187 140 88 2 -68 -43 111 117 223 -235 36 -19 -193 23 248 92 188 -214 138 15 -10 168 169 -227 -243 -75 -181 -64 -1 7 220 217 -105 106 6 -125 -209 -187 91 -58 195 125 -77 -154 -160 163 44 236 52 224 -16 48 47 -159 -36 -148 -211 -233 -91 37 16 -239 136 139 -67 -220 -83 -37 -78 -168 -25 145 40 -102 -13 66 -11 -158 174 172 203 -174 120 -138 -207 108 -228 238 -92 107 234 -96 -215 -27 242 249 -57 148 115 -109 -30 -166 -55 99 196 -23 41 -66 -137 -86 -8 -107 -183 31 177 -52 112 -34 -87 -82 19 225 -99 204 247 206 209 -165 134 98 1 229 105 -29 50 13 114 -81 -141 123 150 84 -140 -245 12 -115 166 -120 -51 46 -59 -135 -204 -41 -79 121 17 193 -126 -28 151 -178 180 -133 152 77 -249 -7 -118 214 176 -196 -112 194 34 -199 239 -177 -24 -189 -50 -106 -33 18 200 167 -127 -163 215 -247 69 -54 85 192 213 -48 -5 241 182 74 202 144 56 -88 184 208 -155 -21 124 -186 183 3 -74 -93 127 122 -38 -84 -101 58 -180 43 100 -225 -89 244 -85 -111 -113 -6 154 142 146 -76 -119 -110 -202 -167 -136 -94 245 116 24 -169 -35 -162 -156 133 -142 -203 -208 199 158 173 137 -26 205 -170 159 4 181 149 210 9 35 90 179 61 70 76 222 86 178 -240 95 -150 64 227 228 -117 39 129 49 130 87 -3 21 -70 51 175 -61 218 131 -53 157 -22 -63 216 -250 170 -124 233 -32 82 -49 -197 237 -131 -206 0 103 -31 -144 
TEST 158 ARG:37 -112 -72 0 42 -120 -15 147 130 -73 -241 194 39 -237 -82 136 76 -39 -3 -97 208 -153 -51 60 150 218 -150 -29 102 -184 222 -59 -66 -181 216 15 -92 -33 -17 -124 -227 94 148 -146 -205 178 -242 -100 -47 236 82 -13 198 -160 249 97 -142 20 157 36 69 -169 -191 -250 141 -84 -110 16 -55 -247 187 243 117 176 8 -199 -129 81 91 210 9 68 -185 -54 -139 -224 -148 183 -22 -159 164 119 -74 103 189 242 89 43 196 -147 237 229 -62 173 223 -96 -34 163 -106 -134 -138 111 1 12 -155 38 -233 79 186 -23 -79 28 -186 -10 52 -75 135 106 -32 -173 -166 -43 -240 -149 104 -206 -18 -24 -58 -209 248 -137 66 -114 227 235 144 -151 -232 228 73 181 129 -93 238 -98 244 -31 206 219 -45 -223 40 122 180 160 -245 -25 -165 22 -179 -175 -195 -177 204 -239 125 3 158 -219 -197 200 -231 -35 55 190 184 124 128 -36 85 86 -244 58 171 45 -211 -109 -70 -187 -30 -108 19 197 31 -1 13 123 -11 99 50 -192 -37 -216 -42 -9 4 96 -99 -118 -180 170 -207 25 105 -128 -176 109 -57 205 246 27 239 -162 -193 -201 -236 226 -80 -60 127 61 113 -46 84 10 -85 29 -196 -238 -164 166 47 32 -200 107 185 108 -131 -28 -61 -172 -220 -188 -56 240 -117 -221 162 110 152 140 11 -229 83 -19 169 54 -8 -183 -194 49 -121 213 -65 -182 59 -167 -90 56 -101 182 -178 139 245 -249 145 -246 70 133 -7 65 78 71 211 17 -69 217 -135 179 -174 100 -77 63 -113 53 174 120 134 -63 -243 -228 -198 23 -157 -163 215 90 177 5 121 207 -217 -95 33 153 -44 212 -89 75 93 -170 -111 -136 34 46 202 -50 -213 -67 -225 -235 234 -234 62 -130 114 188 -87 2 -218 224 191 241 138 48 143 -115 131 -140 116 -107 -103 137 -38 156 -94 231 -64 44 -152 -68 35 -210 -125 -171 26 -126 -202 172 -14 -123 214 247 -143 221 98 146 225 67 -78 87 -144 142 64 -105 -204 -141 -189 101 88 -226 -53 233 -12 30 -104 193 -168 -20 -4 -41 92 -26 57 -133 -145 155 209 -212 161 -52 -230 -215 80 168 72 -161 203 192 -190 -154 -6 7 -83 51 6 95 -214 115 -76 24 230 -5 -88 77 -27 -132 -48 -81 151 118 220 18 41 232 159 -116 -40 195 -222 -21 -158 -86 -16 -156 74 112 167 -102 199 175 201 -119 -122 126 -2 -248 -203 149 14 -91 -127 21 -49 -71 154 132 -208 165 
TEST 159 ARG:83 120 -124 -120 -144 -155 146 -222 -119 -127 -10 -131 25 -62 149 229 99 216 181 -148 72 -176 28 8 5 123 219 240 -162 154 16 -32 -51 -43 173 82 213 -60 43 -154 3 212 -15 -137 196 211 103 202 -117 54 -1 -7 227 155 -135 -14 224 -143 -42 68 -91 201 64 -224 -161 -182 -152 -138 50 -229 -113 -109 -76 165 29 -181 90 -130 218 -217 105 -244 125 -189 -66 -2 -61 58 -238 37 143 -202 9 -196 40 -97 191 -175 -150 27 161 -173 -54 -159 46 -183 47 208 -121 188 26 -204 17 -149 -156 55 -57 -72 -40 -110 -111 57 139 -82 -87 -36 126 -245 -200 -241 22 -133 -70 153 -98 -210 200 77 97 -78 -158 -30 7 -239 117 177 61 -77 197 -172 -63 -170 -185 -17 -207 -100 -178 -29 235 172 102 -12 -227 84 220 -38 -208 -93 -163 115 41 1 -96 237 185 162 -169 184 -122 6 -55 -95 -116 -203 -21 -219 133 -213 70 189 -214 247 52 49 74 238 -195 128 38 -194 131 -192 226 -236 108 -164 -11 186 138 21 223 79 -53 -107 -235 -180 -230 190 233 -6 -94 95 35 -165 71 -3 121 -187 129 -46 96 39 175 222 225 109 -99 -205 -141 15 -67 -47 -134 -168 -123 59 -171 207 -27 -211 -221 18 -92 180 151 187 -226 -56 -22 -136 204 137 -83 156 166 122 -89 209 -64 134 -18 -108 230 -193 242 -232 -101 -13 195 75 -39 -240 -24 232 135 -106 -75 164 -8 203 -201 -33 48 159 85 178 -129 236 -197 144 -248 -85 145 -105 110 140 14 -37 91 245 -234 -65 10 -20 -206 -250 116 4 -151 124 147 194 -218 -220 183 244 69 31 44 241 -199 -132 -153 -73 -145 -103 45 132 205 182 67 239 243 73 -243 -142 -115 -223 88 -49 -184 -44 176 -198 -179 130 -146 -90 36 -84 60 -167 -191 -186 56 210 -247 221 -216 -19 -233 106 -80 -50 -212 98 -34 -31 -177 -45 104 -16 23 148 163 171 -249 -231 -71 168 -114 127 33 -86 65 -48 -59 34 141 12 -139 198 -125 -5 150 158 89 -102 217 -228 -4 -68 -157 -88 -41 80 -69 248 136 -35 -9 -225 0 157 113 152 -188 93 -74 92 -104 249 234 -190 192 11 20 -52 -246 170 42 -160 -237 -26 78 107 179 -166 -147 13 -242 142 94 -28 -126 101 63 193 -81 76 167 -23 169 24 30 -118 81 215 231 100 -58 -128 32 160 111 -112 118 -215 -25 174 -209 62 214 66 199 86 53 51 -174 -79 246 206 19 112 119 2 228 114 87 -140 
TEST 160 ARG:-175 -205 -129 61 179 228 186 -94 91 95 202 -167 -207 -216 3 -144 187 20 -105 87 -140 24 203 104 -40 -43 -72 239 -44 -185 -109 205 121 -117 26 72 100 -4 -39 4 64 -42 -196 -248 214 -234 -189 -218 74 166 -82 139 143 197 70 -133 145 56 -240 -61 -145 188 231 -168 -70 204 49 40 -5 -244 -79 -97 -227 -232 -142 80 147 78 -247 245 161 182 -113 12 -172 117 9 141 238 -12 17 -50 34 173 -33 -192 -186 36 -49 44 237 43 67 -148 7 -208 57 216 165 -217 79 -23 -225 -29 -236 -239 55 105 6 -98 -154 13 -56 -84 -118 196 124 -160 -143 59 -134 -184 31 -121 -102 -10 -120 -95 134 -128 154 142 129 -209 220 96 153 169 -214 -112 -89 -203 -245 -88 -182 167 249 -21 -77 217 -125 -108 32 -38 2 -206 113 176 22 -46 -231 116 118 -68 190 -16 -7 -238 -104 -8 -73 212 25 66 168 195 -26 -83 108 -3 -155 -76 112 90 -197 85 19 229 73 -201 47 -136 119 60 235 -90 125 -204 -135 -15 1 158 -9 75 -242 -52 207 191 177 68 225 50 -211 -71 -131 29 -103 -17 150 -224 170 162 86 240 -2 -250 128 226 -130 -22 30 175 83 103 10 -25 -179 -226 -233 218 42 122 110 159 -162 -163 -74 -93 -164 11 38 65 -157 -127 92 33 -165 -194 244 -230 172 -237 224 -24 136 -159 -99 -58 82 -215 183 -62 209 219 -47 106 51 184 -173 -213 -110 53 69 41 146 180 232 89 -169 -30 107 138 -63 46 233 -177 111 194 109 189 62 152 -115 -150 -101 135 -219 -183 98 192 -35 -249 222 -111 -152 221 230 15 -54 -229 -91 -228 201 -200 -191 54 185 -96 -67 -20 -151 132 -199 -181 58 -13 -198 248 -180 -59 94 -6 -187 193 -87 -137 -60 81 242 200 114 71 -223 -28 243 -19 5 236 -222 -138 210 -55 -64 39 -27 -190 -123 131 -66 97 247 -178 -92 -78 123 223 144 208 -202 -65 206 -100 -132 0 -106 76 -210 -51 -124 -107 14 163 -246 211 115 -147 84 -149 171 -36 28 198 127 8 -170 156 126 213 -53 93 -116 -1 227 -41 199 -146 -75 148 23 63 37 -48 -139 -32 -188 27 35 215 -31 52 -14 -57 155 140 45 -18 -176 -34 101 151 -156 164 -195 99 21 -193 130 -243 120 -85 16 -80 -81 -45 77 102 -11 -153 -212 -37 -221 -174 -141 -119 178 181 149 48 241 18 -114 -220 -161 137 157 -158 -126 88 -166 174 -171 234 -241 160 -86 133 -235 246 -69 -122 
TEST 161 ARG:229 -22 34 109 -104 97 -50 -172 127 21 226 -147 110 -53 33 145 49 -70 -238 -134 182 -73 136 161 214 42 63 -33 20 -225 -14 111 -4 -141 -25 220 55 -99 242 -13 -72 25 -8 -128 143 -217 178 56 -231 -195 82 -159 -163 -189 225 70 230 -213 205 5 234 176 -212 -105 88 90 -158 -162 -3 126 -171 64 72 -7 7 -223 58 -2 60 -18 -24 -218 -43 -45 -63 151 163 80 154 211 -197 202 132 -107 -94 -208 233 221 224 247 94 29 -167 107 -125 -121 -135 139 69 -160 -215 -174 -148 -54 -122 -30 39 241 -116 -196 32 -200 213 65 138 89 -106 -142 -124 85 -118 -35 216 92 204 192 201 9 -86 167 -123 -211 -153 140 -47 -131 -88 218 -190 61 -176 135 243 -115 -120 -150 118 -100 -34 -193 81 66 41 196 -207 -245 -161 -95 -74 120 -166 240 74 -119 -185 188 -27 -170 -91 44 -201 119 153 102 -110 -32 17 -36 141 -181 -198 -71 78 30 37 199 106 -240 -41 212 235 -168 195 -39 -228 171 36 -9 165 -37 -136 197 168 -23 219 101 -40 162 237 122 -66 -117 115 -49 53 -224 159 -108 -199 104 -149 24 -82 -244 48 -132 -133 -80 232 40 16 -17 207 130 203 -243 -102 -57 -85 -76 87 133 -235 144 11 79 -250 142 128 47 -5 117 -55 -114 -146 -183 100 45 194 27 -52 -139 -78 -56 103 -67 249 166 86 -109 -222 -155 -241 83 131 -140 93 -175 8 217 -232 208 -248 246 183 84 180 185 43 -182 -138 -19 3 -113 148 12 -169 152 -65 245 175 -90 -112 -187 239 4 209 -89 -96 -81 124 22 76 -46 -61 18 -165 50 181 -209 -220 -145 -204 75 96 189 -233 52 62 -26 158 -188 236 155 210 -21 177 187 129 -97 -48 -179 -42 160 -202 169 -16 -173 149 231 -83 13 99 -93 -127 2 -214 28 6 -184 -249 -1 146 184 14 -111 108 95 -246 198 125 -144 147 -239 -236 -20 248 -154 173 206 -69 -151 -58 98 -87 -203 190 -44 193 -31 191 31 -237 -137 0 -178 -242 223 -60 26 200 -152 91 -129 19 -101 46 179 186 -192 -6 -15 227 105 59 137 -10 -221 238 157 215 54 170 -219 -194 1 -68 35 -29 23 222 -216 71 156 15 67 -156 51 121 -28 228 -77 38 -84 150 164 112 10 -247 -62 77 -103 -205 -186 -177 -11 134 113 123 -12 -143 -230 -38 -59 -79 -157 -229 -164 174 -226 -191 244 57 68 -98 -51 -234 -227 -206 116 -92 -64 -210 -126 73 -75 172 -130 114 -180 
TEST 162 ARG:-213 -219 -120 -192 -100 125 78 163 218 -32 74 84 35 -170 -230 -135 -68 54 -228 -76 -144 58 -21 198 -96 156 158 179 -224 -179 31 187 -186 -124 23 -83 -93 -92 59 -90 27 221 215 -178 202 241 7 -44 106 18 -125 -220 166 71 225 207 -49 -201 -98 -249 -1 -102 -188 206 164 28 86 -111 110 -242 130 219 6 189 -101 24 -168 -12 150 123 196 -115 223 90 116 -57 101 -173 79 209 184 201 153 53 192 93 -67 -118 -19 -43 -194 191 167 -152 -106 -109 120 -73 -30 -223 -112 222 -38 -156 -29 60 62 -78 2 -212 243 21 -237 -227 32 185 208 -216 33 -104 26 -22 -41 3 -34 -204 -39 122 -91 48 -189 -47 173 141 -75 -50 -18 231 -82 139 171 -233 205 121 -218 96 128 -128 -122 216 -165 89 235 244 -169 -164 15 -206 -243 -84 13 -89 46 -240 29 39 -88 20 176 -158 169 -197 249 72 -28 70 -72 108 133 -132 -214 140 50 193 -180 -108 -226 146 -46 9 -207 -157 138 -114 -11 82 -65 -210 77 144 124 47 -53 -127 -159 -94 154 -123 -129 -147 -246 211 -154 -195 109 -59 36 41 142 -6 -14 81 -4 -163 30 98 199 -16 -24 134 228 212 200 129 -55 -110 161 127 85 11 68 -208 132 238 17 37 -222 -134 34 -3 136 165 186 195 172 -232 -62 -37 -145 149 51 -181 -182 157 -184 -175 87 220 -244 -236 64 159 -107 -60 -185 65 104 -17 -54 -202 105 -117 -69 -103 -166 22 100 -176 117 -239 91 8 -99 -133 247 -211 -209 -200 217 -8 16 -177 76 248 145 182 -119 -138 -151 -85 -36 -161 -247 -7 -61 -27 -137 44 -26 178 -235 12 -198 183 4 168 92 88 194 73 -33 10 -63 115 43 -95 233 -131 147 113 155 162 -146 -31 -149 94 -199 -13 -172 -143 1 45 -79 -77 214 19 232 63 0 103 67 -70 111 181 102 -148 38 -171 -248 -97 -126 -167 -160 -225 -58 148 -245 -250 -190 -80 -71 180 52 -130 239 242 234 230 107 114 -142 118 25 -66 197 229 143 66 -231 -150 203 -215 -174 -153 -48 -205 240 -86 80 -2 -162 213 190 -187 -25 204 -140 42 -193 5 -141 -105 -20 97 -116 -56 -42 75 135 151 56 14 55 -64 -191 -51 -217 177 83 137 -87 237 99 -196 -45 -74 -9 245 -5 -229 -15 -81 160 119 -234 175 112 -241 -221 95 224 -203 49 -23 126 -40 -35 170 152 -155 57 226 -238 -10 61 -113 40 246 -136 -139 188 -52 -183 174 69 236 227 210 131 -121 
TEST 163 ARG:-75 130 -188 -211 79 -167 225 -101 -212 -137 168 -81 -9 245 84 -59 -19 228 -175 -38 114 248 25 -179 57 -35 204 192 95 110 -57 -50 19 29 216 233 65 -5 41 94 -187 67 27 -166 158 -6 172 -160 -111 -141 201 -103 -95 -248 -48 53 -149 -34 -183 102 -132 83 169 116 213 -107 -147 97 202 183 23 241 70 -26 31 -209 -198 -146 215 7 180 214 -225 21 -245 173 193 -53 -2 205 211 3 -154 -197 -115 -142 -112 210 -234 91 191 -232 212 -4 -71 -85 50 142 -45 47 -73 -24 235 46 40 190 -219 71 164 14 -193 198 -110 134 69 150 9 -207 -244 209 -169 -155 223 217 -60 -228 85 -223 234 -145 -195 -119 226 -150 -217 -176 -94 -89 -215 -239 221 -36 -92 -184 -105 49 -199 -20 60 -189 -121 43 -56 -235 182 125 187 -246 -65 -208 -200 2 -126 246 197 -158 -226 13 236 -128 170 177 112 45 -30 115 -242 141 171 -52 156 -227 160 -93 -46 -96 222 -90 11 -133 157 237 161 -172 -129 87 -41 -1 -16 178 104 219 203 -173 -122 -170 -82 99 28 -8 48 244 -168 145 -64 167 -125 107 -127 159 194 -72 129 140 230 -22 37 196 90 200 -10 105 -84 58 -29 -134 103 220 -79 224 -7 98 -151 -218 101 -98 -83 -130 -106 -68 72 -156 243 -21 86 -124 -51 93 -180 132 186 146 82 -77 113 126 -139 39 -192 15 35 152 117 138 17 5 -190 -140 -194 -202 -47 68 -181 -99 123 -70 229 -63 -49 -250 147 195 -113 166 -224 92 -40 74 240 64 4 -231 133 -238 -23 -236 -86 81 -177 -61 96 -162 38 30 -33 128 18 189 -178 -116 -44 -196 -174 26 -205 -54 -80 -185 -12 218 120 -144 -204 -249 -163 122 -191 -214 -159 155 -131 16 175 -233 242 -118 77 -229 131 -152 -117 -62 12 136 54 188 78 -241 -74 -14 51 135 231 -97 176 109 6 -100 -164 207 -135 42 73 -87 -213 -32 -11 179 -39 -25 -43 144 238 137 24 100 143 153 -17 -206 34 33 -153 -76 127 -15 227 -161 108 44 80 -157 249 163 206 59 10 -138 55 -67 32 232 1 181 124 62 -102 -3 8 -109 149 20 36 119 -123 208 -221 -143 -222 -165 -171 185 -88 -37 -27 184 151 -114 66 -247 75 63 -216 -13 154 52 162 -66 -182 111 -203 -186 199 -58 -28 89 -240 -18 -210 -108 -243 61 -69 139 -148 174 -78 -91 -230 0 121 -220 56 -42 106 -55 165 148 76 -104 247 22 -120 -136 -201 88 118 -237 -31 239 
TEST 164 ARG:-34 121 -175 -98 -92 -2 -97 -137 -7 -101 -176 192 14 15 -138 -233 -9 30 -78 89 191 56 -139 -149 213 188 -96 -182 57 78 63 164 -226 -183 6 2 225 123 -225 207 82 -62 208 -173 -80 112 12 -19 3 -93 -228 99 33 -26 214 185 71 17 140 -84 37 -229 45 -244 175 109 180 133 -110 -106 -167 4 -99 8 -195 -231 -21 28 211 -172 -196 -180 -38 40 -221 94 -130 -67 -227 -128 172 124 -246 88 147 -213 -185 233 -89 102 41 -150 -11 230 113 92 49 122 -87 -86 -218 101 -232 -201 -155 248 177 -90 -193 152 68 232 97 -46 -10 -105 -151 -158 46 -25 95 222 50 -45 23 80 -168 -184 163 -109 5 -30 -16 -134 -188 -248 125 145 183 -121 205 -212 181 -18 -57 -179 -215 -14 -4 -181 -159 -12 -216 -59 53 216 52 -120 114 -206 -1 -122 10 -245 182 21 -111 -31 -189 32 11 193 -238 -250 -28 -208 111 227 -220 184 42 -203 -75 153 -88 47 13 139 -74 -50 220 -235 105 -5 200 -143 81 7 190 -71 -199 166 138 -81 -224 -163 -140 -54 198 25 158 -119 -237 159 165 -142 60 -152 -156 106 206 171 16 -160 119 130 -135 170 -114 48 77 35 -29 38 126 -112 116 135 -39 29 66 -243 18 -124 -118 -23 -95 169 91 -66 70 87 90 -15 -247 -51 -200 104 -3 243 -147 168 -40 98 -144 203 -164 178 -202 -102 -113 242 234 -58 201 179 1 167 142 86 69 202 -127 93 219 131 -209 34 -197 -65 -37 -222 -94 -32 58 -131 187 -6 -64 176 -53 -100 83 -61 -55 -249 120 -91 -68 -126 235 -169 75 -47 148 221 -219 247 150 -211 -132 238 -125 217 237 -165 141 51 156 -187 24 118 162 -207 -115 209 161 186 -191 215 134 96 -107 107 128 -141 84 -166 64 0 26 226 -123 137 -178 136 173 22 -117 197 -236 -174 224 240 236 44 244 -44 -33 -35 228 -73 212 -24 36 151 -230 43 229 85 -103 196 73 -161 -157 100 20 -76 223 -43 174 -52 143 160 72 19 -69 -56 -77 9 -190 -41 -171 155 108 -49 -205 55 -60 -241 -170 -210 115 -145 -146 -63 157 76 -72 -133 245 231 -17 -8 149 -48 127 204 27 -22 144 54 59 -104 -186 31 -85 246 194 -136 -192 -27 -129 218 -194 -36 189 -234 249 210 154 -242 239 62 67 241 -223 -239 117 -79 -148 146 -82 61 -198 199 -108 132 -162 -217 -13 65 -83 -70 -214 129 110 79 -177 -154 -42 39 -116 -20 103 -204 -240 74 195 -153 
TEST 165 ARG:245 -92 -121 249 -235 119 -225 179 108 142 143 128 13 -2 129 -16 217 -202 -187 205 140 -217 -107 -145 77 -218 -167 204 -59 51 104 25 117 197 96 -203 -15 240 127 9 21 -62 74 175 171 -117 110 -140 -100 -177 98 111 59 -61 233 -28 -93 -159 -226 133 207 -11 -116 -126 184 -39 106 144 -138 -41 -212 235 -119 227 137 -23 48 -210 -78 102 -49 -90 -108 31 39 156 -63 -228 -135 -179 86 61 -237 -206 -22 12 -148 -249 53 -236 121 -213 -51 -98 75 206 -150 120 -37 -229 -17 157 -241 -73 -204 -7 195 164 -55 158 -134 -199 70 -9 -85 224 -197 -64 33 24 67 -142 -42 93 35 -168 -232 22 232 10 91 -68 -118 -14 132 -84 -32 -12 -30 -208 -147 46 155 162 60 -3 173 -105 194 210 -34 -188 166 -201 -27 84 198 -181 -173 -211 -96 -111 -222 170 -35 -13 71 -200 -214 -82 62 -75 -198 95 -141 146 -102 177 -89 172 65 -166 229 -146 141 214 118 -58 -120 -127 236 28 64 5 -53 -60 -95 216 200 -103 212 202 -5 -172 114 -74 163 189 244 -220 237 101 -10 126 90 181 -112 42 -233 -129 34 -99 -246 107 187 4 211 -155 135 -209 -160 36 79 -38 -113 -144 190 -163 -234 -169 -71 -137 185 183 -70 234 7 -207 73 -133 57 45 -180 94 165 -130 -158 -21 78 -161 -136 242 -182 0 83 -192 147 49 19 -185 -193 182 -205 -47 -240 -110 199 -143 -191 85 58 17 -72 160 -44 169 -186 -81 105 -52 188 -175 -170 196 -36 -230 -106 -162 -178 41 -153 134 32 -8 27 26 -20 208 68 52 -65 161 37 -183 247 -26 -215 -80 125 -250 112 14 -79 -114 -247 -165 43 -195 -6 180 -86 -1 228 -128 -245 1 -149 -139 16 178 248 -152 221 218 113 -54 115 66 72 76 -29 -18 123 -238 -194 -124 63 225 149 124 -43 -77 152 -91 92 40 231 88 -242 -76 215 11 -164 168 -244 100 -31 -216 -248 -171 -189 3 50 -224 55 130 148 103 -25 226 176 -87 201 54 -125 -19 -196 -40 239 -46 191 -67 154 243 186 131 153 82 99 47 159 -221 -156 -122 23 -184 138 18 44 -57 8 97 -115 -176 2 38 213 122 -219 -97 69 193 174 246 -131 -132 20 -154 -243 56 -24 116 -45 136 167 -101 209 241 -227 -69 -56 222 -83 -48 -190 151 87 6 -109 230 -104 -88 109 89 150 -174 15 219 -33 238 -123 -223 -94 -231 29 -157 -50 223 -239 192 30 220 80 203 139 81 -66 -4 -151 145 
TEST 166 ARG:-113 -15 -11 -20 -27 -219 -244 44 105 154 -98 -66 185 -240 224 187 -114 72 -129 14 -3 -36 13 -134 52 18 -218 8 144 11 16 -224 103 -54 -83 -7 -247 249 -150 -111 -21 -174 121 148 201 146 -226 67 234 181 86 -239 -221 -159 -166 -67 -212 64 175 -228 63 -14 -6 -119 -41 204 -210 -204 -48 -115 -58 228 203 -117 -144 232 226 200 160 48 62 171 129 -65 195 -183 -238 56 -213 248 -46 -236 132 -28 174 -192 124 223 -223 215 -139 115 -156 -43 -42 73 -179 155 85 165 -248 111 -250 77 244 -126 -151 119 -147 188 197 -180 -52 81 194 227 -53 -4 126 192 231 -23 -89 -1 -75 96 83 139 -84 137 -80 122 -211 -177 -79 138 -101 -205 34 24 -178 157 38 -26 -69 -203 30 189 116 79 -153 -73 -87 216 210 -184 17 75 50 -106 -68 -86 -47 57 -22 -100 106 -9 193 209 229 128 42 -175 -77 -34 15 -133 -45 -17 233 2 -78 61 -140 -189 -62 -149 -191 161 -109 70 55 -29 88 180 -107 222 127 59 167 212 235 60 -30 -95 -122 87 -152 -215 162 20 -199 219 125 33 221 95 -12 120 -217 237 21 -116 142 -160 -216 -59 159 6 -158 -112 10 23 172 -108 152 99 5 -202 135 -220 -227 183 76 -165 65 179 243 -164 190 53 94 -50 -37 32 -143 78 -81 -145 151 110 -128 29 -82 -246 -5 -33 -31 -121 -57 205 31 1 28 -135 230 -110 158 -74 -230 -71 -70 -214 -233 36 153 182 71 246 35 26 208 156 -88 -102 176 -35 -120 97 -90 -44 -161 239 -93 39 4 -25 -51 -49 -123 -167 198 -39 -38 -132 117 169 -243 47 147 170 -18 66 3 108 130 245 -225 134 -190 -61 -157 84 131 -229 199 19 -169 -55 -196 43 -195 -235 -16 -193 41 184 -231 80 141 -163 -222 -187 -72 -8 178 -154 217 166 54 69 -40 82 -60 149 140 -32 164 -188 136 -181 37 242 0 7 247 220 -13 27 -232 113 186 101 123 -10 218 -237 145 -155 9 -136 -200 211 -206 173 202 68 177 225 25 -99 -24 -19 -141 112 241 -2 -168 133 58 -197 -172 -194 40 -209 -201 92 -56 -92 -104 -91 -130 163 118 -148 240 150 206 -173 -170 107 -162 -207 -124 -249 -94 90 196 22 -127 114 -118 100 -234 -208 -171 -245 -76 -137 49 74 213 -186 89 207 -182 -96 -176 238 93 236 -97 214 109 -242 51 102 191 -103 -105 91 -185 -63 45 12 104 -64 -85 -138 -146 -125 98 143 -131 168 46 -241 -142 -198 
TEST 167 ARG:-170 77 204 30 -203 208 246 -209 -25 223 60 55 -208 -32 106 84 160 104 -10 -180 -82 -115 -127 -199 149 132 -186 -249 92 -100 -63 -141 -116 7 233 176 -194 222 175 189 109 238 -57 137 186 236 27 40 -216 164 58 -197 120 -9 -1 195 -147 -35 154 167 -69 71 -28 -188 20 -43 -135 234 -204 70 -15 102 -126 44 22 -58 170 118 96 146 -168 85 -237 -122 -149 -78 42 174 72 -128 21 226 -247 188 211 -172 181 194 -98 156 -235 -37 103 197 192 -62 -243 220 -95 -16 183 -152 219 -234 -232 -55 -207 41 242 -56 -230 18 17 184 180 240 -178 -38 110 91 33 25 16 205 207 46 217 13 196 117 198 -177 -96 -176 -50 51 -246 -47 -173 -118 -215 3 131 108 56 -26 -45 -12 163 126 -75 113 134 -138 -6 -140 -88 67 161 -108 -174 171 148 -110 101 112 199 155 -179 73 -109 9 -165 -213 -114 68 245 36 -131 -71 -72 38 -60 -64 -250 -231 166 -102 -202 173 -4 111 1 128 247 228 -132 14 -227 -34 -158 151 -67 -42 232 165 -130 93 -53 -83 -79 -120 -187 32 162 -154 -11 -73 -139 -124 -151 -191 24 8 -40 -23 -196 -240 86 4 201 133 63 135 -171 218 -94 -193 -166 -13 249 -161 -160 139 -31 -21 105 -107 -192 -111 -225 185 144 141 142 -39 45 237 -233 206 230 221 -91 145 -49 -84 -136 -217 6 -156 -181 47 12 -2 100 52 129 -189 -97 193 -190 -198 97 26 34 209 -99 143 115 -112 94 -219 -80 -106 -241 203 89 190 -143 -239 215 140 -29 -119 19 -33 159 5 -205 -228 31 80 -214 -89 -236 -117 116 -153 -238 157 216 0 147 187 99 76 43 -184 -41 -221 57 -52 -30 87 -133 15 -200 225 121 -85 -167 -182 50 -103 -137 -155 62 90 -70 -27 -212 83 11 -206 29 224 119 -104 130 -101 122 178 -148 -61 -134 78 -201 244 125 -24 -51 -248 23 49 127 169 75 59 -77 -244 114 -113 191 -36 -44 179 212 35 -54 -59 -163 -224 82 -8 37 -93 -74 200 123 -175 53 -66 182 48 54 -142 124 88 -19 98 -46 -146 -164 -5 -20 -223 210 -150 152 -90 61 74 -68 -185 138 -211 -159 241 235 -92 39 136 172 -125 -14 150 -87 227 -245 81 -145 -105 -121 -226 28 -210 107 -195 -220 -229 -242 -86 -144 158 -162 153 -3 177 69 -22 65 214 10 231 -76 2 213 202 -81 -48 243 -65 64 229 -123 -222 168 -157 239 -129 95 -169 -218 79 -17 248 -7 -18 66 -183 
TEST 168 ARG:-182 9 -210 162 41 115 58 -193 89 -249 -239 148 2 -173 181 -26 -236 -72 -93 -233 183 94 60 -95 15 -61 -43 -178 206 189 167 -25 -244 -124 74 -24 -161 22 149 195 -79 45 219 205 -50 -172 -145 -162 -8 55 -231 -217 -152 -98 65 211 199 174 -175 -10 38 75 233 220 -171 132 -69 -118 -159 -201 -40 170 245 -12 -99 103 24 -235 145 -242 48 -197 126 -114 -18 136 -35 -133 187 -122 239 -105 207 217 122 98 157 13 105 -39 -198 -243 213 -169 198 11 -90 -113 -41 -224 -186 101 -53 -11 138 -42 -167 -211 66 248 164 71 232 34 223 -34 -27 194 10 247 134 -3 -7 -191 51 154 -4 81 18 -22 93 230 -45 -194 -200 -15 50 87 200 -155 -46 -232 -100 -195 153 64 -128 14 -84 6 158 173 -57 -206 -237 86 -234 83 249 140 152 108 159 177 -38 59 76 246 70 -1 -148 12 128 -17 118 -56 36 -202 -184 49 179 -245 124 178 37 1 -92 16 -101 100 -74 -66 -106 171 -81 96 -75 80 -96 -71 -52 119 19 32 92 -103 139 42 -129 113 -120 231 -23 27 -138 -176 -85 -87 -214 -112 102 -126 -89 -157 193 130 -48 186 129 -16 17 -185 172 -33 -82 -60 208 -19 -115 -108 -213 215 -110 -147 -21 151 117 212 142 -208 -248 -68 175 -30 -183 72 147 54 -140 -207 57 135 -156 -168 185 25 52 -165 -150 -86 21 180 91 -246 240 -121 -63 -64 -31 68 -221 40 -153 -130 4 -177 90 -116 196 131 67 -170 225 -146 218 244 30 235 163 -51 -20 62 -117 -154 238 -192 -109 -137 -223 69 -219 202 -6 -199 5 29 43 -151 120 -238 -104 -134 -67 -135 104 -180 143 214 -204 85 188 237 28 -136 78 -107 -220 146 107 -132 -14 3 -166 224 -226 33 -222 35 114 -190 -88 -123 210 -187 -215 44 243 -149 -47 47 221 -240 -139 56 168 156 -70 -141 53 99 0 155 63 190 -91 -78 -102 -9 241 -174 216 97 77 184 -13 88 -29 229 -131 169 8 95 127 20 -247 -97 39 -2 -119 -164 106 -225 133 121 -94 -227 -241 161 -125 144 -196 -144 116 150 141 137 -158 -189 26 191 -229 -218 -55 209 242 -143 227 -32 203 -212 222 165 234 176 204 -62 192 -80 -181 -160 -203 82 79 112 -37 -83 -49 -59 166 -209 -44 111 201 123 -65 -250 228 110 -36 226 -142 -205 125 -5 -28 -76 7 109 46 -77 -163 182 -228 -58 73 -188 -179 -127 -54 -111 23 236 197 -216 31 -230 61 160 -73 84 
TEST 169 ARG:141 221 -31 202 -140 134 -133 124 -227 -244 -247 -173 211 -200 -11 20 -192 -191 -105 -93 -83 -214 156 182 -175 248 115 100 -8 80 191 207 227 87 15 206 -96 -35 37 -137 195 -235 -82 218 -42 196 83 63 -132 26 35 150 0 164 219 198 -147 71 97 74 78 173 136 -47 85 -160 -212 -43 34 -215 -217 92 -131 13 86 183 162 -156 1 -248 -70 168 44 -52 185 -113 -195 17 94 41 75 52 154 -171 132 -78 -231 131 -29 170 203 -129 -168 -170 -39 224 -13 -210 46 -74 -15 -165 -99 76 -90 212 19 187 112 -186 -163 -111 -237 -66 11 144 -151 -36 222 186 127 -228 -246 -236 -89 -63 102 -23 -213 -106 246 -225 -88 161 -123 -41 -157 -194 -46 61 -205 166 -65 -94 122 -119 105 130 -250 139 -7 -2 243 -61 197 -25 -57 -101 32 -124 210 -22 -206 140 -241 -59 -1 -216 249 -134 226 163 189 143 33 -38 111 -179 -107 -55 -14 -73 -121 -37 184 128 -154 -207 51 -174 2 179 -221 -177 -67 -108 244 167 -155 7 64 -145 -125 -53 -209 93 73 98 81 48 123 121 40 29 125 -60 193 66 -238 133 -180 -201 -102 171 24 -233 -220 -120 176 77 -85 -117 95 223 9 -100 99 -166 79 142 89 -219 231 -196 -6 188 -161 -136 91 -32 107 50 152 180 49 -80 116 -30 -98 -20 -28 18 159 -126 177 62 119 225 -79 -69 -33 -95 -159 -223 -197 47 135 175 6 192 -164 -17 88 -184 -218 -167 -226 -10 -87 -45 39 -9 228 27 -188 215 -141 10 43 174 -178 -110 -139 25 -112 200 245 -27 -19 -243 -187 21 106 -114 -71 -91 14 -109 234 -182 70 -222 103 126 -230 -77 -150 -146 -158 69 -48 -189 -185 108 30 22 60 109 -143 -181 120 -193 -130 23 -103 65 -34 110 242 113 -239 -75 -16 236 -97 138 -54 209 208 -104 -72 57 147 -240 -49 -4 96 194 -56 -229 229 -152 240 137 205 153 -81 56 247 -12 -142 -190 178 -245 217 45 -199 -116 232 213 -202 68 -211 160 -118 -86 237 230 204 -224 216 42 28 148 104 149 3 151 -92 145 233 114 -5 53 -149 -204 118 -21 158 59 -138 155 -51 5 101 157 84 -58 72 201 -135 190 -148 -62 -208 239 54 -115 -203 172 146 82 -122 -44 -169 -242 -176 58 36 220 -18 4 -76 214 -26 31 -84 129 181 -183 169 199 -40 -68 -144 -128 67 -172 -153 16 165 241 -3 -232 -198 -234 -162 -24 55 238 -127 -64 90 8 235 -249 117 12 -50 38 
TEST 170 ARG:112 -250 145 -226 178 -63 -156 -62 107 0 -243 89 231 45 -30 -99 -194 179 142 -172 228 168 -166 -241 170 125 164 149 1 -136 17 -214 247 -235 -16 -24 -160 83 -60 53 98 -248 95 -249 43 -134 -109 -165 -59 248 213 -140 100 13 134 136 -171 -175 207 -88 -95 219 -57 -29 21 91 218 141 202 -167 76 189 -147 159 8 -56 -131 -229 -217 195 -178 -188 108 -37 -161 -61 24 200 199 212 26 -153 137 48 -234 -238 -240 -120 -94 -33 74 -118 -230 193 -154 158 99 -43 -168 79 -83 230 -193 -121 171 109 106 224 113 -144 -40 5 63 181 221 -69 -103 71 -111 -49 -21 222 69 -215 161 -73 67 -183 -155 175 233 216 -55 73 -12 -157 -105 -231 -53 243 148 -222 129 -86 61 57 127 -50 -216 -152 96 -210 72 47 176 -122 187 -10 -158 -130 237 -36 130 -26 -219 -76 220 128 -112 166 -202 60 -211 -28 201 -48 139 14 -148 -218 174 46 -164 183 94 -139 7 205 236 -74 -176 -204 16 245 114 192 143 -184 157 -129 -85 6 208 51 -221 -163 140 11 -135 103 122 64 81 102 37 23 -8 242 234 4 240 -145 -181 111 -98 -47 -22 -52 154 -195 120 -115 -45 -31 180 -212 -9 9 50 209 -191 20 -127 -170 19 116 -116 -197 -196 -187 -13 118 -87 -78 -17 -207 -91 -96 -151 -190 151 -174 36 52 -169 29 232 196 68 -132 167 146 -141 28 -38 191 241 190 132 -1 244 186 163 -90 131 235 -64 -159 194 150 173 210 -107 -11 -220 25 80 -110 -32 -149 42 -75 -205 -71 -97 66 -82 40 -182 144 2 -106 -70 30 147 124 75 -18 -81 -27 211 97 155 184 -5 -77 -20 162 227 -84 -25 -239 -242 -185 198 229 -2 -7 31 172 -79 93 -128 -66 90 156 65 204 -224 -186 -65 -198 86 -68 -150 105 15 41 -209 3 82 10 -246 135 44 -80 35 -225 101 -237 33 -125 -173 -143 -104 -233 -102 249 32 -177 -206 -113 -223 -213 -236 54 84 22 215 -41 88 -133 -245 49 188 58 62 85 223 246 -67 -58 -92 38 -126 -89 -19 -44 126 -189 -203 -137 27 -232 177 -227 121 -162 153 -244 -192 77 -72 -100 214 119 -146 -200 152 -15 -201 56 -51 55 197 -34 217 -138 18 110 87 -119 -46 -101 -93 -14 -123 206 -117 34 -3 165 115 -54 226 39 -228 -4 12 104 -39 -114 -6 -142 123 -42 185 -208 59 117 239 -108 182 92 -199 238 160 133 -180 -247 -124 203 138 -179 169 -35 78 -23 70 225 
TEST 171 ARG:140 -173 104 -228 -76 122 -60 -28 108 135 236 129 226 -223 -217 -48 193 223 63 133 103 198 75 213 248 228 -138 -44 43 -132 33 -115 84 115 41 130 -192 -14 175 55 -69 -22 -15 191 -180 -137 71 -232 1 50 107 178 134 22 -211 -170 -222 187 -55 -160 9 204 -112 -225 -24 219 -43 -32 -188 -42 141 -135 98 -114 -185 -54 158 -143 47 -175 81 177 95 -19 -81 35 247 -153 -113 -106 -213 -209 -23 -58 4 -91 56 -216 125 58 24 92 -17 -152 182 93 -240 -3 -25 -162 -47 -7 66 -205 0 72 -27 62 -90 87 -164 3 241 152 172 174 233 -37 -83 221 -172 -61 -56 -155 237 149 -247 90 197 151 205 208 -10 -200 -196 -235 -224 -97 229 -157 -183 210 -229 34 -86 16 -84 91 29 14 -202 239 -154 -105 -52 -107 6 164 13 188 -193 165 225 18 96 -96 -171 -51 -128 12 -220 11 39 -125 21 -219 83 -33 -36 -168 53 -208 25 -64 105 -197 -109 -102 114 -68 -241 57 73 249 153 -184 154 -18 -215 59 -70 161 48 -218 196 20 -21 -79 64 -210 99 123 169 -57 -204 -35 -59 -182 -4 -124 111 183 -161 131 -11 -179 -133 -145 89 -78 224 -80 37 77 -237 126 -242 166 -104 -246 157 121 137 220 -5 -121 -140 70 -250 -13 -75 60 -146 238 -116 143 -73 139 -45 36 -94 171 -12 109 -38 86 243 65 -8 -95 -100 26 -167 214 -248 190 -177 216 148 -239 -85 -111 40 -119 -234 69 -89 54 231 120 28 -191 142 52 -169 -195 -103 49 145 -82 160 -203 -201 -62 -190 -221 -186 -29 -108 -34 162 209 30 207 31 -189 245 -142 217 -151 -136 5 42 185 -129 201 -72 -49 79 -126 150 32 -123 168 -150 163 235 -148 -77 128 -53 200 215 232 -187 144 246 242 -243 -130 8 15 206 -93 17 -158 76 124 -249 -176 -198 82 136 -230 230 2 -144 -134 -227 78 101 -244 -194 119 156 170 -199 -117 -9 180 -66 222 68 -206 147 203 173 184 106 -165 146 112 167 116 195 -71 -131 240 -31 -41 132 -16 181 -127 -99 176 -40 127 -87 -20 -67 -141 102 -178 -50 -92 -74 61 -120 -65 -212 -30 113 -156 88 -166 -214 -101 94 202 -207 110 192 -174 -181 218 7 186 10 -110 -245 138 -163 97 -149 117 212 -236 118 38 234 194 -1 45 -238 -26 -159 100 23 80 74 -139 199 19 179 85 -39 67 -231 -122 227 -6 -98 211 -118 -46 -88 44 244 -233 159 155 27 51 -63 -2 46 189 -147 -226 
TEST 172 ARG:-26 77 -69 111 -88 -202 -206 92 25 48 2 76 121 -215 -5 29 206 -19 93 -151 39 -121 72 11 -25 183 205 -237 231 44 -120 219 -127 203 137 -89 -169 -228 84 132 -205 -122 -104 223 151 -21 184 -106 82 68 101 43 -137 46 -47 -177 22 -191 -91 229 -31 71 198 241 238 -101 -27 237 -125 -1 -38 207 -153 16 -108 -15 116 -56 -77 -79 14 -11 -110 -130 63 232 17 -28 112 -250 143 -46 118 138 18 -39 -207 7 157 126 -142 168 213 -160 0 163 175 -232 -71 122 161 13 -67 -70 -92 208 19 -200 192 -95 -102 -164 -52 6 128 94 -248 150 164 173 -45 242 -249 217 142 117 141 -233 -131 38 32 -90 97 45 105 -176 -41 -51 -227 89 130 169 -179 162 57 -49 -221 15 -238 120 -247 -135 52 -190 199 -81 83 227 79 -24 -149 -224 -146 -43 114 90 180 248 177 -40 -174 59 -148 31 147 -189 61 -165 37 -211 240 201 -170 66 247 154 -58 -132 249 -96 27 -72 156 196 -119 182 124 47 -97 -133 -239 74 -152 -128 239 167 -116 81 191 -118 -236 53 24 -163 145 187 -198 -78 -242 -124 108 -213 185 -192 10 -99 -53 176 -7 -107 220 78 -82 -201 160 58 -2 -229 -36 3 -162 -188 -161 -184 218 -150 -86 54 -94 243 50 -33 -9 -145 -220 49 100 210 65 -16 -59 30 152 235 -73 -212 26 -34 -178 -144 -209 -50 -84 230 55 200 -83 158 -3 28 -12 -139 -180 35 85 -218 -85 135 149 202 64 -62 -30 80 -134 70 -4 -13 -10 136 225 12 109 -123 110 -225 -208 -100 -105 131 -8 9 -243 140 -181 67 170 95 245 -241 -167 -222 214 -93 -17 -54 125 178 -141 -231 -196 -136 -114 -199 99 -166 246 -159 -129 221 129 -235 -63 87 34 204 -244 148 -204 -168 -230 222 -76 -173 103 107 51 211 -140 -14 -74 236 146 -143 155 -219 -60 -157 -183 172 -75 -109 40 -55 -210 91 -32 102 -234 -197 193 60 188 133 -98 -246 -226 96 -115 73 -44 -64 36 -158 -113 -171 75 1 123 -194 165 -187 -42 106 228 -223 -22 209 -37 5 -172 -112 226 -80 -185 -87 21 186 -65 215 -23 224 197 -103 244 139 -217 -29 -117 181 -193 189 86 8 234 -182 212 -240 -155 194 -35 216 -126 115 190 144 -111 98 4 -66 119 -147 127 88 -68 -214 62 -156 159 -138 42 113 174 23 195 -216 -195 33 -57 -48 171 41 69 56 -245 -175 134 -61 -203 20 166 -6 -154 104 -18 -186 179 153 233 -20 
TEST 173 ARG:103 -67 -88 -181 -145 229 -141 -170 59 181 172 177 -127 -171 164 -76 90 -188 -248 73 -91 -209 -234 221 -62 110 217 210 209 -247 -98 201 237 10 118 212 -103 -195 -6 214 -232 146 136 -214 133 -237 200 157 -140 -57 174 -222 183 -230 202 208 204 -14 -205 143 180 -163 -92 18 -29 27 65 -77 -128 -100 -183 -105 -83 232 5 -28 37 242 66 130 25 -235 -26 77 189 218 191 -87 128 -125 -159 245 34 149 1 -85 -93 57 -64 -202 -220 72 67 61 -1 216 -19 -111 235 -101 -35 220 223 -193 -192 166 -218 -215 -75 -47 -223 69 -239 -236 -53 -149 169 178 40 -44 -219 211 -201 80 -97 -30 -72 30 227 153 243 100 -150 31 -17 2 -15 -233 239 -134 39 161 120 -227 -147 231 134 11 54 -114 197 -107 -8 52 -10 -52 -34 -119 -84 94 244 23 -39 -206 -99 -226 -86 126 -204 78 -68 -13 13 138 124 -40 16 -7 117 241 6 192 131 -16 127 -143 147 -89 -117 228 0 158 -250 129 -55 -178 109 219 -23 205 188 7 249 151 71 -22 137 38 51 -182 26 179 -94 -169 141 186 -71 -130 -50 -208 -244 -106 167 -221 45 171 -217 248 -120 -27 -177 -9 -12 -229 -167 165 -155 247 -48 95 148 111 168 -139 -160 159 22 -109 47 125 -207 -162 96 68 -174 -238 75 -32 89 86 -161 -21 -228 63 -121 194 -129 17 -225 41 -36 32 43 -123 187 -200 -133 -138 170 42 -96 -73 4 238 -37 155 46 -242 85 -132 8 105 87 -152 -115 190 -216 -110 -122 -60 -108 -41 -3 15 64 44 -58 182 93 185 101 -224 240 -18 -51 70 -194 20 -151 119 -69 -196 -45 97 163 -157 -165 -46 -166 35 115 108 9 -56 -43 195 213 -148 -164 113 -189 55 -243 -180 107 106 -246 -186 -190 -156 207 -80 162 225 76 84 -173 -2 -78 -95 -198 112 206 -187 -185 12 246 140 -191 -153 160 -65 -4 -136 24 104 154 -210 121 -59 233 234 82 14 -5 62 60 53 -81 -33 -112 -25 215 236 152 -146 -172 -124 -168 -126 91 36 98 -249 -211 -79 -240 19 -118 -144 114 184 -137 -74 -142 222 -24 132 -54 74 226 196 -70 -20 -116 -82 -131 -203 50 -175 81 -11 58 48 -213 -61 -104 56 79 -158 203 -176 198 173 199 150 49 3 -49 -63 175 -113 -135 99 139 -212 123 -66 176 29 102 -154 21 230 -231 83 -184 142 -179 156 88 224 145 -241 116 -42 -245 -31 144 92 33 -197 -102 -199 -90 28 135 122 -38 193 
TEST 174 ARG:-132 45 219 -108 5 -154 -70 -118 -95 224 199 -4 -152 93 18 -140 23 -40 -5 -227 44 229 -13 109 -250 243 -109 -208 -47 115 92 -174 -7 -214 -156 7 -236 -12 -151 187 213 -135 -98 -159 183 3 -86 -205 -50 -182 -85 -111 33 -194 -249 -22 188 83 -18 131 -145 77 193 90 177 -79 113 25 -137 58 -29 52 97 -134 185 102 235 180 -247 -110 -144 26 -97 -11 -21 -222 -59 -55 67 -90 -136 -197 9 -192 66 119 63 56 69 147 111 247 176 155 47 -162 -155 35 -183 32 -178 64 -142 121 -199 -169 1 -123 156 116 -63 46 225 -127 233 178 -218 15 173 -16 -34 -78 -106 74 81 -37 -91 -49 227 -180 139 -219 -239 237 -200 133 70 -179 -223 78 212 -100 86 165 84 118 98 189 126 -102 -195 110 -122 200 -9 128 21 -215 236 249 -198 112 60 -84 38 226 -189 80 239 -171 -141 -41 197 -172 -107 145 16 -116 -88 106 -210 -175 -87 142 -213 170 148 -44 -71 175 -184 -244 22 -216 164 154 -10 -104 -241 -36 135 65 -65 34 153 -185 -190 -83 -15 72 -57 191 125 134 101 114 -74 -105 -161 -43 -138 40 146 194 -82 -31 -1 -202 162 55 -75 -196 -176 -33 0 -207 -237 73 201 -238 88 -148 214 108 207 -163 -224 152 -201 167 75 57 181 -206 19 -39 -46 -160 160 -229 205 -67 161 13 6 -243 51 -245 -177 -89 132 -130 130 -165 76 -124 -153 11 238 208 230 203 79 28 140 -209 -92 -126 -17 190 41 141 217 143 82 169 210 103 -166 -101 -96 10 -173 8 -235 -81 -203 120 127 -94 -129 -131 -167 59 -240 129 31 -143 -51 -19 50 -20 123 -3 244 209 -220 240 186 -76 -157 -54 17 -56 -23 223 -233 2 -212 -62 234 136 -30 150 -68 196 -230 43 -61 195 158 -158 -2 14 -120 122 204 192 -58 159 85 144 54 -147 -193 -204 -191 12 179 -125 49 89 -73 -228 137 -60 104 91 -26 -211 218 -69 99 124 211 -146 -187 -25 157 163 172 -24 232 184 -6 149 -225 -52 -38 -32 -48 -14 -242 174 -72 215 20 -66 61 -226 24 -149 221 68 36 -103 220 29 245 48 37 248 -115 -119 -53 100 94 228 166 -246 -128 206 -42 105 -80 -217 242 -113 87 198 53 27 216 -150 168 -231 -93 -117 -221 39 -234 182 151 -112 138 30 246 -121 -186 4 62 95 -64 -170 107 -28 -27 -114 222 -139 -188 -164 -45 171 96 42 -77 -168 -8 117 -133 -181 -248 241 -35 71 231 202 -232 -99 
TEST 175 ARG:193 41 -177 -207 -6 232 -204 -81 200 178 121 147 -4 -153 -216 -50 180 -99 -143 40 82 -98 68 -24 -196 9 -40 -230 -51 116 -108 -34 12 -105 -113 130 -126 118 -8 -41 -241 -21 84 16 62 190 139 179 234 122 114 -221 -46 115 37 -1 128 -202 -237 -154 -115 112 -14 216 -5 -61 43 50 243 -94 32 230 107 -86 -157 -209 108 231 -128 27 240 -2 -38 174 97 -149 -220 -97 171 164 79 -176 101 -130 -19 95 14 -36 152 -138 -80 75 29 -245 -74 209 156 -15 -114 -225 -17 -87 47 85 196 -44 24 221 -218 4 -178 117 245 -179 -30 131 -121 -239 -248 70 -25 -223 -158 102 168 238 -31 -9 -60 242 135 -219 -37 -78 -234 105 23 194 247 -101 -67 -7 -93 -208 -77 -135 203 151 92 -231 48 -23 -160 -59 86 -66 -100 58 -168 119 -195 -183 36 -243 -181 -249 -71 90 0 -112 -48 35 213 158 212 51 226 -118 124 -233 153 -33 248 218 186 145 163 65 1 241 159 157 -166 -84 -12 144 166 -210 -16 104 173 -173 -63 -151 -200 138 98 -217 -125 175 -11 -169 87 34 -58 13 160 93 61 208 146 165 -226 195 80 26 244 91 -127 224 -170 220 72 -111 49 31 219 -212 181 -109 -188 -69 133 7 78 -89 -68 -145 189 225 -238 -28 -211 -150 -139 -83 -247 162 -148 210 73 106 -162 110 148 211 -244 74 207 228 5 -92 -174 201 -155 -22 -161 -133 204 -79 69 3 197 15 56 -193 239 -142 229 -116 -122 -10 227 88 -53 52 188 113 170 109 76 -163 -88 25 66 -197 246 -64 198 -156 38 -194 -70 142 -73 100 -172 -184 184 215 -20 -134 -55 111 22 -198 -107 -180 202 -72 71 -141 64 -229 -102 -39 -119 125 -56 11 185 217 233 134 -189 -206 -214 -26 249 -29 8 129 -65 -227 -131 60 63 -91 -110 -242 155 177 -167 -185 120 154 89 -165 -104 39 -32 127 -224 -164 -136 17 -103 -205 21 235 -232 81 103 149 -137 -42 -106 -147 20 199 183 53 -159 -3 150 176 45 42 172 -171 -222 167 99 59 161 44 -18 33 -95 -57 -47 -129 28 -85 214 -49 236 -146 -82 -203 -182 -140 83 18 -152 -75 137 -120 132 169 96 94 237 -13 -96 10 -117 -123 55 141 140 191 136 -45 19 187 205 -62 -54 -246 206 30 -124 6 57 -228 -43 -90 126 -191 123 2 -144 -186 -132 222 -215 -240 -190 -76 192 77 46 -192 143 -235 -35 -213 182 -199 -250 223 -187 -236 -201 -52 -175 67 -27 54 
TEST 176 ARG:-222 186 176 -22 161 -197 211 19 -85 118 -186 86 219 187 -221 141 -248 95 -170 137 7 197 58 -213 -52 213 -42 -173 -11 -92 87 185 -45 117 -178 34 -175 245 38 -121 -8 149 -6 -154 -184 -250 -157 37 93 225 212 63 173 -209 127 -70 -48 206 75 -115 24 -210 -72 -166 -26 66 102 23 174 -23 -95 -81 109 51 166 -76 -227 -1 247 163 -9 -167 81 -181 194 25 196 -249 57 -241 -96 177 -102 124 -185 112 -196 150 79 -29 8 -100 -165 214 29 126 -60 1 -177 -91 85 -61 -153 -244 210 -193 -106 -202 -201 160 -24 -27 182 142 -64 190 134 0 231 -89 220 30 -243 237 -220 69 153 -161 164 -114 -43 172 -247 -31 -19 62 -239 -12 -245 4 -71 -142 232 -109 -28 -141 -182 -129 -59 91 136 54 223 -34 -133 -236 146 131 36 -150 238 -148 193 97 221 89 26 -79 14 -14 208 -98 -47 9 -190 22 -192 178 94 130 155 -18 162 239 -82 -86 222 -205 -88 135 -132 168 92 -168 165 218 -240 207 -217 204 -128 -112 240 180 -55 -198 -25 -145 84 32 13 21 46 -169 -105 -135 78 6 -237 -231 -40 -56 198 105 -160 -54 233 67 16 43 73 114 147 -149 15 -75 145 -125 -122 216 82 248 228 156 -7 -136 -187 65 234 115 90 -224 199 -117 -232 -162 -188 -233 68 -46 -113 201 28 -158 12 -137 -120 20 -80 -203 -50 246 -10 243 244 -140 47 -151 128 -87 202 116 -68 -97 3 158 113 -163 106 -101 -4 151 99 -215 -111 60 110 -174 107 -171 31 53 192 -69 -226 52 167 -131 -15 33 61 152 -44 123 -191 -58 -51 -38 -94 132 -223 -134 -225 5 -146 -53 -207 143 -119 -2 -180 189 249 -172 215 83 17 -90 -159 -214 70 -156 217 129 -238 77 -194 -49 -78 -84 -116 209 157 56 226 230 224 121 200 -110 -118 -13 74 -37 45 -123 -36 -179 41 144 -208 49 119 -139 -41 -108 -5 -199 48 203 235 179 2 148 -216 -17 -246 -152 -176 96 11 -30 -65 133 108 -138 236 -83 -33 140 39 -195 80 -124 205 -206 159 -77 -211 -155 -147 59 -218 -107 -234 139 88 -219 -144 175 104 169 242 -126 50 -104 64 40 35 -16 -127 227 -230 191 -21 -164 183 103 -189 -143 -99 -66 101 76 138 100 -32 -130 -62 181 120 -67 241 18 -73 188 -35 71 170 -235 55 171 -242 195 72 10 -103 122 111 125 27 -212 -39 -20 98 229 -57 -63 44 42 -183 -228 -200 -204 184 -3 -74 -229 -93 154 
TEST 177 ARG:144 -242 -206 76 -165 22 -92 149 -208 -176 131 186 194 -86 91 187 -112 -142 -167 37 -231 -200 -100 128 90 -225 -245 11 164 -83 -133 -244 35 -180 40 -77 -3 -228 60 18 191 -48 -233 -243 71 240 58 -246 -117 -107 -203 248 188 -4 -205 106 180 244 34 14 -212 145 -181 -222 -232 -91 95 78 163 165 183 62 -141 -58 -60 197 -143 -42 -196 -128 -169 43 29 -31 -45 -135 97 25 -136 -241 176 159 127 -127 6 53 -105 -113 -177 -25 -89 -140 221 -235 179 208 56 -159 -59 -104 110 108 202 -223 93 31 115 192 -21 -162 230 -150 222 28 -166 138 200 -156 126 185 -210 1 130 -239 -51 235 -66 74 -61 -124 154 -67 16 205 169 -15 69 66 -123 172 92 -131 -125 157 -147 133 -85 -183 195 173 -213 196 70 203 -118 81 -250 32 243 190 -87 -182 -64 147 57 -202 -220 52 232 136 177 193 -191 -97 -102 -109 -41 33 -12 17 -111 100 61 137 -115 15 -78 184 -81 23 213 38 63 -93 102 -171 -126 65 225 8 -82 -170 -224 -153 77 75 249 -139 101 86 238 -164 -47 -13 -46 47 68 -134 -101 -148 -129 49 -35 139 161 41 82 -121 55 -28 -9 207 -227 -217 -184 36 -189 -26 168 24 -247 -24 114 -103 -161 220 -96 -190 -23 -172 181 -209 231 48 -16 212 -10 -19 -174 151 129 103 120 246 -110 227 -207 245 198 112 -14 -79 171 228 -8 107 104 150 0 -114 -73 156 -155 -62 44 226 123 -226 -50 -219 109 125 -192 247 199 162 -52 206 -54 132 -186 234 -237 118 219 -122 39 -5 -157 21 -68 -11 -49 121 -43 64 88 155 -197 19 -2 99 -57 -37 113 233 -195 45 -230 -98 59 -215 94 7 211 -29 -22 167 217 146 175 -221 -44 105 -84 -53 210 209 -199 224 -236 142 -248 5 -163 42 10 -18 -74 -72 178 -32 241 111 96 83 117 3 -193 50 -201 140 134 152 -6 -65 214 -194 -160 -56 -211 158 -108 87 85 135 -229 -216 -249 26 4 80 -76 -138 122 -119 215 160 170 -214 -94 -175 -1 204 9 -178 -38 -173 -132 189 -88 -234 -75 -198 79 -204 -20 -179 -158 73 236 -27 166 -120 -39 124 242 -240 141 98 216 223 -151 -7 -34 -149 -146 27 -55 67 201 119 30 -185 54 -40 -154 -90 72 -30 182 -130 -238 46 -144 89 12 20 174 -71 -187 84 -95 153 -152 -70 -17 -188 239 2 -36 229 237 -218 -69 -80 51 -137 -145 -168 218 -99 -116 -106 116 148 -33 -63 13 143 
TEST 178 ARG:-68 132 -153 106 -22 158 171 84 -91 49 71 34 26 75 211 -242 -224 28 -129 101 226 -197 -111 -173 129 -113 -158 -56 164 57 180 6 181 -82 2 -211 -204 190 -29 -96 -121 201 220 -81 219 -62 -148 200 -38 -150 236 48 -105 -37 -18 -36 14 -182 -54 -225 -49 165 -246 -179 215 -128 76 41 -144 -65 46 13 0 -12 229 -236 -238 81 22 82 64 58 -92 -193 -51 -45 -230 -235 198 -196 -103 -5 87 -218 213 -118 -53 -184 194 141 -102 -100 85 161 -2 168 -152 100 -6 -194 -210 115 -70 19 108 233 139 128 183 -39 -21 -114 170 55 179 -115 178 144 -162 -155 -10 7 118 -79 -26 207 20 -28 240 -119 182 127 -7 -78 -177 -90 159 156 -19 -52 193 217 -199 208 -191 50 -140 -11 248 169 246 212 105 197 -222 29 202 -47 -108 -149 -58 -208 -107 216 -86 -223 -164 -9 188 154 -176 52 95 -207 56 -161 -139 221 104 -76 -247 40 -240 -80 67 130 -98 103 -97 122 -171 -101 -95 17 102 -174 -202 83 113 27 120 -109 53 45 242 96 -31 -145 -33 134 -226 192 241 -181 65 -60 -234 142 -17 -243 -229 69 121 -44 203 150 -104 -231 -32 186 227 -220 -138 -73 -117 -84 51 -71 -250 -132 -16 -48 39 -187 62 -209 38 245 223 -185 109 -55 237 218 209 -200 -77 77 110 222 148 1 -160 -244 4 -64 -141 214 -136 31 184 35 -201 -88 -172 -34 -63 33 61 -15 119 3 86 -42 78 -203 89 59 -87 -67 -133 195 -188 112 124 -241 205 -131 24 -205 -122 -72 228 175 -120 -4 93 -127 -14 -163 -147 9 206 -248 -40 -192 -227 196 -124 191 143 -23 8 -66 177 -167 135 74 111 -195 -214 -24 -237 -168 -8 247 97 114 -35 -232 10 79 54 72 -165 -75 172 -233 189 -69 -135 -166 -183 116 167 91 -206 126 243 -106 204 66 -99 157 -245 133 99 210 -217 -27 90 -83 -46 -219 152 60 47 -170 12 -143 70 234 -123 -151 145 18 98 -41 21 -85 199 140 -180 -216 92 173 -110 44 123 -249 231 -159 136 185 117 125 174 249 68 224 176 80 25 73 -228 -221 107 5 187 -20 -154 230 43 -125 147 36 -213 -156 146 232 23 -190 131 -178 151 -130 166 -13 153 -74 -126 149 -3 -116 -25 244 239 -239 -169 -175 137 -215 -157 235 155 -61 -50 -137 -212 -30 -186 -94 32 -198 -57 15 94 37 -59 -43 11 -93 88 -146 42 63 16 162 30 163 -189 138 -1 -89 -112 -134 -142 238 160 225 
TEST 179 ARG:175 178 208 -107 223 233 -166 -137 -78 -102 246 -150 19 132 -196 15 49 57 -250 222 66 -69 -243 152 -163 -238 183 -15 -133 32 -17 -232 -169 -172 96 -109 237 63 135 -16 150 228 -211 -37 -130 2 -170 -97 28 10 77 -66 -222 196 -162 -22 192 -106 149 -33 -38 -83 169 24 -214 81 -194 -173 -140 -29 -19 -187 -213 40 -91 -193 65 -14 -189 47 -58 -9 -241 -117 86 128 -125 -156 87 -65 153 -111 33 -157 -104 172 134 -186 -240 212 72 54 -185 244 -203 -21 -59 117 -230 -87 -149 216 -180 -105 141 26 247 -179 -121 125 187 110 20 -115 193 39 4 -181 -177 -155 -234 -195 99 -10 -2 148 97 -135 138 -191 -68 -99 146 92 3 56 -93 -64 249 21 -26 89 -44 -75 102 105 95 -204 17 -142 -131 199 202 50 214 27 -90 -198 -199 229 144 64 -51 43 188 179 139 163 70 -153 174 185 74 133 67 55 238 -67 194 -207 -152 -43 158 109 160 -126 78 -248 191 -123 147 168 -147 -112 -8 145 -202 -175 -55 75 129 -124 121 103 -32 165 -40 243 -12 -98 14 -120 -60 -41 242 -108 180 173 -119 -235 7 119 106 -110 107 -143 -205 200 88 120 35 248 -5 -114 -201 -77 -160 -200 -215 167 213 -86 -168 -4 -197 195 -249 -183 157 201 -244 197 -165 170 -176 142 -96 -27 -36 -223 -237 22 -171 -80 137 -209 -139 59 71 -73 1 -144 -34 -35 130 -245 44 -39 12 76 -218 68 221 210 232 -3 -127 6 207 104 162 116 -62 240 -219 -84 -136 -129 122 227 45 91 16 115 -103 -128 53 -85 224 -18 -227 -217 126 -116 -164 118 -184 114 164 203 90 154 -134 100 189 -122 -71 111 -220 -167 -118 239 230 225 -11 -6 -242 -74 -63 198 62 69 -56 -212 73 41 127 226 -174 -138 -49 215 37 -229 241 23 -208 182 131 176 31 94 -148 -233 79 46 205 52 -57 -76 218 159 143 245 -188 -70 -31 0 235 108 -225 -20 -24 -216 140 -42 161 -23 -221 30 -53 13 -154 236 -247 -54 101 -236 36 206 -141 -45 181 186 -92 123 98 34 -224 124 -13 -231 -82 -158 171 219 -50 -25 -72 82 151 -226 220 177 -95 -47 -239 -206 184 -101 11 -89 -178 61 -159 -190 209 231 58 83 -79 166 -94 -48 -88 -146 60 18 85 211 8 112 190 -52 25 -161 51 -7 38 -30 -192 29 -145 9 -210 80 156 234 -61 -246 136 -151 155 93 -81 -228 -100 204 -113 -1 84 -182 -28 -46 48 5 113 42 -132 217 
TEST 180 ARG:143 -171 50 -98 -84 -176 -118 8 -178 79 -241 159 -184 109 58 178 -81 -152 232 -18 34 155 203 139 -119 205 -192 -214 -147 -235 33 197 237 29 181 35 246 -132 -159 45 -107 240 167 -250 40 -146 127 -122 -141 -151 214 210 70 -230 44 -135 26 57 177 228 122 -82 -158 -106 -234 -156 -33 106 241 194 148 12 -44 -248 -240 -110 -78 -70 125 -20 31 -220 -89 -46 -139 -39 4 85 161 -154 108 -5 -194 -125 -190 191 -198 -55 -134 -45 248 -60 -193 2 157 -100 -19 -66 0 42 -124 165 -26 141 72 82 149 -227 138 -34 15 30 -232 140 110 247 -180 -56 -31 -32 216 54 27 -88 7 38 -136 -1 -108 152 192 -64 -207 -8 -68 -162 -62 202 -102 242 -205 -83 68 -21 195 234 56 -24 -165 25 211 -215 175 111 239 -228 83 218 208 102 11 -195 -27 -149 215 22 84 -186 -116 -231 -144 97 -16 16 130 -104 180 206 -245 223 -80 -174 219 -219 73 69 231 -164 -76 -77 43 158 -157 129 -143 55 -109 172 -170 49 -59 200 -71 98 77 115 -187 -40 1 -161 104 -52 63 146 124 -177 -166 -202 193 17 -114 -138 23 -96 65 166 -203 -222 220 182 116 37 -153 -201 66 -121 91 -61 -150 51 212 39 75 -224 -17 -209 -223 -36 -69 -246 -103 -11 90 117 -226 96 -86 92 -10 235 -249 -13 -38 -213 -29 174 227 185 10 171 46 81 -117 196 -169 -48 128 -28 -148 -140 -22 168 204 -3 -75 -155 -9 179 -208 -218 136 -72 164 238 76 -50 -225 230 52 153 -244 -47 -58 137 -57 -79 -43 9 -15 -183 -131 -239 -41 -14 89 120 78 -30 209 -189 -112 229 170 163 132 114 -185 -53 -101 186 236 -204 94 133 71 -105 226 -237 74 21 19 183 -133 -130 59 -212 -63 190 -238 -93 -67 -111 93 135 99 24 -233 -128 -247 147 222 -172 -85 13 67 48 150 154 6 131 32 -90 -42 188 112 176 -49 119 121 105 -12 -217 80 -4 184 245 -243 61 47 5 -113 -137 -145 103 -94 249 213 -126 118 151 -182 221 169 142 -51 87 100 53 -142 -179 189 -129 126 -23 -37 -127 -168 107 156 14 -181 233 134 123 -175 217 145 187 173 -211 -242 -210 -6 -73 -221 -97 3 225 -91 101 -74 -65 113 -173 -35 88 144 -160 160 -197 28 -200 207 -229 41 -7 64 18 -196 -115 244 224 -120 -199 -167 -123 -54 -92 86 199 198 -87 -188 162 -236 62 -163 -25 -95 95 -2 -206 20 -216 36 -99 60 243 201 -191 
TEST 181 ARG:177 -198 -12 -250 236 -178 215 25 175 203 -197 153 -191 218 123 244 58 -105 -248 45 -144 162 -43 -101 225 -57 -174 231 -93 19 112 221 -133 185 154 188 155 -85 -124 -201 156 -153 -137 133 -107 -33 -166 -164 -29 146 13 143 107 77 -172 214 -72 -229 -220 -54 222 -35 -186 172 -41 -65 -2 94 105 12 113 67 169 227 201 145 -195 -189 -169 -122 50 100 -108 -11 -98 -68 -15 -239 -161 216 -135 129 9 142 38 176 173 209 171 39 183 126 -96 -116 178 -84 -19 147 -120 -73 -155 -214 54 -228 230 239 -1 -32 202 -244 78 190 132 -79 -211 85 -89 93 124 210 -106 187 -245 197 -112 249 -208 -118 -180 -61 140 -227 -10 -28 106 134 108 208 -123 -3 128 144 182 -64 -232 8 115 21 -100 -128 68 -18 167 2 31 4 -148 232 246 243 47 -53 165 -37 -58 -204 111 24 -56 -230 -196 -9 97 88 -188 193 81 -183 -55 66 240 16 30 -149 179 -46 79 -59 -91 -31 61 -142 -92 180 3 -165 -5 -25 159 -200 -69 -243 217 -131 92 -22 -44 204 -177 -218 -240 120 -63 -146 74 170 46 73 -103 70 -237 -136 -223 -203 -206 -242 -40 -170 -77 181 -104 96 -134 18 -154 63 6 -109 199 192 15 160 245 -36 141 194 211 -156 -209 -213 98 -233 152 55 69 195 11 130 29 -126 -99 -113 23 -162 136 -60 -66 -88 37 -102 -16 -47 219 138 -181 95 206 238 -141 -140 -6 148 -145 -182 52 -132 -95 189 220 158 -138 -190 229 -86 -163 248 -111 89 33 116 242 20 82 101 32 -4 -75 -70 75 71 72 -39 102 51 174 110 205 -194 -199 117 -30 -117 223 -48 26 151 -110 34 60 -221 -151 -83 131 -152 -21 -90 -247 125 -246 7 -20 43 224 -13 191 184 -14 14 164 -130 -50 137 -115 -49 207 198 -216 -249 -76 -62 237 166 56 62 -127 -78 241 10 -241 -80 -139 -119 157 -224 -160 196 -171 17 234 -51 -215 226 5 127 -42 -179 49 -238 91 -27 213 53 -231 -212 -207 35 -81 -17 103 149 122 -23 87 -150 -7 -167 -222 42 -34 80 -187 84 -234 109 -168 -82 -184 -26 -147 40 -97 -94 -129 -87 163 99 119 104 41 -121 86 -226 -157 186 28 59 83 22 -236 168 -159 235 -202 1 -235 114 -45 -210 36 65 44 -125 -205 121 -38 57 -217 135 -8 48 -114 -193 139 -175 90 233 -173 -158 64 150 -143 161 -74 -192 -225 212 -71 -67 -176 -24 -52 0 228 27 118 76 -219 -185 200 247 
TEST 182 ARG:-13 140 58 -15 171 218 103 -70 -14 -191 -163 163 124 77 26 -29 -241 -194 -26 -234 57 117 -152 207 160 -59 -199 114 37 90 -183 133 63 200 -134 64 166 -61 -236 248 74 194 -84 167 216 232 -176 -86 85 199 180 -230 22 143 230 -20 -212 120 -56 -139 -69 110 -34 183 176 -58 -185 4 -67 -123 -63 209 -140 -55 236 -197 91 186 238 228 -132 151 118 107 25 -250 -32 -174 -161 101 219 97 -89 -135 -30 165 173 14 237 247 239 -202 -249 177 35 13 184 18 -98 175 -122 5 69 -248 224 -137 222 39 -36 105 162 82 -112 192 168 134 20 159 -119 128 -18 244 -188 45 -93 -3 -43 188 -145 -247 -214 -88 -210 -113 -97 -68 -16 113 -103 83 100 -21 -42 -227 -205 98 125 -101 31 -231 172 -104 -126 21 190 30 -138 -235 -114 -246 -33 233 0 -109 -5 121 48 -100 80 106 135 -177 146 115 -128 -127 -6 227 47 -157 67 -64 62 -175 -110 28 17 -158 -38 -201 52 -94 208 -121 50 -54 126 -92 78 -37 203 147 179 23 214 60 -217 76 -153 40 102 142 -77 149 44 123 195 -180 -190 -215 -225 -219 -166 109 -198 -172 174 -150 131 -41 -141 -85 243 -144 139 -243 204 -2 -24 -129 231 -48 -164 -102 235 96 108 -124 -239 -193 150 202 -96 -116 -130 7 -19 130 -40 -155 -240 -147 -159 34 -39 -171 -62 3 70 154 -229 137 221 41 -203 -186 -23 61 -220 9 -10 -99 158 -204 189 157 -111 245 -169 -133 226 -106 -154 -211 16 217 87 -162 -74 2 -79 -75 -182 99 -156 -192 -35 145 185 32 -76 119 -136 -196 -8 -117 55 -83 94 141 11 33 93 -179 -9 89 56 -78 -51 88 -167 29 164 -17 -244 129 65 215 68 211 84 72 -160 15 36 51 -168 8 161 -146 -73 -71 -189 46 -184 182 -223 -72 -206 127 -45 136 -218 -90 -237 -107 -209 -195 -170 -142 -115 206 241 223 191 196 -95 10 -226 -221 42 212 138 -1 -65 -81 -47 6 197 -82 -12 59 153 86 -143 -173 112 -149 225 -60 -178 152 -228 -52 -213 -49 -216 229 122 170 -50 -224 205 132 144 -118 -46 24 81 116 -148 66 234 -207 187 -125 12 -120 -187 -31 148 38 178 -165 -11 71 193 169 -87 240 -245 -25 43 213 -57 -7 75 246 -208 155 -44 1 19 -222 -53 -27 54 198 95 92 -181 -66 -22 156 -242 -105 249 -28 104 27 -4 49 -200 242 -233 201 -131 53 181 111 73 220 -232 79 -80 -151 -238 -108 -91 210 
TEST 183 ARG:247 172 212 136 177 155 22 68 191 -49 57 -143 156 159 -132 35 52 121 -238 -182 -223 70 -10 218 -189 -129 -24 -29 -13 -197 219 -108 12 -107 -116 -145 190 64 -56 -250 -63 145 -205 -86 -199 -194 111 184 47 3 -208 -210 -175 38 -90 249 102 -121 196 -77 -40 54 44 15 174 199 217 45 -28 -174 125 -82 118 229 237 -192 138 -150 100 -244 -65 55 179 -198 -114 241 144 2 1 76 -67 -218 149 141 -112 -12 101 246 -140 -73 -120 175 226 -144 -247 69 61 75 -85 -168 231 -133 -236 117 -54 -52 -122 30 -222 176 -30 -206 -246 -242 133 -207 106 95 171 -14 5 224 -22 -126 -42 7 143 67 -51 25 192 -171 108 206 -3 94 112 72 97 123 -33 -66 109 -156 48 200 -115 43 82 77 -20 -184 163 -166 222 -46 -216 238 236 213 113 165 -159 -58 146 -99 189 -229 160 -71 -123 181 -147 202 -110 -72 36 80 -75 99 -165 -59 131 151 -4 89 120 -187 73 -179 -131 74 248 -180 -38 -248 -153 -130 135 -141 150 42 -45 -41 183 29 33 130 63 -161 93 -186 24 -209 -155 233 -128 220 115 132 86 14 -224 -6 -89 -69 -87 90 243 208 164 -80 -226 58 -92 -9 173 -60 204 50 84 -44 -212 85 -57 -135 239 -160 193 -148 66 228 -213 211 -102 -91 105 -137 -5 53 -237 56 71 114 -18 13 -101 21 127 -31 -172 -138 -100 -95 -81 240 -134 227 232 137 148 -151 -125 -7 126 185 -94 81 -230 -170 -111 -181 96 -53 161 140 209 98 60 -227 39 28 -215 65 -64 -185 194 180 -228 -183 -47 207 -48 23 -50 -84 -17 -245 -78 -62 210 -164 169 -21 110 -196 157 -70 -43 -149 -79 41 -219 -19 152 -195 18 -243 -15 162 31 -177 -11 154 129 203 -98 -83 10 -23 -214 -118 -36 -211 -162 214 16 128 139 -119 -32 -74 4 -105 -235 -201 147 -16 168 37 223 -152 -191 88 -27 119 62 -39 -190 -178 -193 198 19 -220 -93 225 230 32 20 6 -8 51 -173 -158 87 8 124 122 221 9 -217 -136 -106 -124 245 215 216 197 -203 -200 -249 -55 46 142 -163 78 244 -146 167 116 205 40 -241 -113 -26 17 104 -225 91 -2 -154 -117 -176 -139 34 242 188 -37 -103 0 -127 158 -96 -204 92 234 -104 11 -169 -61 201 59 83 79 107 153 -25 -231 -188 182 178 -239 235 -167 186 -142 -240 49 -234 -202 -232 -35 -68 27 187 -88 170 -233 -1 103 134 -97 -157 166 -76 195 -34 -109 -221 26 
TEST 184 ARG:-246 -165 2 238 9 38 -79 -30 81 -166 -202 -20 178 100 86 0 74 109 -49 4 -157 244 202 -123 136 -25 -80 -241 -112 146 183 -64 159 41 124 65 -176 52 -203 8 -119 -193 35 -88 -38 -135 167 -225 43 -164 165 -131 204 127 197 89 -125 54 76 143 -117 103 231 -103 94 186 -109 46 -188 39 -66 -74 148 -187 -141 67 237 -107 247 213 182 166 56 -163 199 187 -71 -65 -181 179 -35 5 77 164 155 82 64 203 80 -87 -81 44 33 150 -67 -249 -101 -41 47 177 -102 -27 185 120 17 -43 230 207 32 -8 171 106 10 -148 -208 -114 60 151 173 196 212 -83 7 175 98 149 221 -32 14 -10 57 59 -12 75 241 116 -4 -75 25 218 195 24 -213 -91 205 -220 168 -238 51 -120 -115 129 -55 -201 -239 -59 -183 -86 -89 -3 249 23 156 -153 -198 232 27 -182 -195 -1 188 -234 -240 -144 214 239 229 -110 78 123 -113 -218 -2 -19 -116 -230 -236 -29 90 71 -63 157 -36 92 -6 108 -136 -46 -237 -70 -196 -16 126 -200 -224 -180 50 -78 -31 224 29 -58 134 -175 -150 141 -106 37 137 13 -95 -174 -228 200 -73 -15 104 66 -197 63 192 -145 61 -223 95 -17 -37 163 235 -18 69 -14 -72 132 -22 223 138 -48 -40 -226 49 161 158 115 193 11 181 243 48 -122 172 73 -111 3 -94 -221 -245 -104 121 31 208 102 140 -54 162 -232 -126 15 -93 -162 -26 -152 -9 -184 -128 -76 -156 189 22 -11 220 -229 101 112 -132 -69 -98 128 -61 21 -177 -146 -186 133 -142 105 -160 -140 -5 234 -243 144 -105 248 -217 -23 122 -90 40 -158 1 233 -57 34 12 226 -52 242 -242 -172 118 142 147 -154 236 -168 -250 42 154 6 -214 -216 125 219 -96 -179 216 191 -219 215 -97 26 174 -47 -248 28 240 -190 113 -233 184 -244 -161 18 209 -155 225 -121 -169 169 -56 -39 145 45 85 -77 227 93 -149 114 -215 -171 -205 -53 -207 -192 -204 -185 -206 -209 -34 96 62 228 170 36 87 -134 -194 111 20 194 -24 -28 245 -13 -222 -143 107 -60 222 -7 72 91 16 68 -210 83 246 -191 19 139 -173 -108 153 -33 -137 -147 -159 79 -247 110 201 -167 117 180 -235 -42 -92 -231 131 176 -21 30 -138 -44 -84 -100 -178 55 84 -118 210 99 198 -133 88 -139 190 -189 217 -124 160 -170 119 -199 -50 53 -51 135 -151 -85 -127 97 70 -212 152 -227 -99 -45 -211 -130 -129 130 -68 211 -82 206 -62 58 
TEST 185 ARG:-25 106 -42 -248 156 -165 174 173 -168 -7 -44 -58 67 -102 211 -34 13 -204 -213 248 -244 159 -235 -10 23 123 36 -150 -74 124 238 -99 126 -136 -52 -237 102 220 53 -80 178 99 -240 171 31 127 -49 -206 45 -212 -238 -160 -125 84 -76 -24 148 -43 -149 62 -119 -183 128 142 -87 -16 11 109 246 -214 50 -246 -86 205 -13 144 -5 100 -173 167 199 -230 190 -211 218 184 71 4 32 193 -156 -96 233 117 -145 143 39 -225 64 170 -109 201 -57 -37 -187 -138 147 -158 204 -223 59 77 200 0 -176 -132 -234 -103 216 -147 151 69 214 63 -175 -83 223 185 41 60 -155 -162 65 -81 -23 -22 -3 168 -215 6 115 166 -201 38 152 57 160 161 237 -141 197 16 132 -85 8 -242 -222 34 -19 172 -143 101 138 -65 -115 -104 78 -221 -179 164 107 43 -126 -67 -131 15 -197 -73 92 -54 194 58 240 113 -161 51 181 176 83 72 -94 48 -148 232 -121 195 222 27 -101 55 88 228 25 108 -151 -93 114 234 -157 -35 -48 -15 119 -31 158 1 -207 -243 153 -133 93 188 -105 -38 154 -229 -195 -127 -129 -77 -186 -113 -108 -79 -116 135 111 -250 -199 165 -159 46 -163 -122 140 -18 -169 231 186 7 212 -174 98 245 -182 -218 -137 68 -128 -164 203 -191 18 224 -110 118 14 -153 -209 121 -217 54 30 -190 94 120 -193 -66 162 213 81 73 -78 -139 -92 -249 -167 -106 210 215 247 116 189 -135 -233 -91 26 -216 249 244 149 -171 -177 -114 80 -224 241 -152 -17 134 19 -46 122 -188 180 -47 37 104 -70 -117 137 -111 86 -146 22 -21 -140 -202 -192 -166 -68 163 89 182 97 -75 -33 66 139 235 131 90 -14 -95 -97 112 29 -26 20 198 -198 -178 -241 9 -40 24 82 49 103 28 -90 -9 175 -59 183 209 52 -27 95 227 56 -84 -231 40 -154 125 -11 225 187 -89 -100 217 -63 33 -32 -2 70 -227 -130 -226 145 -39 -208 91 -118 -180 -12 -53 -30 -62 226 76 -107 191 -239 -50 35 -45 61 -196 230 196 169 -170 85 -71 -219 -236 -64 21 179 10 5 236 -41 -232 -172 12 155 -29 96 -55 207 -1 129 -60 -28 -194 -69 44 74 -36 -134 -6 -247 -144 -203 -56 -88 239 157 -228 -4 2 -184 79 -124 -200 -205 150 105 -220 202 -72 221 243 -8 206 -123 192 -98 130 229 -181 -245 242 -61 47 3 110 -20 -82 -120 17 -210 -112 87 75 -189 208 219 42 177 133 -185 141 -51 136 -142 146 
TEST 186 ARG:196 -224 -19 -25 227 62 45 -218 57 23 -130 52 220 32 -249 107 -65 -248 -222 212 100 -80 -93 38 -166 -152 191 -135 -49 218 132 -134 -113 58 42 -57 17 188 -170 -5 -112 183 118 115 239 33 170 50 167 12 -190 41 -240 -87 174 28 216 114 247 -140 -32 189 6 -164 -131 -94 232 35 -242 -43 -136 49 61 166 156 37 -41 -81 -14 135 99 158 -48 204 -31 -183 222 -23 80 113 98 -158 -216 -111 76 -185 163 133 180 -204 14 -90 -64 -200 178 -236 74 -9 -21 111 -233 175 15 211 -29 102 -148 -74 149 24 -1 -59 -184 -160 -198 -101 -82 233 95 -45 -85 90 123 181 -79 2 -126 25 67 -213 29 -163 -202 179 70 -102 -237 -231 -212 243 126 248 -167 -84 101 245 85 97 40 -207 -117 112 184 104 79 -86 -214 88 47 159 8 39 206 121 202 193 -188 235 -171 21 128 -155 59 91 -69 -62 34 73 -169 169 54 154 -156 131 122 11 249 119 -7 -238 171 142 182 134 87 -51 -179 194 -20 138 -4 -75 -250 -159 201 168 -103 -91 -181 -68 177 -193 -176 -189 -187 -72 221 210 203 -77 60 120 -66 -56 234 228 223 92 213 -109 65 -137 94 -27 -99 -12 -225 -100 -105 -197 -178 -139 -92 -47 -226 108 -2 187 -165 -142 4 27 -18 -133 -15 153 -34 152 19 192 -208 -60 195 -232 117 -203 44 -205 -146 -22 162 -235 -211 -39 -35 -97 155 93 -241 242 139 -172 144 -114 78 -123 215 -96 -168 230 244 53 -38 106 105 -149 -37 -147 46 225 -175 -245 -150 22 185 -71 161 -194 214 -24 -36 -83 16 26 -76 -107 190 137 5 147 198 84 -177 -16 0 -182 164 -161 -141 -98 -120 109 -220 -8 -173 143 18 -191 -138 -174 237 -127 83 69 -50 176 103 36 48 -247 -180 -11 -221 236 -46 110 81 -55 -44 -143 -33 151 186 208 -206 145 -162 172 127 226 -104 157 -234 -154 241 -106 -6 89 -116 -118 -3 75 146 -145 -144 -244 -67 3 197 -110 -73 -219 51 -151 -199 10 -125 219 -119 1 63 43 -108 -186 96 205 66 -26 -40 77 165 246 55 -88 -42 -122 -195 86 -54 -223 141 -30 -196 -61 -246 -121 136 116 64 217 -201 -89 -10 20 -124 -17 -128 82 -157 150 231 -78 -95 224 7 -243 -239 -229 129 -53 -13 124 199 -230 240 -132 -52 173 -115 31 125 68 160 207 -58 -63 56 209 -70 140 -228 30 72 -192 -215 71 -227 130 -153 -209 148 13 229 9 -210 -129 200 -28 -217 238 
TEST 187 ARG:127 70 -74 52 119 -21 -202 78 -69 -205 -175 -166 -197 -48 -72 65 -182 -121 219 -228 -240 178 -47 12 220 26 -193 -214 -40 -127 -71 -158 -7 227 189 -170 149 62 -9 -78 11 90 17 -114 181 85 -117 -250 75 -212 -36 196 -82 40 5 35 -2 241 -206 -60 -209 235 240 -179 22 37 113 -146 36 -35 -178 112 58 249 247 57 -24 28 -110 117 -17 154 -145 -27 -75 -173 161 -140 128 -153 206 -95 126 -225 195 42 -185 -46 -134 71 -88 -101 239 -204 -23 30 44 -32 -169 104 203 122 -231 115 -42 217 -89 -242 232 -39 121 -223 -247 143 29 -184 56 -49 92 114 246 60 234 -181 10 103 93 -118 -198 -115 6 183 -108 -239 -125 -93 -43 -196 74 -192 47 142 -119 -187 207 -164 140 155 -131 -149 -10 -195 -165 -64 32 139 -211 77 80 111 13 177 -229 -238 172 -248 81 -94 191 134 187 212 -219 -26 242 -16 175 -92 -63 -22 -107 14 67 18 -1 -237 -53 -171 48 -59 -15 109 -208 -129 -163 -31 21 -177 -67 159 -33 98 -99 -123 -52 -3 -41 43 95 208 -130 209 66 -148 186 -58 3 -233 156 87 94 106 245 -222 -236 -203 -65 -50 152 -136 51 4 199 228 135 107 215 -6 238 -152 -34 25 171 162 -28 108 174 -106 -97 210 -189 182 -124 -76 -111 192 141 224 -133 193 151 200 0 39 136 -126 225 -12 -218 -186 -112 -226 145 -174 24 218 -37 248 129 197 -51 185 84 213 69 144 -191 -220 -14 -62 216 -73 -143 -210 99 157 -137 83 -105 230 -216 59 20 -66 96 -135 15 133 158 222 176 -180 61 237 54 -159 -144 -235 146 -217 -215 64 -91 -207 -168 -90 137 -113 -8 -45 229 -38 -30 164 -77 -141 27 205 89 8 120 180 101 -246 -188 -70 -157 46 -167 -150 -244 110 -13 -142 38 168 -81 -98 -116 50 243 -86 188 130 -138 226 68 -109 165 -230 105 49 100 -120 -139 153 16 -68 214 204 123 -104 138 -29 2 97 76 244 173 190 -155 150 102 -151 -232 184 41 19 -54 -19 179 -162 -85 -224 -5 23 -4 -200 124 160 132 116 1 73 198 -84 -234 233 221 -243 -172 167 -103 147 -79 7 223 91 -128 -227 125 201 -100 -25 231 -83 34 -154 -56 194 -102 236 -147 86 88 211 -241 -132 31 -55 148 -199 -194 -201 -183 -161 79 -156 166 169 -18 170 -61 -122 -11 -160 118 82 -44 -80 55 33 131 -96 202 -245 45 -57 -213 -20 -87 9 53 63 -176 -190 72 163 -221 -249 
TEST 188 ARG:-215 203 240 196 -204 248 -228 25 -104 153 -10 -68 -135 115 -121 1 -116 10 -53 58 -197 188 138 83 116 -149 -69 -62 -175 -221 -2 219 -179 238 -212 -130 -102 211 14 -231 -216 -138 -211 21 128 53 -176 -9 60 117 130 -137 148 -47 -223 -74 -36 68 94 11 -218 -22 -139 -114 93 -133 -26 7 -235 141 -84 -61 243 -126 61 182 -17 51 204 -210 -217 -227 -146 43 102 233 -54 -124 101 189 104 9 119 -125 230 15 78 207 234 87 65 114 -97 -184 -142 164 -167 -109 -131 -173 99 199 165 27 -161 -32 108 28 -75 -72 79 -19 22 140 218 -132 -181 -90 -191 -222 -174 -119 -6 158 173 118 81 -20 -1 -93 -23 -64 208 -95 -98 92 -148 184 -16 216 190 -112 -225 -226 -147 -77 -89 -3 -58 -11 -153 -155 -199 -200 131 142 112 70 -198 -188 37 -25 -103 16 -21 155 -106 35 -7 168 24 -45 -13 -87 -51 239 -107 17 31 48 86 -4 -88 166 -205 -57 223 3 38 -15 198 74 183 -246 176 -144 -110 71 147 -151 -170 206 247 -120 89 113 236 -83 -28 54 -238 29 228 -123 33 -196 -50 235 -177 121 -49 26 8 225 75 67 -39 -113 210 150 -229 -92 -178 -67 163 107 41 241 -141 224 -169 -35 -8 62 46 161 -172 -76 -86 23 34 -108 134 222 -157 -52 162 -156 229 100 57 109 -117 110 -140 -233 175 122 -31 126 -237 -59 192 30 246 212 213 64 -182 -186 129 -30 -201 20 -183 -240 123 56 -239 -44 -242 -236 227 157 -129 169 -78 -100 209 -250 -42 -247 -118 -128 76 -91 195 245 52 -48 232 120 -14 214 149 -127 -27 72 -41 -85 32 -159 178 191 151 132 171 200 -219 -165 174 194 85 -96 197 237 -40 -154 170 -243 -185 -37 -136 44 -5 98 181 111 187 152 -79 220 80 177 103 -244 -213 -134 -189 6 -224 -105 226 -34 249 -166 -101 49 205 -162 160 -187 -145 0 18 -209 59 -195 -56 231 -70 180 185 91 137 -65 84 -152 -33 -202 5 -73 215 125 -248 55 -208 -158 -241 127 -111 63 96 -234 4 -46 40 -160 -207 135 -71 -94 -230 201 -82 95 -190 -24 36 19 124 69 -18 50 13 -66 -115 193 -29 90 -232 159 -55 -63 -150 12 105 186 -38 -214 45 47 42 106 -193 167 -12 139 143 82 77 -180 73 -80 -122 136 -194 156 202 39 244 88 -203 172 -249 144 -81 -220 242 -171 97 146 133 -60 154 221 217 -163 -192 -43 -99 145 66 -206 -143 -168 179 -164 2 -245 
TEST 189 ARG:-34 68 -118 187 -180 -103 -79 139 247 -76 -192 107 -60 -63 30 -96 -151 -58 100 40 226 222 153 -139 -209 61 -141 23 110 -130 -215 -176 1 171 -84 172 128 -94 -204 49 -145 -169 79 112 -70 -135 143 182 244 115 -28 -210 -228 -159 -12 -22 -87 207 129 212 -179 125 -80 206 -242 -160 232 -61 -231 105 -158 32 -128 214 203 -9 -105 -236 -124 127 99 -156 192 190 -98 240 -196 -230 -237 71 209 229 227 168 57 28 69 233 -163 27 -189 155 50 -90 189 -93 -188 -166 121 76 -161 218 -134 -147 95 81 -2 -49 52 175 -148 -143 -8 47 21 -114 217 242 -20 183 -182 -25 -100 198 58 131 160 202 -207 15 83 -3 -227 -77 132 -202 62 234 -150 -85 -15 66 -17 135 45 -129 48 134 -127 80 249 -229 33 -38 108 94 89 161 -195 -26 -99 -175 -184 159 -221 -89 -50 144 -62 177 230 104 29 -198 -56 -112 116 -74 14 -245 225 241 67 -68 8 140 -107 73 -190 -19 -16 26 -7 239 -239 10 -29 151 42 -73 113 -5 -111 231 246 59 -167 -104 54 87 86 -72 -186 169 188 181 -27 138 -35 243 38 92 111 223 -144 -55 -224 170 -122 36 -120 -11 -131 -57 -46 178 156 114 -42 210 -205 75 82 -32 77 -44 97 -92 -71 -136 147 196 -223 51 -216 -75 -54 -142 5 -155 185 4 213 -31 245 -146 -149 200 -18 -194 162 25 72 -64 -247 -91 -108 -121 224 70 96 120 -125 -199 -235 -6 -187 208 24 16 -117 154 -168 -213 7 -65 -52 35 238 -102 126 37 220 237 85 165 -162 6 146 34 -53 -21 -33 84 211 78 103 12 -101 -248 -78 -126 158 -116 18 -24 -4 167 -140 88 -211 248 -23 -243 20 -193 74 -241 11 191 -41 215 219 -197 93 44 -106 -238 56 -69 -220 142 -157 -119 117 -10 55 193 141 -170 152 31 -206 -214 194 -218 -39 53 -173 -191 176 201 -59 -40 -67 -13 195 197 63 164 22 -36 -43 -183 -164 -240 106 -153 137 184 122 -217 -1 -83 -48 -113 166 -226 150 123 0 -115 -82 109 148 -123 221 145 90 -250 228 136 -185 2 -203 124 60 19 64 -172 -51 -47 101 -233 -86 -66 179 -200 -232 163 17 -219 157 91 -249 -154 173 130 -138 -88 186 3 235 -109 -222 -14 -171 133 236 118 205 41 -152 174 39 -178 -201 65 -132 -110 -37 149 43 -45 9 216 119 -181 -97 -137 199 -174 98 -95 -212 -234 -244 -133 -177 102 -30 -81 -225 -246 46 180 -165 204 13 -208 
TEST 190 ARG:26 -129 -54 7 -179 228 -91 -101 31 147 -104 -204 249 -213 116 178 243 -66 111 -112 -84 -40 -29 63 189 130 238 -249 -205 -115 -191 -216 -90 4 -136 124 53 38 -141 208 -59 207 137 40 198 -157 -1 -65 -221 133 -144 109 -118 227 108 192 79 -223 -46 -236 -193 -153 247 -241 -77 81 -53 -154 -10 138 205 56 112 157 96 187 100 230 33 -132 156 -22 -64 34 1 -119 126 23 204 121 -229 239 98 -234 12 -245 16 -49 225 -199 88 -109 245 8 -12 182 151 -71 87 -186 -211 -123 209 -171 -79 -81 -17 235 6 -197 246 175 -187 115 201 75 -162 -88 71 191 -220 -18 64 -189 -195 67 -163 -93 166 120 190 -45 -202 3 150 -169 218 125 -8 -16 72 213 -13 219 172 -75 236 -167 -231 -95 -181 142 -175 -174 39 -146 -246 215 -114 -19 -62 220 -36 -37 -11 54 -82 -147 -61 223 -131 -44 -47 61 -74 -159 -212 -240 -194 195 -198 188 106 42 155 95 234 15 153 -21 -148 -222 20 144 -108 97 59 176 197 -170 27 136 -215 29 30 -85 -9 149 -99 37 -250 -60 -228 -89 -80 194 199 -57 131 -244 -230 -183 28 231 62 140 -63 -247 119 212 -233 85 -224 105 18 -96 84 -127 -200 -164 -56 -243 171 -192 14 233 160 -31 -51 -156 141 -172 -110 179 9 229 206 -98 174 127 89 2 -184 110 -38 164 -58 226 93 -76 47 86 152 -15 -166 -130 49 -4 -67 242 -121 186 122 -102 -227 -25 11 181 -69 222 55 -248 51 -120 35 -150 170 -111 99 -203 -14 45 145 41 -137 74 92 167 244 -235 43 -6 -28 180 -27 -226 -178 76 113 24 -207 -94 132 -155 240 217 -190 73 -124 -41 -52 185 91 -86 78 58 -168 -133 -161 129 101 -165 -160 128 -34 173 -151 214 248 123 148 -107 -87 -35 134 -42 135 -23 -24 32 -43 83 193 -225 -232 177 -55 -20 -185 -48 17 -100 221 104 -145 94 -92 -70 -113 -33 -50 -117 82 168 -116 196 -134 -196 -126 -125 103 163 -242 -5 65 -26 -103 57 -238 -239 -2 146 70 -143 -135 68 -122 159 158 232 154 -140 -208 -78 202 210 21 13 10 -7 -217 -68 77 224 143 200 107 -209 -206 52 -158 48 -149 241 25 -73 -201 -83 -176 -105 46 -214 183 161 139 -32 169 211 -106 5 162 -173 165 50 -97 -210 -139 -128 203 36 22 -3 -177 184 102 -180 80 -142 237 -182 117 -188 -72 66 216 -219 -237 19 44 118 90 -218 60 -138 114 -152 0 69 -39 -30 
TEST 191 ARG:83 -106 -95 -249 -69 -183 -51 -232 -60 145 -96 -28 -196 235 191 63 207 -39 -29 -187 -72 -212 69 120 94 36 221 208 -161 166 -141 65 -48 -31 -223 -163 -89 -178 -143 -218 5 1 -99 -57 -27 148 227 -128 136 214 -179 -14 109 19 -192 249 211 -216 -240 -85 179 15 -233 -184 142 215 -80 -152 97 156 81 -244 -90 -226 154 -208 205 203 -81 -2 45 21 -68 -18 -180 236 -49 -94 -58 61 170 53 37 -165 110 152 -238 28 85 -117 231 72 -13 -198 -137 8 105 -15 212 -105 -215 -74 181 -47 -228 164 -133 -199 114 122 -126 -41 -186 -219 67 -136 -221 -189 -239 127 220 -147 204 13 78 139 98 137 160 -92 66 188 42 -56 58 133 -181 2 -79 -24 216 93 -206 151 4 -19 -195 -26 -78 -248 -75 143 186 77 201 -140 131 -42 -82 50 86 -109 162 185 -231 171 189 217 -134 -172 210 -118 163 -122 -250 -237 -76 -209 -169 -107 -156 129 -230 -227 219 -115 59 135 -132 32 147 22 80 144 41 -148 -210 -194 -176 108 -121 125 -125 -241 -151 -211 153 -104 74 -131 95 238 198 226 57 -167 25 116 89 -77 -37 -45 73 9 239 104 193 -86 -30 184 -124 245 24 -171 -145 -127 -247 -202 39 -139 165 101 -35 -242 -110 -20 -158 12 -112 132 -91 174 -193 14 0 46 54 92 173 -150 -149 -36 124 -6 -135 -46 70 82 140 177 -236 241 224 -59 -162 -88 90 -245 -170 -111 228 -87 44 150 -50 -201 -101 206 107 -100 194 102 64 180 29 56 -7 146 -119 62 223 196 159 167 157 -197 -224 172 246 195 -142 -190 99 -53 10 -64 111 -5 -138 192 91 16 233 -55 26 -203 202 20 -225 175 -40 247 112 43 209 -23 119 168 -191 -155 -43 52 -234 -73 -213 30 118 -61 -185 -97 -153 -222 -3 31 113 -220 -98 -116 17 11 225 149 117 -217 47 48 169 -62 178 121 -70 218 128 -93 -65 -8 244 234 -166 -205 -66 68 -164 -34 -146 -182 -17 -243 -120 33 -25 38 -21 -113 -235 60 -177 -200 -123 123 -154 115 183 -130 96 75 -204 18 213 199 6 -114 100 103 -207 -108 -71 34 -175 -33 -10 -22 -11 -16 -159 200 -157 -129 7 76 -173 -103 87 27 130 -54 55 106 242 248 3 176 88 -168 49 -246 141 -1 190 71 -160 51 158 40 138 -38 230 187 -229 222 -102 126 243 161 -67 -84 -188 134 240 -4 -214 79 182 -174 -52 237 232 -44 -32 -144 35 -83 155 -9 84 -12 197 -63 23 229 
TEST 192 ARG:175 -169 96 -107 100 11 -199 10 242 -45 -122 181 -228 -117 -95 92 219 -47 192 -201 14 -94 205 152 -217 86 -58 -139 -82 58 -167 -55 147 27 -76 -150 -174 -71 54 216 -65 66 -135 -160 60 15 -223 178 221 19 -210 37 -133 -118 213 80 158 67 -125 -78 -230 212 82 101 237 -18 -77 26 29 -249 111 -15 -31 -100 128 16 -119 243 199 -123 61 17 102 -33 163 -145 138 -206 -53 -146 72 -60 185 166 95 -215 -159 -1 -151 -44 140 112 -21 244 39 -30 93 208 130 -72 156 51 -42 249 -103 -235 177 3 -194 193 -80 -108 148 -172 196 -3 161 120 -214 -66 48 52 129 240 116 238 -190 226 126 -40 115 -101 -184 114 -182 -142 118 -32 222 217 -132 -222 -186 -134 -175 107 42 -20 143 -152 75 -237 9 -36 -193 -87 121 184 -177 229 -126 144 57 191 -83 -204 233 -143 -110 38 64 133 -52 -109 -179 117 35 55 179 -41 245 94 89 230 151 -105 -141 -225 -37 -242 98 73 -247 -231 164 -202 -39 -224 -73 -24 -129 -8 18 -209 106 47 7 -11 70 -89 108 -116 176 -198 -124 -70 -173 -90 124 189 -2 -4 173 -248 0 146 53 160 -50 234 159 -85 -114 -112 -59 21 -75 134 218 56 8 -170 -239 22 -67 -46 -226 -138 84 59 -181 235 -171 -158 139 -54 -149 231 -157 -92 -216 -238 -128 -211 -57 41 -14 -91 -137 -183 -74 110 149 132 -81 180 36 -48 -120 88 -22 62 -28 79 -191 -23 190 -234 -192 247 123 -236 20 43 -68 241 182 33 142 187 -229 -5 -43 214 -51 2 -63 232 -56 -19 -178 -16 -195 209 225 -6 -147 24 49 -131 -155 223 170 -243 97 137 162 -227 174 195 -27 105 -197 200 -213 -161 -187 150 -185 13 81 -130 -189 154 -188 -220 -203 220 201 68 135 45 168 -219 210 122 113 197 -113 -69 186 71 -62 -136 -13 165 -232 1 91 65 99 -12 4 215 -140 69 183 -244 239 44 -163 -165 34 -127 -115 -25 46 -102 -35 -86 -166 -156 83 31 40 -164 50 188 -26 -207 -233 28 224 -97 -121 103 -38 -153 90 207 -200 76 246 119 12 -7 -196 -96 204 32 -17 -29 169 -246 171 30 6 202 -154 -34 87 63 104 157 203 78 -162 227 109 211 -79 -221 248 -205 -180 77 -111 -176 -168 153 -93 155 -9 5 206 -98 -240 -218 -106 -99 -84 23 -88 -250 136 -241 127 -49 145 74 -104 -148 228 131 141 25 167 -208 -10 125 236 -245 -61 194 198 172 -64 85 -212 -144 
TEST 193 ARG:-224 -214 13 187 -93 171 75 121 -218 243 -152 -147 248 -13 -118 -25 -109 182 -52 118 204 -184 -209 -73 -145 150 206 -203 73 37 -84 132 91 59 -136 -172 -233 33 -216 -148 240 249 236 -222 116 -53 237 55 41 139 217 -221 23 122 188 90 0 -15 97 140 53 69 -48 -34 -182 197 19 114 -23 -128 27 230 148 234 155 -149 115 201 166 -165 -211 168 -250 96 -99 -61 -174 161 172 89 176 -139 99 -153 64 112 -125 -78 -26 -181 -62 -178 -81 -159 137 44 57 245 -237 -223 -94 29 126 -47 105 130 42 61 235 136 -120 -44 -229 149 -150 -108 224 179 -70 67 -110 135 207 202 158 -92 163 -66 -10 104 152 -204 -86 34 -8 6 18 58 183 218 -142 -201 228 36 35 138 -238 239 -35 -210 211 -28 94 141 28 -89 -42 10 11 -188 32 223 -195 -1 -12 226 181 -106 12 -156 174 70 -51 -67 143 -14 186 86 125 -164 20 209 241 -121 -135 -21 -146 212 -177 39 26 -59 -54 169 144 -76 -225 -32 191 54 51 -101 160 -82 208 -244 -31 153 170 -173 -129 24 101 82 -180 165 78 -196 -33 -131 -144 -242 56 -45 -9 -96 238 8 68 -191 227 5 -206 -187 -103 221 107 244 -190 195 189 -232 198 -39 92 -230 -40 -16 -245 162 -137 184 -72 50 -127 117 -104 -246 157 -79 -30 -197 -243 145 120 -205 -58 103 -29 -249 7 -77 -112 -105 213 -41 -200 -37 -90 25 -158 175 -56 -88 -192 154 -126 -87 -115 102 -239 124 30 -69 87 81 -7 83 -100 113 -27 129 -161 -154 79 -55 -85 -240 -65 123 -199 3 131 -140 84 -2 199 -130 72 77 232 164 109 -198 194 47 156 -247 -114 -151 -3 167 -102 17 -235 80 242 -143 185 76 -71 246 -226 -134 225 -60 -183 -74 222 1 49 219 -49 -219 -64 -132 -57 -186 66 190 -236 216 -193 -24 -185 200 133 127 119 -107 -18 -91 -189 85 -157 14 203 -111 9 71 233 180 -155 100 98 -117 21 -167 205 74 -123 111 -119 -46 -22 128 48 -17 -50 -160 -43 -179 -38 142 -227 -116 -6 215 -141 -231 16 4 -202 220 2 52 214 159 -213 110 -95 -83 -212 -228 -207 192 -11 134 231 -138 93 -208 -19 106 -169 -170 -20 -113 -163 43 178 193 -124 108 -133 -4 -5 22 -166 40 -68 -162 147 15 -215 196 60 -234 63 -98 -176 -36 -217 62 146 -241 -97 88 31 -75 -220 38 -122 45 65 229 -168 -175 46 151 247 -248 -171 -80 -194 210 95 177 173 -63 
TEST 194 ARG:148 -203 -233 61 79 69 -136 -237 -220 131 170 -1 211 -146 -65 230 -130 1 202 8 -218 99 -98 -141 36 -229 -39 115 -168 122 -247 -102 -28 -192 -133 228 86 51 147 -77 -30 -171 232 137 140 123 129 22 161 -27 64 -227 -187 25 -62 -131 124 144 89 60 -179 -56 -123 174 -6 44 105 -50 -199 207 -59 -124 234 -186 134 -222 224 133 -117 72 110 -184 113 -81 111 156 150 -132 14 26 34 -174 152 -169 -198 -201 -17 -128 57 -206 -154 195 6 56 -111 189 -245 -34 -242 -181 93 -38 -197 162 -250 -144 -99 149 84 -165 151 169 101 205 179 -134 -109 219 239 -89 -75 243 173 -119 -72 248 229 -164 172 -92 -93 41 127 -55 -234 181 -115 94 -121 92 -85 -225 -113 3 73 10 -36 -173 -69 119 103 194 -157 209 16 39 -239 -64 176 -167 -219 20 38 -19 238 -150 -76 -120 199 235 5 -190 -9 193 222 -104 -63 -83 -44 58 -41 138 164 -183 214 76 90 -152 206 142 198 -156 203 -29 -91 196 -116 2 -71 81 -153 -216 225 186 -57 249 -23 240 -180 171 83 33 -94 -244 50 177 -240 -129 -176 19 65 -163 -68 77 -231 167 -135 -25 -226 -52 -82 67 71 -7 -161 7 -196 -4 -162 -200 -88 166 -178 -172 -45 -10 -243 -105 145 54 4 96 -49 -210 175 236 -90 -100 200 212 -87 128 40 241 -230 102 -2 -170 213 66 245 120 70 108 -195 -204 -221 55 -11 -191 231 75 -160 18 -73 135 -110 15 -66 -33 -205 35 49 63 -140 -145 157 -95 42 -149 -185 247 114 223 -97 139 -202 -8 -118 -126 126 -101 121 180 -228 -31 -207 -194 -107 -182 -208 -138 106 125 -209 210 24 47 116 118 -175 109 -24 158 59 82 -79 -67 -53 242 -159 32 -212 237 -213 215 159 -223 -108 165 143 48 -70 -214 216 -103 -80 187 80 104 -58 95 184 204 12 -42 160 74 163 -86 130 227 185 -40 -3 -139 68 -217 28 -215 182 -148 -122 -54 191 -249 -60 -147 -236 -193 112 168 85 -32 -114 -241 -43 91 -158 -20 46 -35 153 -51 -106 218 98 11 100 246 9 -125 43 178 -61 52 -18 -21 -151 -232 -155 13 -235 154 188 45 146 220 17 87 53 155 -189 190 -48 -14 -74 208 136 -143 -5 30 217 78 -224 -127 0 -211 -96 -46 107 -12 29 -137 -47 192 233 37 -26 -248 183 -78 27 141 -16 -84 201 244 226 -166 -15 -142 97 31 21 23 -13 62 132 -112 -22 -238 -188 -37 221 -246 117 -177 88 197 
TEST 195 ARG:-141 -178 -109 -164 -220 23 97 -207 -166 2 -115 176 -204 228 181 -88 121 212 -57 -20 -106 143 128 -54 -250 105 235 77 163 136 25 204 89 20 -177 37 205 -235 -129 21 -19 161 57 135 -43 116 -196 217 -110 -40 -93 -104 146 -15 63 -228 191 -230 -169 52 -162 -56 -219 35 247 -151 103 -30 104 -216 -101 117 112 114 -86 232 -189 -1 -68 -179 -180 122 -182 168 175 -121 120 -165 129 -132 210 223 -210 185 240 -153 231 -173 41 194 -29 36 51 222 66 -167 -190 147 -248 -48 -144 189 -147 -175 -100 -137 -95 53 -206 -99 192 -238 67 207 115 -172 -214 111 61 219 -98 -193 234 -192 -28 -157 10 177 -125 -184 -145 84 171 107 179 -23 -76 -163 -160 1 198 95 -161 -143 -246 -138 -89 238 -197 -191 199 113 -117 -32 -122 201 -245 -9 -27 40 218 130 94 132 -17 -244 -231 -234 -47 -108 -25 102 -140 88 -26 -194 -64 196 9 -171 249 -65 -223 -102 -225 46 -227 172 42 244 137 -67 162 216 14 224 11 3 220 203 -126 -183 -215 101 119 183 74 -249 -36 187 158 -37 -188 211 -149 -38 -13 -18 -135 -90 166 -242 64 170 -211 213 -208 156 -139 -209 -41 -71 29 -69 18 184 -45 -107 -50 -58 31 134 8 60 164 -222 65 -51 145 -83 -3 43 86 19 109 226 12 -78 -61 -10 15 -44 72 -232 34 22 -127 -131 58 92 -123 -195 -12 -155 26 131 -224 -187 30 -128 -233 -39 -176 -205 96 -134 214 7 38 -150 -146 28 206 125 151 221 -118 -55 -73 -133 39 71 -62 83 -237 0 -198 153 174 -49 -236 -8 229 195 208 -112 246 -203 -158 248 149 44 -24 62 -212 -63 -97 98 138 69 148 -70 139 -170 -103 -81 87 126 123 -16 100 79 73 -75 -199 236 -80 243 108 144 -66 237 -31 90 -14 -34 -241 -92 152 165 233 91 -35 -226 160 -7 -185 186 -5 182 -221 33 150 140 155 70 118 50 -2 56 -202 -239 -124 169 -60 -159 68 -217 -116 -181 -6 -42 -84 99 190 81 48 -96 -136 16 133 -201 27 47 6 -72 141 245 225 59 106 209 -120 -152 -85 85 -82 239 188 54 45 230 55 49 242 -111 -94 -87 127 -52 17 -79 82 -91 -33 200 13 -168 -213 -156 -186 -105 157 -53 -154 173 -142 -21 32 -46 178 -119 76 227 -114 124 -22 -130 -243 -240 -74 -4 -200 142 4 -218 -113 202 241 167 154 75 -11 159 80 -59 24 193 -247 78 215 5 180 -174 197 -148 110 -77 -229 93 
TEST 196 ARG:172 -75 234 90 167 81 -206 119 -127 -204 -137 -8 -241 113 -51 179 -167 -215 177 100 32 -134 -142 -36 -242 118 160 -32 94 53 112 -43 -200 -226 212 -182 -20 -196 121 -96 -118 35 147 -77 -37 -180 156 -191 22 239 211 -178 178 -156 102 -143 219 -219 232 -57 -92 -121 109 85 19 105 -46 42 76 -155 151 28 -164 -1 -72 -247 204 -27 -116 -63 -211 -56 -47 17 -243 184 0 -84 -149 73 25 -248 16 -86 -199 -69 -100 -104 -132 65 77 -177 222 206 -82 -183 -15 29 -212 -68 180 -194 -35 -126 -53 52 -38 139 101 148 189 -197 -225 88 245 -34 132 144 115 74 -24 54 72 11 193 -102 -145 217 44 149 -159 210 -4 176 -214 -26 -94 243 -101 -114 241 116 197 136 -144 207 -201 24 246 173 -172 -115 120 -17 -31 -65 -99 -131 -60 26 -45 -70 -83 37 145 162 218 -74 228 126 240 131 -97 166 -227 205 -103 -218 -213 -163 -228 -125 40 143 -222 111 34 110 56 18 86 -52 12 158 97 230 93 -176 -207 64 -19 186 223 -41 -30 -89 -160 107 -150 125 -170 -239 161 -175 -185 -23 -195 -79 -18 196 -135 -168 146 -76 -161 -59 183 -233 -49 114 27 68 -98 187 -3 -138 188 -50 -209 129 168 -162 -221 -106 -154 49 61 103 -107 104 -193 -224 235 224 -229 191 -11 185 231 175 236 6 153 -117 89 13 78 87 -187 247 -220 84 242 -9 -250 135 67 106 195 -208 50 -16 -64 216 63 -113 152 201 -88 -171 -91 46 -146 -95 -244 -33 194 -234 55 -189 -129 -10 192 -181 -147 -112 30 -13 237 -124 45 198 170 -198 21 220 154 -136 14 33 5 75 -130 -73 98 124 -28 -238 -139 9 127 128 8 -22 -111 -236 -48 214 -133 -25 99 159 233 209 83 41 169 137 229 -153 117 225 -66 -152 227 -157 -173 79 199 122 142 108 155 -78 200 10 -71 47 51 -232 38 244 20 96 238 -80 134 150 157 -217 -231 -58 -190 -205 213 -192 202 -122 123 -216 171 -174 130 59 4 221 66 -62 -151 -61 203 -87 62 -169 174 -237 181 15 -5 -105 -202 -12 70 91 2 190 92 48 69 163 -210 -67 71 -188 -40 140 -21 141 249 215 60 -123 -235 58 3 -119 -120 43 133 -85 -140 -128 1 138 82 95 -230 -29 -179 -203 7 -166 -249 -158 -148 -55 -165 36 164 -240 -6 -108 226 -44 80 -14 -90 -184 31 -81 23 -109 -110 -245 248 -7 208 39 165 182 57 -54 -42 -93 -39 -2 -246 -141 -186 -223 
TEST 197 ARG:-188 -162 242 157 113 189 -222 222 -135 -3 -240 127 31 -194 57 -209 146 99 -40 -56 -157 71 -219 143 -18 199 123 -108 -85 201 60 107 237 -2 183 130 120 -185 223 85 -204 -15 -243 53 -99 -36 9 -123 -48 6 -136 32 -19 177 -140 169 98 238 105 -102 -229 -235 135 162 213 91 -116 30 138 211 97 -178 -104 -110 74 1 156 165 -98 -1 40 -150 -217 62 217 -63 -126 121 -202 224 -4 -105 -187 -192 -214 -146 -131 70 -57 -20 178 28 -142 -216 230 -92 52 205 190 -228 166 17 153 204 218 187 -198 29 26 144 59 27 -45 -46 106 -58 186 -21 102 245 112 -28 -75 39 208 164 -182 -208 -152 170 -148 81 -171 -245 -10 -30 58 -37 -234 -69 -120 117 -80 67 232 -90 45 13 239 229 101 -33 43 -239 243 -79 152 -94 -67 -96 -132 196 -13 93 -53 54 -27 15 145 -68 249 -193 131 -163 -168 2 -73 -115 234 64 235 65 -34 150 90 37 -177 -170 10 233 -169 47 34 -196 -25 69 -47 35 -31 -247 -206 -191 -164 -51 240 -143 -106 -44 149 86 -14 -87 -215 -212 -223 125 174 -91 168 151 -71 -35 124 207 171 -224 -117 -232 -154 115 148 247 -119 72 -12 83 18 -231 167 -201 -5 246 188 103 -81 -50 108 -195 79 -78 132 137 -59 122 -149 -32 76 -250 -64 44 -160 23 -82 134 -213 219 -74 4 49 51 142 3 228 12 210 192 172 66 118 202 77 84 -190 136 197 25 -207 215 -112 220 -159 -167 -199 -49 221 129 119 139 -70 191 -76 68 87 159 -225 -72 -89 226 -127 73 8 -6 209 -249 -180 241 160 5 244 -134 -233 -62 -97 -174 95 -153 -65 -86 -230 -166 33 88 -29 92 -141 -17 236 -158 -11 216 198 -220 155 -155 -218 89 110 116 -24 104 -54 50 -107 -61 158 61 195 -128 96 225 -197 173 -211 75 -130 -113 -165 248 -22 -100 22 133 -147 -125 -23 -221 147 -172 -226 -101 231 78 -139 -246 -103 214 -93 -118 -122 -241 182 41 175 128 -43 126 -111 20 114 181 -205 -66 -242 -244 -210 -41 -38 100 -237 -200 36 -39 -60 -124 11 -179 21 176 14 94 111 141 -83 -227 -145 203 206 -203 -114 -16 -238 63 16 161 -161 38 24 -8 80 -55 185 -121 -186 163 -176 -9 179 180 0 -77 -88 42 -248 -133 154 -138 -144 184 -181 7 -137 -189 -236 56 -173 194 -42 -183 48 19 212 -26 -129 -95 200 -84 140 193 -52 109 -151 -7 -184 46 82 -109 -175 55 227 -156 
TEST 198 ARG:149 67 -105 -204 -135 87 225 115 -111 235 10 249 -73 -17 -46 -221 -57 -175 180 241 -110 164 -96 198 -166 143 112 -170 131 -101 -116 -156 210 -148 100 36 231 -243 148 184 -35 -213 -192 -126 -24 -37 -89 8 -187 43 -133 192 -211 7 -248 -99 99 -125 74 -209 75 59 -236 -142 84 17 157 51 132 151 -146 -103 134 77 -79 218 44 -94 106 133 78 -167 -28 -74 -68 -83 181 -12 178 220 158 -230 -106 -181 -81 -185 12 171 -32 -138 -87 -212 -141 208 -134 -145 -128 -217 186 -92 155 101 6 -80 -45 -227 105 182 47 20 0 -172 55 -51 -151 141 -6 -3 -193 127 97 -40 -147 152 -41 122 145 14 -113 237 -199 173 -38 125 -131 196 193 -224 138 -162 212 -10 68 191 -13 -233 116 15 -22 86 93 245 89 -214 53 -118 79 -201 19 41 146 -154 160 -67 96 174 -220 58 104 30 -143 82 32 217 190 -62 -225 -84 117 81 177 156 120 188 240 -42 -23 -119 25 -150 -19 123 -66 60 27 -202 31 -235 -122 -237 -140 -171 -238 111 -61 139 -109 -228 -78 107 -4 -63 -82 183 11 -25 161 -239 50 -205 -157 -178 35 223 124 170 -207 -112 21 -183 199 -144 85 -137 -100 -196 -206 168 -203 200 -153 73 -190 -200 -136 142 135 209 -16 195 -208 -184 13 -56 -53 -21 57 -222 -179 -139 165 -244 136 230 -104 118 -9 26 176 204 -1 -177 -18 128 206 -65 38 172 -59 227 40 -91 -107 -168 72 197 54 -76 234 -219 49 248 -247 -20 229 -34 162 -27 216 -77 -250 211 -55 228 -129 65 -117 -182 -121 238 -48 -2 -169 119 224 205 -124 -50 -5 5 34 98 201 -71 130 -123 189 -115 187 -98 42 -69 -149 -7 246 62 -15 215 -216 -72 243 -189 -210 137 -223 -155 150 147 -58 -164 169 -198 -47 -234 153 -240 48 175 -33 242 -127 236 16 23 239 114 -191 -176 202 70 -70 -218 3 -120 69 -246 33 221 -232 61 219 -132 233 4 144 163 83 -31 179 -188 154 88 -180 -165 226 126 167 203 109 247 -52 -163 159 95 -49 121 -186 113 1 -242 -231 66 71 129 -29 18 24 108 -130 222 -114 46 232 207 -60 -215 91 214 22 140 -197 92 90 -26 -8 -174 -249 -85 -160 52 80 110 -195 45 213 -158 29 56 244 -54 -161 -93 -245 -36 -226 185 -159 -14 -43 -152 -30 -64 194 39 -241 37 -102 -173 94 -229 102 -97 28 -44 76 -194 -39 64 -75 -95 63 -86 -88 103 -90 -108 -11 166 2 9 
TEST 199 ARG:122 -17 -230 -7 -41 -2 31 138 246 -76 13 237 22 150 -197 39 -228 -139 112 206 -150 108 -86 155 43 200 188 -101 74 -39 -31 -236 2 68 -227 154 -176 -141 -203 -145 -84 147 29 -114 -42 -211 133 104 -238 -38 -65 1 -36 -209 -200 69 -92 7 44 -78 -49 3 24 208 -102 -69 -79 -177 136 -223 6 -66 49 -111 -70 -82 -110 95 218 207 -147 86 -217 46 152 240 -195 96 30 -129 -88 224 18 144 -103 235 158 121 -248 -157 -168 -16 123 174 129 9 26 -26 71 -62 -237 -71 91 -25 -22 -164 -9 11 180 8 -117 171 -107 -244 -149 -122 117 203 193 -40 -189 42 82 124 -125 -57 20 79 90 177 -24 -43 -27 -104 -198 -137 194 -33 244 212 -89 163 -15 219 -127 210 -152 134 -222 -50 111 -118 -243 78 167 109 56 202 -14 228 -6 -20 -188 -250 -32 -97 -4 161 185 189 -126 -35 -175 233 -100 -56 165 -155 -148 54 192 -91 59 119 -201 34 75 199 211 94 -1 217 70 -61 -63 225 -83 -206 -46 -68 -52 -144 -219 181 63 -151 238 -171 223 -199 -142 52 149 220 110 -183 73 -80 -190 103 169 47 162 67 145 168 35 36 -247 214 -123 -47 135 -180 -214 -160 -105 236 37 -109 66 17 120 65 -146 245 205 32 62 4 -212 221 -51 76 -113 164 -128 -163 -108 215 23 -207 -196 -233 -138 -179 41 216 157 -193 -64 -140 -240 -10 48 230 137 72 170 98 -30 -13 131 113 159 -90 5 -99 229 139 190 27 -112 116 -235 -239 127 -158 115 101 187 130 -218 102 -182 60 -249 51 195 -161 -184 160 -154 -75 -221 83 -225 -133 -131 -169 -135 186 93 125 10 57 92 184 -87 97 99 142 -72 -96 -130 -170 -8 15 -242 -187 132 -213 -165 107 126 -37 89 -132 -208 -11 -85 -136 14 179 -19 196 213 176 -74 -53 12 85 175 -226 -153 182 -23 -58 16 239 -194 64 100 87 -55 -174 -134 -81 -34 -224 -167 226 -185 88 25 106 -29 45 143 232 -192 -67 166 80 50 -73 201 28 105 -54 118 -159 227 -143 -216 128 -162 197 53 -186 243 -106 -173 -178 -204 -166 247 77 -5 38 -202 40 204 241 249 -45 -220 19 -12 -95 -210 -21 178 21 151 209 -172 183 -124 33 81 -77 173 -181 -93 -119 -241 153 0 -116 -94 -205 191 146 61 55 140 -246 -229 231 -3 148 -215 84 -44 -120 -18 -156 156 -48 -231 58 248 114 -28 -121 -245 -191 -232 198 -59 234 172 -98 -234 -60 -115 222 242 141 
TEST 200 ARG:47 -92 -24 115 -246 -38 61 166 -250 -145 -31 23 108 -152 -161 -29 -27 182 -104 -110 -192 75 -58 -74 228 209 -141 -10 235 189 3 -211 -12 -144 128 168 -121 80 -86 90 -66 239 -142 -82 -156 48 231 154 -204 -130 97 31 164 68 -3 -77 88 191 155 148 -201 -2 -52 113 -116 137 -198 197 131 -240 -112 -139 -166 179 102 -50 -129 22 -91 -61 176 -30 -117 -113 -108 132 -109 46 11 224 39 -182 122 215 144 -118 177 16 -133 96 -20 -191 -134 -128 143 223 92 -46 -62 -232 142 -238 -72 185 -189 -239 -124 -154 -215 -78 -18 116 -35 -131 167 -75 151 125 13 50 -249 198 237 120 82 199 145 -169 -73 -111 -206 12 232 -235 -186 -241 -26 201 171 229 160 72 -148 -16 -190 -60 205 74 14 -101 19 -151 219 -229 52 -105 218 -125 -181 221 35 -177 133 -193 105 -213 112 236 -147 62 200 -85 173 -64 26 77 240 -209 40 -149 -123 161 212 180 -94 -32 -214 244 -47 56 -57 238 -230 -5 -218 84 38 -227 -220 138 71 -231 -33 -243 121 -170 -199 -119 -183 -15 87 -28 188 86 109 184 -59 -212 222 -23 -136 -44 -99 208 81 -17 -248 -194 -120 79 54 187 63 55 -208 -178 170 -98 -56 230 -122 -39 172 175 -1 -205 65 42 -223 119 -216 85 -37 -89 169 126 -137 135 -187 127 15 -97 129 -71 118 4 181 153 57 -11 -67 66 -102 192 246 190 18 -173 -207 -164 106 245 107 -4 -185 217 24 -163 32 91 -200 -43 -19 41 99 -14 -9 -13 -103 193 123 73 -195 78 -175 -76 241 213 -237 136 -228 114 -70 -7 214 -146 -132 0 -45 69 -84 186 146 150 1 95 -135 234 -49 100 -36 216 -233 -81 76 -203 -83 225 -100 152 -95 -65 89 17 -140 -167 141 247 202 248 104 34 -226 -34 220 -40 -42 -157 111 -53 -138 44 -172 -127 -106 9 -197 226 6 -160 -174 -93 -150 -87 58 -41 25 -168 204 203 60 59 -68 30 2 -126 53 -8 242 70 36 178 -217 110 -69 147 -48 20 49 5 45 -63 98 249 134 -210 -202 -158 83 157 -219 -236 -21 29 195 28 37 165 174 -107 149 -165 -245 210 124 94 227 -244 -96 -90 33 163 206 64 21 103 -6 196 -22 140 51 117 -171 -176 -179 -80 -196 194 233 -159 -180 158 183 207 -79 93 27 -115 -51 -162 -55 130 -155 7 67 211 101 -114 -188 -143 -184 -25 -153 139 -54 -242 162 10 156 -88 8 -224 -225 -221 -247 43 -234 159 -222 243 
TEST 201 ARG:76 53 -10 105 -199 -8 129 -60 -51 -133 181 -107 -141 -206 -50 57 132 -170 114 -200 -168 21 -209 189 -48 -15 -39 -149 -143 -243 -250 -93 -145 -45 153 134 -80 -76 117 184 -70 -69 -235 -111 109 -119 -13 167 155 -4 -230 -6 -247 116 11 -37 101 248 -160 175 -105 143 -1 190 -94 222 197 -41 236 141 -77 -127 -245 -12 12 205 122 -7 126 152 177 124 243 173 -154 -173 -130 149 14 133 -47 -138 33 27 -20 -207 -189 -131 -61 174 135 -49 102 -26 -241 -102 -161 -117 187 -59 46 211 -137 106 235 -166 -74 -129 5 -134 16 -65 0 158 165 -246 -179 212 81 63 48 -108 -66 -167 40 -96 -152 -221 -101 192 169 215 130 -223 218 -120 59 -109 115 -163 34 89 -52 238 -186 41 160 -36 -115 -35 -40 -16 -188 -181 180 6 127 97 146 -19 72 -124 28 -81 -112 49 186 -234 -212 239 -86 213 37 125 71 58 -123 -78 -153 -219 -239 244 -214 -156 -121 154 25 85 36 -53 73 -83 56 -198 -220 98 140 203 -58 -122 44 92 80 120 -237 -240 112 17 -140 -2 214 137 -38 -42 -194 -165 128 185 -29 156 -213 -175 -147 18 43 162 62 -125 -210 90 -56 230 2 210 -190 -228 111 123 67 -182 35 79 -104 240 195 172 -113 -132 -44 -14 -202 139 157 163 1 -192 26 -148 -55 -106 231 86 55 4 -225 -24 -162 -164 -72 29 -25 182 13 -95 -155 -215 -187 193 245 -146 39 -204 -114 198 -30 -34 225 15 -110 -73 -242 -97 -180 100 -116 -64 -79 199 147 -193 -222 209 183 77 -98 -136 188 19 -176 -90 -233 54 70 201 -150 237 64 -118 168 -135 -21 84 61 249 93 65 -57 -54 -28 91 -126 -157 22 -238 242 170 176 42 144 -63 -17 241 220 148 -232 -67 -71 -33 138 -89 -31 66 82 -211 -172 226 68 -9 -103 -248 110 223 -88 -144 -91 -218 -184 -185 -128 31 -99 107 108 -216 217 30 38 -224 -85 -169 -231 -18 228 88 7 -196 -208 47 113 94 145 206 232 -244 -205 166 24 -43 51 -171 118 -236 104 150 3 224 -68 -23 142 20 -178 246 200 179 9 -203 202 -92 151 -229 103 227 50 87 -142 -100 99 136 8 164 -217 221 69 208 -32 60 -191 -27 -82 -158 219 229 -183 131 -46 196 159 121 119 52 96 -5 -22 -249 -195 216 204 171 -75 207 -159 -174 191 -201 234 95 -151 -197 233 161 75 83 78 194 -87 -84 -177 -3 -139 23 -227 178 32 -226 45 -62 -11 74 10 247 
All size test
OK
